price,bedroom,bathroom,area(sqft),country,city,address,propert_type,purpose,furnishing,completion_status,handover,project_name
1800000.0,3.0,4.0,1208.0, UAE, Dubai, DAMAC Hills 2 (Akoya by DAMAC),Townhouse,Sale,Unfurnished,Off-Plan,Q2 2025,Camelia Villas
325000.0,2.0,1.0,483.0, UAE, Dubai, International City,Apartment,Sale,Unfurnished,Ready,Q2 2025,Camelia Villas
470000.0,2.0,1.0,428.0, UAE, Dubai, Arjan,Apartment,Sale,Furnished,Ready,Q2 2025,Camelia Villas
1120000.0,1.0,1.0,706.0, UAE, Dubai, Dubai South,Apartment,Sale,Unfurnished,Off-Plan,Q3 2029,Camelia Villas
2127888.0,2.0,2.0,1149.0, UAE, Dubai, Dubai South,Apartment,Sale,Unfurnished,Off-Plan,Q3 2029,Camelia Villas
2452888.0,3.0,4.0,1572.0, UAE, Dubai, Dubai South,Apartment,Sale,Unfurnished,Off-Plan,Q3 2029,Camelia Villas
1740000.0,2.0,3.0,1333.0, UAE, Dubai, Jumeirah Village Circle (JVC),Apartment,Sale,Unfurnished,Off-Plan,Q4 2024,Binghatti Azure
1250000.0,1.0,2.0,1001.0, UAE, Dubai, Business Bay,Apartment,Sale,Unfurnished,Ready,Q4 2024,Scala Tower
4304444.0,3.0,4.0,1842.0, UAE, Dubai, Dubai Islands,Apartment,Sale,Furnished,Off-Plan,Q4 2026,Ocean Pearl by SD
300000.0,2.0,1.0,474.0, UAE, Dubai, International City,Apartment,Sale,Unfurnished,Ready,Q4 2026,Ocean Pearl by SD
508000.0,1.0,2.0,675.0, UAE, Dubai, Dubai Investment Park (DIP),Apartment,Sale,Unfurnished,Off-Plan,Q2 2026,Verdana Residence 2
666000.0,2.0,3.0,923.0, UAE, Dubai, Dubai Investment Park (DIP),Apartment,Sale,Unfurnished,Off-Plan,Q4 2025,Verdana Residence
1017000.0,2.0,3.0,1820.0, UAE, Dubai, Dubai Investment Park (DIP),Townhouse,Sale,Unfurnished,Off-Plan,Q4 2025,Verdana
2800000.0,2.0,2.0,1202.0, UAE, Dubai, Sobha Hartland,Apartment,Sale,Furnished,Off-Plan,Q4 2025,The Highbury
1500000.0,1.0,2.0,871.0, UAE, Dubai, Arjan,Apartment,Sale,Furnished,Off-Plan,Q2 2026,Samana Skyros
600000.0,2.0,1.0,441.0, UAE, Dubai, Jumeirah Village Circle (JVC),Apartment,Sale,Furnished,Ready,Q2 2026,Samana Skyros
855000.0,2.0,1.0,415.0, UAE, Dubai, Al Jaddaf,Apartment,Sale,Unfurnished,Off-Plan,Q1 2026,Binghatti Starlight
3608000.0,2.0,3.0,1366.0, UAE, Dubai, Business Bay,Apartment,Sale,Furnished,Off-Plan,Q4 2026,Canal Heights
660000.0,2.0,1.0,332.0, UAE, Dubai, Dubai South,Apartment,Sale,Furnished,Off-Plan,Q4 2025,AZIZI VENICE 2
4776667.0,4.0,5.0,1973.0, UAE, Dubai, Dubai Islands,Apartment,Sale,Furnished,Off-Plan,Q4 2026,Ocean Pearl by SD
1624130.0,2.0,3.0,1228.0, UAE, Dubai, Dubai Land Residence Complex,Apartment,Sale,Furnished,Off-Plan,Q4 2027,Samana Avenue
1094000.0,1.0,2.0,844.0, UAE, Dubai, Dubai Land Residence Complex,Apartment,Sale,Furnished,Off-Plan,Q3 2027,Samana Park Meadows
1476722.0,1.0,2.0,848.0, UAE, Dubai, Majan,Apartment,Sale,Furnished,Off-Plan,Q2 2027,Samana Barari Views
1000000.0,1.0,2.0,921.0, UAE, Dubai, Majan,Apartment,Sale,Furnished,Ready,Q2 2027,The 50
990900.0,1.0,2.0,714.0, UAE, Dubai, Dubai Land Residence Complex,Apartment,Sale,Furnished,Off-Plan,Q1 2027,Coventry Gardens
525000.0,2.0,1.0,490.0, UAE, Dubai, Discovery Gardens,Apartment,Sale,Furnished,Ready,Q1 2027,Coventry Gardens
2124998.0,2.0,2.0,2016.0, UAE, Dubai, Jumeirah Village Circle (JVC),Apartment,Sale,Unfurnished,Off-Plan,Q4 2025,Aurora by Binghatti
545000.0,2.0,1.0,454.0, UAE, Dubai, Dubai Sports City,Apartment,Sale,Furnished,Ready,Q4 2025,Giovanni Boutique Suites
2800000.0,1.0,2.0,1937.0, UAE, Dubai, Jumeirah Village Triangle (JVT),Townhouse,Sale,Unfurnished,Ready,Q4 2025,JVT District 3
1250000.0,1.0,2.0,977.0, UAE, Dubai, Culture Village (Jaddaf Waterfront),Apartment,Sale,Unfurnished,Ready,Q4 2025,JVT District 3
1550000.0,3.0,3.0,1944.0, UAE, Dubai, DAMAC Hills 2 (Akoya by DAMAC),Villa,Sale,Furnished,Ready,Q4 2025,Amazonia
3850000.0,2.0,3.0,1493.0, UAE, Dubai, Dubai Hills Estate,Apartment,Sale,Unfurnished,Ready,Q4 2025,Amazonia
2100000.0,1.0,2.0,908.0, UAE, Dubai, Dubai Hills Estate,Apartment,Sale,Unfurnished,Ready,Q4 2025,Amazonia
2650000.0,3.0,4.0,2200.0, UAE, Dubai, Town Square,Townhouse,Sale,Unfurnished,Ready,Q4 2025,Safi Townhouses
7200000.0,2.0,3.0,1410.0, UAE, Dubai, Jumeirah Beach Residence (JBR),Apartment,Sale,Unfurnished,Ready,Q4 2025,La Vie
2000000.0,2.0,4.0,1509.0, UAE, Dubai, Jumeirah Village Triangle (JVT),Apartment,Sale,Furnished,Ready,Q4 2025,555 PARK VIEWS
1157244.0,1.0,1.0,780.0, UAE, Dubai, Dubai Land Residence Complex,Apartment,Sale,Unfurnished,Off-Plan,Q1 2027,Milos by Karma
565000.0,1.0,2.0,649.0, UAE, Dubai, International City,Apartment,Sale,Unfurnished,Ready,Q1 2027,Milos by Karma
1900000.0,2.0,3.0,1395.0, UAE, Dubai, Jumeirah Village Triangle (JVT),Apartment,Sale,Unfurnished,Ready,Q1 2027,555 PARK VIEWS
1956000.0,4.0,3.0,2352.0, UAE, Dubai, DAMAC Hills 2 (Akoya by DAMAC),Townhouse,Sale,Unfurnished,Off-Plan,Q3 2027,Violet 4
3364888.0,3.0,4.0,2450.0, UAE, Dubai, Dubai South,Townhouse,Sale,Unfurnished,Off-Plan,Q1 2029,Violet 4
2121888.0,2.0,3.0,1097.0, UAE, Dubai, Expo City,Apartment,Sale,Unfurnished,Off-Plan,Q1 2029,Terra Heights
1526888.0,1.0,2.0,733.0, UAE, Dubai, Expo City,Apartment,Sale,Unfurnished,Off-Plan,Q1 2029,Terra Heights
770000.0,2.0,1.0,403.0, UAE, Dubai, Dubai South,Apartment,Sale,Unfurnished,Off-Plan,Q1 2029,Azizi Venice
1364297.0,1.0,2.0,1018.0, UAE, Dubai, Arjan,Apartment,Sale,Unfurnished,Off-Plan,Q3 2026,Gharbi I Residences
1200000.0,2.0,3.0,1367.0, UAE, Dubai, Dubai Sports City,Apartment,Sale,Unfurnished,Ready,Q3 2026,Profile Residence
3350000.0,5.0,6.0,3468.0, UAE, Dubai, DAMAC Lagoons,Townhouse,Sale,Unfurnished,Off-Plan,Q4 2026,Morocco
1225000.0,1.0,2.0,1042.0, UAE, Dubai, Green Community,Apartment,Sale,Furnished,Ready,Q4 2026,Morocco
1594890.0,1.0,1.0,666.0, UAE, Dubai, Ras Al Khor,Apartment,Sale,Unfurnished,Off-Plan,Q4 2026,Sobha One Tower A
14900000.0,5.0,6.0,7999.0, UAE, Dubai, Umm Suqeim,Villa,Sale,Unfurnished,Ready,Q4 2026,Umm Suqeim 3
3900000.0,3.0,4.0,3030.0, UAE, Dubai, Dubai South,Villa,Sale,Unfurnished,Off-Plan,Q4 2026,Umm Suqeim 3
33000000.0,6.0,8.0,12887.0, UAE, Dubai, Tilal Al Ghaf,Villa,Sale,Unfurnished,Off-Plan,Q4 2026,Serenity Mansions
2000000.0,2.0,3.0,1370.0, UAE, Dubai, Al Furjan,Apartment,Sale,Unfurnished,Off-Plan,Q1 2026,ZaZEN Ivy
12500000.0,5.0,6.0,9328.0, UAE, Dubai, Dubailand,Villa,Sale,Unfurnished,Off-Plan,Q4 2027,Haven by Aldar
2350000.0,1.0,1.0,704.0, UAE, Dubai, Dubai Islands,Apartment,Sale,Furnished,Off-Plan,Q2 2026,Villa del DIVOS
1999999.0,2.0,2.0,1040.0, UAE, Dubai, Jumeirah Village Circle (JVC),Apartment,Sale,Furnished,Off-Plan,Q2 2026,PRUDENTIAL TOWERS
3620888.0,3.0,3.0,2450.0, UAE, Dubai, Dubai South,Townhouse,Sale,Unfurnished,Off-Plan,Q1 2029,PRUDENTIAL TOWERS
3530888.0,3.0,3.0,2418.0, UAE, Dubai, Dubai South,Townhouse,Sale,Unfurnished,Off-Plan,Q1 2029,PRUDENTIAL TOWERS
257092.0,2.0,1.0,465.0, UAE, Dubai, Jumeirah Village Circle (JVC),Apartment,Sale,Unfurnished,Ready,Q1 2029,PRUDENTIAL TOWERS
1559000.0,2.0,1.0,404.0, UAE, Dubai, Business Bay,Apartment,Sale,Furnished,Off-Plan,Q4 2029,Bayz 102 by Danube
1700000.0,2.0,2.0,1042.0, UAE, Dubai, Dubai Science Park,Apartment,Sale,Furnished,Off-Plan,Q3 2027,Opalz by Danube
550000.0,1.0,2.0,616.0, UAE, Dubai, International City,Apartment,Sale,Unfurnished,Ready,Q3 2027,Opalz by Danube
2600000.0,4.0,3.0,2078.0, UAE, Dubai, DAMAC Lagoons,Townhouse,Sale,Unfurnished,Off-Plan,Q3 2025,Costa Brava
4950000.0,3.0,4.0,1857.0, UAE, Dubai, Dubai Hills Estate,Apartment,Sale,Unfurnished,Off-Plan,Q1 2027,Golf Grand
4650000.0,2.0,2.0,1255.0, UAE, Dubai, Downtown Dubai,Apartment,Sale,Furnished,Ready,Q1 2027,Golf Grand
2984888.0,3.0,3.0,1570.0, UAE, Dubai, Dubai South,Apartment,Sale,Unfurnished,Off-Plan,Q3 2029,Golf Grand
982664.0,3.0,2.0,1496.0, UAE, Dubai, Remraam,Apartment,Sale,Unfurnished,Ready,Q3 2029,Golf Grand
1189000.0,1.0,1.0,626.0, UAE, Dubai, Dubai Silicon Oasis (DSO),Apartment,Sale,Furnished,Off-Plan,Q3 2028,Timez By Danube
1100000.0,1.0,1.0,734.0, UAE, Dubai, Jumeirah Village Circle (JVC),Apartment,Sale,Unfurnished,Off-Plan,Q3 2028,Timez By Danube
7615888.0,3.0,3.0,3858.0, UAE, Dubai, Dubai Hills Estate,Apartment,Sale,Furnished,Off-Plan,Q3 2028,Parkwood
2700000.0,1.0,2.0,978.0, UAE, Dubai, Al Barari,Apartment,Sale,Furnished,Ready,Q3 2028,The Neighbourhood
822000.0,1.0,2.0,715.0, UAE, Dubai, Dubai Land Residence Complex,Apartment,Sale,Unfurnished,Off-Plan,Q4 2028,AG Ark Tower
854000.0,2.0,1.0,448.0, UAE, Dubai, Jumeirah Village Circle (JVC),Apartment,Sale,Unfurnished,Off-Plan,Q2 2026,Ozone1 Residence
12000000.0,5.0,6.0,10635.0, UAE, Dubai, Al Barsha,Villa,Sale,Unfurnished,Ready,Q2 2026,Al Barsha 3
1169000.0,1.0,2.0,800.0, UAE, Dubai, Jumeirah Village Circle (JVC),Apartment,Sale,Unfurnished,Off-Plan,Q3 2026,The F1fth
1499000.0,1.0,2.0,1070.0, UAE, Dubai, Jumeirah Village Triangle (JVT),Apartment,Sale,Furnished,Off-Plan,Q4 2026,Volga
2948888.0,3.0,4.0,2457.0, UAE, Dubai, The Valley by Emaar,Townhouse,Sale,Unfurnished,Off-Plan,Q3 2028,Velora 2
1610888.0,1.0,1.0,686.0, UAE, Dubai, Dubai Creek Harbour,Apartment,Sale,Unfurnished,Off-Plan,Q4 2026,Moor at Creek Beach
6360888.0,2.0,2.0,1459.0, UAE, Dubai, Dubai Harbour,Apartment,Sale,Unfurnished,Off-Plan,Q3 2029,The Bristol Emaar Beachfront
3789000.0,3.0,4.0,1980.0, UAE, Dubai, Dubailand,Apartment,Sale,Unfurnished,Off-Plan,Q3 2027,Ghaf Woods
2893888.0,3.0,3.0,1571.0, UAE, Dubai, Dubai South,Apartment,Sale,Unfurnished,Off-Plan,Q3 2029,Ghaf Woods
10380888.0,3.0,3.0,1912.0, UAE, Dubai, Dubai Harbour,Apartment,Sale,Unfurnished,Off-Plan,Q3 2029,The Bristol Emaar Beachfront
849000.0,1.0,2.0,738.0, UAE, Dubai, Dubai Land Residence Complex,Apartment,Sale,Unfurnished,Off-Plan,Q4 2028,AG Ark Tower
2890888.0,3.0,3.0,2417.0, UAE, Dubai, The Valley by Emaar,Townhouse,Sale,Unfurnished,Off-Plan,Q4 2028,Elva
3299000.0,3.0,4.0,2200.0, UAE, Dubai, Jumeirah Village Triangle (JVT),Apartment,Sale,Furnished,Off-Plan,Q4 2026,Volga
3000888.0,2.0,2.0,1285.0, UAE, Dubai, Mina Rashid,Apartment,Sale,Unfurnished,Off-Plan,Q4 2028,Porto View
15800888.0,5.0,5.0,10225.0, UAE, Dubai, The Oasis by Emaar,Villa,Sale,Unfurnished,Off-Plan,Q2 2028,Mirage The Oasis
2399000.0,2.0,3.0,1510.0, UAE, Dubai, Jumeirah Village Triangle (JVT),Apartment,Sale,Furnished,Off-Plan,Q4 2026,Volga
2100000.0,1.0,2.0,822.0, UAE, Dubai, Mina Rashid,Townhouse,Sale,Unfurnished,Off-Plan,Q4 2027,Bayline
1395000.0,2.0,3.0,1447.0, UAE, Dubai, Dubai Land Residence Complex,Apartment,Sale,Unfurnished,Off-Plan,Q4 2027,The Boulevard by Prestige One
18975000.0,6.0,10.0,7677.0, UAE, Dubai, Palm Jebel Ali,Villa,Sale,Unfurnished,Off-Plan,Q4 2027,Frond A
1496888.0,1.0,1.0,734.0, UAE, Dubai, Expo City,Apartment,Sale,Unfurnished,Off-Plan,Q1 2029,Terra Heights Building 4
1622000.0,2.0,3.0,1260.0, UAE, Dubai, Dubai Production City (IMPZ),Apartment,Sale,Unfurnished,Off-Plan,Q4 2027,Samana Lake Views 2
2772000.0,2.0,2.0,1017.0, UAE, Dubai, Al Wasl,Apartment,Sale,Unfurnished,Off-Plan,Q4 2029,Safa Gate
1800000.0,2.0,3.0,1372.0, UAE, Dubai, Al Jaddaf,Apartment,Sale,Unfurnished,Off-Plan,Q4 2029,Safa Gate
1750888.0,1.0,1.0,727.0, UAE, Dubai, Dubai Hills Estate,Apartment,Sale,Unfurnished,Off-Plan,Q4 2029,Parkwood
1091721.0,1.0,2.0,802.0, UAE, Dubai, Dubai Land Residence Complex,Apartment,Sale,Unfurnished,Off-Plan,Q3 2028,Peace Lagoons by Peace Homes
1090000.0,1.0,2.0,805.0, UAE, Dubai, Dubai Land Residence Complex,Apartment,Sale,Unfurnished,Off-Plan,Q3 2028,Peace Lagoons by Peace Homes
2399000.0,2.0,3.0,1250.0, UAE, Dubai, Dubailand,Apartment,Sale,Unfurnished,Off-Plan,Q3 2027,Ghaf Woods
858000.0,1.0,2.0,746.0, UAE, Dubai, Dubai Land Residence Complex,Apartment,Sale,Unfurnished,Off-Plan,Q4 2028,AG Ark Tower
849000.0,1.0,2.0,746.0, UAE, Dubai, Dubai Land Residence Complex,Apartment,Sale,Unfurnished,Off-Plan,Q4 2028,AG Ark Tower
15894000.0,3.0,4.0,3125.0, UAE, Dubai, Al Wasl,Apartment,Sale,Unfurnished,Off-Plan,Q4 2029,Safa Gate
825000.0,1.0,2.0,718.0, UAE, Dubai, Dubai Land Residence Complex,Apartment,Sale,Unfurnished,Off-Plan,Q4 2028,AG Ark Tower
1499000.0,1.0,2.0,850.0, UAE, Dubai, Dubailand,Apartment,Sale,Unfurnished,Off-Plan,Q3 2027,Ghaf Woods
1076598.0,1.0,1.0,746.0, UAE, Dubai, Dubai Sports City,Apartment,Sale,Furnished,Off-Plan,Q2 2027,Vega
1601423.0,2.0,2.0,1097.0, UAE, Dubai, Jumeirah Village Circle (JVC),Apartment,Sale,Furnished,Off-Plan,Q2 2027,Electra
1526730.0,1.0,1.0,885.0, UAE, Dubai, Al Furjan,Apartment,Sale,Unfurnished,Off-Plan,Q4 2027,Avenue Residence 7
1954122.0,4.0,4.0,2352.0, UAE, Dubai, DAMAC Hills 2 (Akoya by DAMAC),Townhouse,Sale,Unfurnished,Off-Plan,Q3 2027,Violet 4
2080495.0,2.0,2.0,1489.0, UAE, Dubai, Al Furjan,Apartment,Sale,Unfurnished,Off-Plan,Q4 2027,Avenue Residence 7
1416521.0,1.0,1.0,890.0, UAE, Dubai, Al Furjan,Apartment,Sale,Unfurnished,Off-Plan,Q4 2027,Avenue Residence 7
1954120.0,4.0,4.0,2352.0, UAE, Dubai, DAMAC Hills 2 (Akoya by DAMAC),Townhouse,Sale,Unfurnished,Off-Plan,Q3 2027,Violet 4
1918840.0,4.0,4.0,2352.0, UAE, Dubai, DAMAC Hills 2 (Akoya by DAMAC),Townhouse,Sale,Unfurnished,Off-Plan,Q3 2027,Violet 4
3735760.0,5.0,5.0,3324.0, UAE, Dubai, Dubailand,Townhouse,Sale,Unfurnished,Off-Plan,Q1 2028,DAMAC Sun City
3730862.0,5.0,5.0,3324.0, UAE, Dubai, Dubailand,Townhouse,Sale,Unfurnished,Off-Plan,Q1 2028,DAMAC Sun City
3730860.0,5.0,5.0,3324.0, UAE, Dubai, Dubailand,Townhouse,Sale,Unfurnished,Off-Plan,Q1 2028,DAMAC Sun City
4018000.0,1.0,1.0,1095.0, UAE, Dubai, Dubai Marina,Apartment,Sale,Furnished,Off-Plan,Q1 2028,Rove Home Dubai Marina
1590939.0,2.0,2.0,1098.0, UAE, Dubai, Jumeirah Village Circle (JVC),Apartment,Sale,Furnished,Off-Plan,Q2 2027,Electra
1270856.0,2.0,2.0,951.0, UAE, Dubai, Dubai Production City (IMPZ),Apartment,Sale,Unfurnished,Off-Plan,Q4 2025,Viera Residences
1116096.0,1.0,1.0,817.0, UAE, Dubai, Dubai Production City (IMPZ),Apartment,Sale,Unfurnished,Off-Plan,Q4 2025,Viera Residences
1060939.0,1.0,1.0,773.0, UAE, Dubai, Dubai Production City (IMPZ),Apartment,Sale,Unfurnished,Off-Plan,Q4 2025,Viera Residences
8233960.0,3.0,3.0,2105.0, UAE, Dubai, Dubai Harbour,Apartment,Sale,Unfurnished,Off-Plan,Q4 2025,DAMAC Bay 2 by Cavalli
8605380.0,3.0,3.0,2111.0, UAE, Dubai, Dubai Harbour,Apartment,Sale,Unfurnished,Off-Plan,Q4 2025,DAMAC Bay 2 by Cavalli
2200000.0,1.0,1.0,742.0, UAE, Dubai, Dubai Creek Harbour,Apartment,Sale,Unfurnished,Off-Plan,Q1 2029,Palace Residences Creek Blue
750000.0,1.0,1.0,552.0, UAE, Dubai, DAMAC Hills 2 (Akoya by DAMAC),Apartment,Sale,Unfurnished,Off-Plan,Q4 2026,ELO
1800000.0,1.0,1.0,644.0, UAE, Dubai, Dubai Creek Harbour,Apartment,Sale,Unfurnished,Ready,Q4 2026,Creek Palace
2252200.0,2.0,3.0,1280.0, UAE, Dubai, Al Satwa,Apartment,Sale,Furnished,Ready,Q4 2026,Creek Palace
750000.0,1.0,2.0,910.0, UAE, Dubai, Discovery Gardens,Apartment,Sale,Furnished,Ready,Q4 2026,Creek Palace
1279534.0,1.0,1.0,893.0, UAE, Dubai, Jumeirah Village Circle (JVC),Apartment,Sale,Furnished,Off-Plan,Q2 2027,Electra
1570000.0,2.0,1.0,549.0, UAE, Dubai, Business Bay,Apartment,Sale,Unfurnished,Ready,Q2 2027,Trillionaire Residences by Binghatti
3200000.0,3.0,4.0,1879.0, UAE, Dubai, Mudon,Townhouse,Sale,Unfurnished,Off-Plan,Q4 2025,Trillionaire Residences by Binghatti
699999.0,2.0,1.0,479.0, UAE, Dubai, Business Bay,Apartment,Sale,Unfurnished,Ready,Q4 2025,Safeer Tower 2
16999999.0,5.0,6.0,5890.0, UAE, Dubai, Arabian Ranches,Villa,Sale,Unfurnished,Ready,Q4 2025,Aseel
1330000.0,1.0,2.0,826.0, UAE, Dubai, Al Sufouh,Apartment,Sale,Unfurnished,Ready,Q4 2025,Aseel
1279710.0,1.0,1.0,893.0, UAE, Dubai, Jumeirah Village Circle (JVC),Apartment,Sale,Furnished,Off-Plan,Q2 2027,Electra
765944.0,2.0,1.0,452.0, UAE, Dubai, Jumeirah Village Circle (JVC),Apartment,Sale,Furnished,Off-Plan,Q2 2027,Electra
2920393.0,3.0,3.0,2018.0, UAE, Dubai, Al Furjan,Apartment,Sale,Unfurnished,Off-Plan,Q4 2027,Avenue Residence 7
869286.0,2.0,1.0,518.0, UAE, Dubai, Jumeirah Village Circle (JVC),Apartment,Sale,Furnished,Off-Plan,Q2 2027,Electra
2712568.0,3.0,3.0,2037.0, UAE, Dubai, Al Furjan,Apartment,Sale,Unfurnished,Off-Plan,Q4 2027,Avenue Residence 7
2101341.0,2.0,2.0,1489.0, UAE, Dubai, Al Furjan,Apartment,Sale,Unfurnished,Off-Plan,Q4 2027,Avenue Residence 7
3049777.0,3.0,5.0,2600.0, UAE, Dubai, Liwan,Apartment,Sale,Unfurnished,Off-Plan,Q2 2028,Empire Lake Views
8200000.0,3.0,3.0,2186.0, UAE, Dubai, Umm Suqeim,Apartment,Sale,Unfurnished,Off-Plan,Q2 2026,Jomana 8
5500000.0,2.0,3.0,2518.0, UAE, Dubai, Business Bay,Apartment,Sale,Unfurnished,Ready,Q2 2026,Terraces Marasi Drive
647000.0,2.0,1.0,499.0, UAE, Dubai, Business Bay,Apartment,Sale,Furnished,Ready,Q2 2026,Terraces Marasi Drive
4900000.0,2.0,3.0,2103.0, UAE, Dubai, Business Bay,Apartment,Sale,Unfurnished,Ready,Q2 2026,Terraces Marasi Drive
5200000.0,2.0,3.0,2142.0, UAE, Dubai, Business Bay,Apartment,Sale,Unfurnished,Ready,Q2 2026,Terraces Marasi Drive
4350000.0,2.0,3.0,2290.0, UAE, Dubai, Business Bay,Apartment,Sale,Unfurnished,Ready,Q2 2026,Terraces Marasi Drive
1742768.0,1.0,2.0,912.0, UAE, Dubai, Business Bay,Apartment,Sale,Unfurnished,Off-Plan,Q1 2029,Tiger Sky Tower
3300000.0,3.0,3.0,2241.0, UAE, Dubai, Arabian Ranches 3,Townhouse,Sale,Unfurnished,Ready,Q1 2029,Bliss
1950000.0,1.0,2.0,918.0, UAE, Dubai, Business Bay,Apartment,Sale,Unfurnished,Ready,Q1 2029,SOL Bay
1025000.0,1.0,2.0,689.0, UAE, Dubai, Jumeirah Village Circle (JVC),Apartment,Sale,Furnished,Ready,Q1 2029,SOL Bay
1250000.0,2.0,2.0,1310.0, UAE, Dubai, Jumeirah Village Circle (JVC),Apartment,Sale,Furnished,Ready,Q1 2029,SOL Bay
900000.0,2.0,1.0,389.0, UAE, Dubai, Jumeirah Village Circle (JVC),Apartment,Sale,Unfurnished,Ready,Q1 2029,SOL Bay
850000.0,1.0,2.0,1522.0, UAE, Dubai, Dubai Sports City,Apartment,Sale,Unfurnished,Ready,Q1 2029,Canal Residence West
700000.0,2.0,1.0,363.0, UAE, Dubai, Jumeirah Lake Towers (JLT),Apartment,Sale,Furnished,Ready,Q1 2029,Canal Residence West
4173191.0,3.0,3.0,2466.0, UAE, Dubai, Dubai Marina,Apartment,Sale,Unfurnished,Ready,Q1 2029,Marina Arcade Tower
1650000.0,1.0,2.0,830.0, UAE, Dubai, Business Bay,Apartment,Sale,Furnished,Ready,Q1 2029,Nobles Tower
975000.0,2.0,1.0,370.0, UAE, Dubai, Dubai Marina,Apartment,Sale,Unfurnished,Ready,Q1 2029,Zumurud Tower
2704455.0,1.0,2.0,1173.0, UAE, Dubai, Dubai Marina,Apartment,Sale,Unfurnished,Off-Plan,Q2 2028,Kempinski Residences Marina
1100000.0,2.0,1.0,620.0, UAE, Dubai, Jumeirah Lake Towers (JLT),Apartment,Sale,Furnished,Ready,Q2 2028,Kempinski Residences Marina
2704225.0,1.0,2.0,1174.0, UAE, Dubai, Dubai Marina,Apartment,Sale,Unfurnished,Off-Plan,Q2 2028,Kempinski Residences Marina
1629999.0,2.0,3.0,1320.0, UAE, Dubai, Jumeirah Village Circle (JVC),Apartment,Sale,Unfurnished,Ready,Q2 2028,Kempinski Residences Marina
2697533.0,1.0,2.0,1173.0, UAE, Dubai, Dubai Marina,Apartment,Sale,Unfurnished,Off-Plan,Q2 2028,Kempinski Residences Marina
880000.0,2.0,1.0,375.0, UAE, Dubai, Palm Jumeirah,Apartment,Sale,Furnished,Ready,Q2 2028,Dukes The Palm
4550000.0,3.0,4.0,2562.0, UAE, Dubai, Jebel Ali,Townhouse,Sale,Unfurnished,Off-Plan,Q4 2025,Jebel Ali Village
1866000.0,1.0,2.0,830.0, UAE, Dubai, Jumeirah Islands,Apartment,Sale,Unfurnished,Off-Plan,Q4 2028,SERENIA DISTRICT - WEST
6552000.0,3.0,4.0,2650.0, UAE, Dubai, Jumeirah Islands,Apartment,Sale,Unfurnished,Off-Plan,Q4 2028,SERENIA DISTRICT - WEST
6505000.0,3.0,4.0,2642.0, UAE, Dubai, Jumeirah Islands,Apartment,Sale,Unfurnished,Off-Plan,Q4 2028,SERENIA DISTRICT - WEST
2300000.0,2.0,3.0,897.0, UAE, Dubai, Business Bay,Apartment,Sale,Unfurnished,Ready,Q4 2028,SERENIA DISTRICT - WEST
4100000.0,2.0,1.0,712.0, UAE, Dubai, Jumeirah Beach Residence (JBR),Apartment,Sale,Furnished,Ready,Q4 2028,FIVE Luxe
2600000.0,2.0,3.0,1770.0, UAE, Dubai, Mudon,Townhouse,Sale,Unfurnished,Ready,Q4 2028,FIVE Luxe
595000.0,2.0,1.0,342.0, UAE, Dubai, Al Furjan,Apartment,Sale,Unfurnished,Ready,Q4 2028,FIVE Luxe
1180000.0,1.0,1.0,894.0, UAE, Dubai, Dubai South,Apartment,Sale,Unfurnished,Ready,Q4 2028,FIVE Luxe
750000.0,1.0,2.0,774.0, UAE, Dubai, Jumeirah Village Triangle (JVT),Apartment,Sale,Unfurnished,Ready,Q4 2028,FIVE Luxe
10000000.0,4.0,6.0,3279.0, UAE, Dubai, Mohammed Bin Rashid City,Villa,Sale,Furnished,Ready,Q4 2028,District One
1200000.0,1.0,2.0,875.0, UAE, Dubai, Jumeirah Village Triangle (JVT),Apartment,Sale,Unfurnished,Ready,Q4 2028,District One
10500000.0,3.0,5.0,2530.0, UAE, Dubai, Dubai Marina,Apartment,Sale,Unfurnished,Off-Plan,Q4 2026,LIV LUX
10329999.0,5.0,6.0,4692.0, UAE, Dubai, Dubailand,Villa,Sale,Unfurnished,Off-Plan,Q2 2026,Sobha Reserve
2100000.0,3.0,4.0,1765.0, UAE, Dubai, Dubai Marina,Apartment,Sale,Unfurnished,Ready,Q2 2026,The Zen
2400000.0,2.0,1.0,335.0, UAE, Dubai, Dubai Marina,Apartment,Sale,Furnished,Off-Plan,Q2 2025,Ciel
3396295.0,1.0,2.0,3903.0, UAE, Dubai, Downtown Dubai,Apartment,Sale,Unfurnished,Off-Plan,Q4 2027,25H Heimat
6500000.0,2.0,2.0,1186.0, UAE, Dubai, Dubai Harbour,Apartment,Sale,Unfurnished,Ready,Q4 2027,25H Heimat
6500000.0,4.0,4.0,2430.0, UAE, Dubai, Tilal Al Ghaf,Villa,Sale,Unfurnished,Ready,Q4 2027,Aura
3418018.0,2.0,3.0,1491.0, UAE, Dubai, Dubai Marina,Apartment,Sale,Unfurnished,Off-Plan,Q1 2026,PELaGOS By IGO 
7500000.0,3.0,4.0,1926.0, UAE, Dubai, Dubai Harbour,Apartment,Sale,Furnished,Ready,Q1 2026,PELaGOS By IGO 
3502239.0,2.0,3.0,1526.0, UAE, Dubai, Dubai Marina,Apartment,Sale,Unfurnished,Off-Plan,Q1 2026,PELaGOS By IGO 
2030888.0,1.0,2.0,758.0, UAE, Dubai,Dubai Marina,Apartment,Sale,Unfurnished,Off-Plan,Q4 2027,Vanguard by Frank Muller
1799999.0,2.0,2.0,921.0, UAE, Dubai,Jumeirah Lake Towers (JLT),Apartment,Sale,Unfurnished,Off-Plan,Q4 2025,Golf Views Seven City
830000.0,2.0,1.0,433.0, UAE, Dubai, Jumeirah Village Triangle (JVT),Apartment,Sale,Unfurnished,Off-Plan,Q4 2025,Cavendish Square
34188000.0,6.0,7.0,12887.0, UAE, Dubai, Tilal Al Ghaf,Villa,Sale,Unfurnished,Off-Plan,Q4 2026,Serenity Mansions
1690000.0,2.0,3.0,1181.0, UAE, Dubai, Dubai Production City (IMPZ),Apartment,Sale,Furnished,Ready,Q4 2025,Cavendish Square
9000000.0,2.0,2.0,2108.0, UAE, Dubai, Downtown Dubai,Apartment,Sale,Unfurnished,Ready,Q4 2025,Burj Khalifa
5751185.0,4.0,5.0,2024.0, UAE, Dubai, Dubai Islands,Apartment,Sale,Furnished,Off-Plan,Q1 2027,Cotier House by Imtiaz
1594890.0,1.0,1.0,725.0, UAE, Dubai, Ras Al Khor,Apartment,Sale,Unfurnished,Off-Plan,Q4 2026,Sobha One Tower A
1041975.0,1.0,2.0,536.0, UAE, Dubai,Motor City,Apartment,Sale,Unfurnished,Off-Plan,Q4 2028,Sobha Solis Tower A
998887.0,1.0,2.0,546.0, UAE, Dubai, Motor City,Apartment,Sale,Unfurnished,Off-Plan,Q4 2028,Sobha Orbis Tower A
2025317.0,2.0,2.0,1397.0, UAE, Dubai, Dubai Land Residence Complex,Apartment,Sale,Unfurnished,Off-Plan,Q3 2028,Peace Lagoons by Peace Homes
4257888.0,3.0,4.0,1648.0, UAE, Dubai, Dubai Creek Harbour,Apartment,Sale,Unfurnished,Ready,Q3 2027,Opalz by Danube
2495888.0,2.0,3.0,1399.0, UAE, Dubai, Dubai South,Apartment,Sale,Unfurnished,Off-Plan,Q4 2028,Golf Dale Tower 2
3660328.0,2.0,3.0,1370.0, UAE, Dubai, Dubai Islands,Apartment,Sale,Furnished,Off-Plan,Q4 2026,Beach Walk Grand by Imtiaz
3598000.0,1.0,2.0,1073.0, UAE, Dubai, Dubai Marina,Apartment,Sale,Furnished,Ready,Q4 2026,Stella Maris
2175000.0,1.0,2.0,983.0, UAE, Dubai, Jumeirah Lake Towers (JLT),Apartment,Sale,Unfurnished,Off-Plan,Q4 2025,Me Do Re 2
4200000.0,3.0,5.0,2172.0, UAE, Dubai, Jumeirah Beach Residence (JBR),Apartment,Sale,Furnished,Ready,Q4 2025,Me Do Re 2
1950000.0,2.0,2.0,1389.0, UAE, Dubai, Dubai Sports City,Apartment,Sale,Unfurnished,Off-Plan,Q2 2025,Vista by Prestige One
10019999.0,5.0,6.0,4672.0, UAE, Dubai, Dubailand,Villa,Sale,Unfurnished,Off-Plan,Q2 2026,Sobha Reserve
4124540.0,1.0,2.0,1178.0, UAE, Dubai, Downtown Dubai,Apartment,Sale,Unfurnished,Off-Plan,Q4 2027,25H Heimat
5448345.0,2.0,3.0,1557.0, UAE, Dubai, Downtown Dubai,Apartment,Sale,Unfurnished,Off-Plan,Q4 2027,25H Heimat
6459530.0,3.0,4.0,1846.0, UAE, Dubai, Downtown Dubai,Apartment,Sale,Unfurnished,Off-Plan,Q4 2027,25H Heimat
2900000.0,3.0,4.0,2557.0, UAE, Dubai, Dubai South,Villa,Sale,Unfurnished,Ready,Q4 2027,25H Heimat
27200000.0,3.0,4.0,3015.0, UAE, Dubai, Business Bay,Apartment,Sale,Furnished,Off-Plan,Q4 2025,Bugatti Residences by Binghatti
10752888.0,4.0,6.0,8241.0, UAE, Dubai, The Oasis by Emaar,Villa,Sale,Unfurnished,Off-Plan,Q4 2027,Palmiera
2450000.0,2.0,2.0,1138.0, UAE, Dubai, Bur Dubai,Apartment,Sale,Unfurnished,Off-Plan,Q4 2026,Park Views Residences Tower A
1450000.0,1.0,2.0,929.0, UAE, Dubai, Business Bay,Apartment,Sale,Furnished,Ready,Q4 2026,Park Views Residences Tower A
2756888.0,1.0,1.0,982.0, UAE, Dubai, Dubai Hills Estate,Apartment,Sale,Unfurnished,Off-Plan,Q3 2027,Parkside Views
19457000.0,5.0,8.0,7940.0, UAE, Dubai, Palm Jebel Ali,Villa,Sale,Furnished,Off-Plan,Q1 2028,Palm Jebel Ali - Frond C
1150000.0,1.0,2.0,618.0, UAE, Dubai, Arjan,Apartment,Sale,Unfurnished,Ready,Q1 2028,Beverly Boulevard
2400000.0,2.0,2.0,1133.0, UAE, Dubai, Bur Dubai,Apartment,Sale,Unfurnished,Off-Plan,Q4 2026,Park Views Residences Tower A
830000.0,1.0,1.0,604.0, UAE, Dubai, Dubai Studio City,Apartment,Sale,Unfurnished,Off-Plan,Q2 2025,Azizi Beach Oasis (Mirage 1)
1030700.0,1.0,2.0,732.0, UAE, Dubai, Jumeirah Village Circle (JVC),Apartment,Sale,Unfurnished,Off-Plan,Q1 2027,Cello Residences Tower A
2949888.0,2.0,2.0,1333.0, UAE, Dubai, Downtown Dubai,Apartment,Sale,Unfurnished,Ready,Q1 2027,Cello Residences Tower A
2750000.0,1.0,2.0,779.0, UAE, Dubai, Umm Suqeim,Apartment,Sale,Furnished,Ready,Q1 2027,Cello Residences Tower A
1921000.0,1.0,2.0,878.0, UAE, Dubai, Dubai Islands,Apartment,Sale,Furnished,Off-Plan,Q2 2028,Bay Grove Residences C Building 11
18130000.0,6.0,7.0,7308.0, UAE, Dubai, Palm Jebel Ali,Villa,Sale,Furnished,Off-Plan,Q1 2028,Palm Jebel Ali - Frond C
2690000.0,4.0,4.0,1552.0, UAE, Dubai, Dubai Investment Park (DIP),Villa,Sale,Unfurnished,Off-Plan,Q4 2027,Palm Jebel Ali - Frond C
4550000.0,2.0,2.0,1252.0, UAE, Dubai, Downtown Dubai,Apartment,Sale,Furnished,Ready,Q4 2027,Palm Jebel Ali - Frond C
1600000.0,1.0,2.0,813.0, UAE, Dubai, Business Bay,Apartment,Sale,Unfurnished,Off-Plan,Q3 2027,Onda by Kasco
1525000.0,2.0,1.0,460.0, UAE, Dubai, Dubai Marina,Apartment,Sale,Unfurnished,Off-Plan,Q1 2028,Rove Home Dubai Marina
1585000.0,2.0,1.0,402.0, UAE, Dubai, Dubai Marina,Apartment,Sale,Unfurnished,Off-Plan,Q1 2028,Rove Home Dubai Marina
1585000.0,1.0,2.0,823.0, UAE, Dubai, Business Bay,Apartment,Sale,Unfurnished,Off-Plan,Q3 2027,Onda by Kasco
1300000.0,1.0,2.0,899.0, UAE, Dubai, Jumeirah Village Circle (JVC),Apartment,Sale,Unfurnished,Off-Plan,Q4 2024,Dusk by Binghatti
1064777.0,2.0,1.0,455.0, UAE, Dubai, Business Bay,Apartment,Sale,Unfurnished,Off-Plan,Q3 2027,Onda by Kasco
4900000.0,3.0,3.0,2292.0, UAE, Dubai, Arabian Ranches,Villa,Sale,Unfurnished,Ready,Q3 2027,Onda by Kasco
1957000.0,1.0,2.0,877.0, UAE, Dubai, Dubai Islands,Apartment,Sale,Furnished,Off-Plan,Q2 2028,Bay Grove Residences C Building 10
2953000.0,2.0,2.0,1350.0, UAE, Dubai, Dubai Maritime City,Apartment,Sale,Unfurnished,Off-Plan,Q4 2027,Orise by Beyond Tower 2
1311000.0,2.0,2.0,969.0, UAE, Dubai, DAMAC Hills 2 (Akoya by DAMAC),Apartment,Sale,Unfurnished,Off-Plan,Q2 2027,ELO 3
1925000.0,2.0,1.0,749.0, UAE, Dubai, Dubai Hills Estate,Apartment,Sale,Unfurnished,Ready,Q2 2027,Golfville
880000.0,1.0,2.0,811.0, UAE, Dubai, Arjan,Apartment,Sale,Unfurnished,Ready,Q2 2027,Golfville
1600000.0,2.0,2.0,1313.0, UAE, Dubai, Jumeirah Village Circle (JVC),Apartment,Sale,Unfurnished,Ready,Q2 2027,Golfville
920000.0,1.0,1.0,952.0, UAE, Dubai, Discovery Gardens,Apartment,Sale,Furnished,Ready,Q2 2027,Golfville
2499999.0,1.0,2.0,1089.0, UAE, Dubai, Downtown Dubai,Apartment,Sale,Unfurnished,Ready,Q2 2027,Golfville
20537000.0,5.0,7.0,7373.0, UAE, Dubai, Palm Jebel Ali,Villa,Sale,Unfurnished,Off-Plan,Q1 2028,Palm Jebel Ali - Frond B
3800000.0,3.0,2.0,1570.0, UAE, Dubai, Bur Dubai,Apartment,Sale,Unfurnished,Off-Plan,Q4 2026,Park Views Residences Tower A
2739888.0,2.0,3.0,1190.0, UAE, Dubai, Dubai Hills Estate,Apartment,Sale,Unfurnished,Off-Plan,Q4 2028,Golf Hillside
4350000.0,3.0,3.0,1639.0, UAE, Dubai, Dubai Creek Harbour,Apartment,Sale,Unfurnished,Ready,Q4 2028,Golf Hillside
720000.0,2.0,1.0,399.0, UAE, Dubai, Arjan,Apartment,Sale,Unfurnished,Ready,Q4 2028,Beverly Boulevard
2500000.0,2.0,3.0,1237.0, UAE, Dubai, Sobha Hartland,Apartment,Sale,Unfurnished,Ready,Q4 2028,Wilton Terraces 1
1781928.0,2.0,2.0,990.0, UAE, Dubai, Motor City,Apartment,Sale,Furnished,Off-Plan,Q4 2028,Sobha Orbis Tower A
11799000.0,5.0,8.0,9258.0, UAE, Dubai, The Valley by Emaar,Villa,Sale,Unfurnished,Off-Plan,Q1 2028,Farm Gardens 2
6500000.0,4.0,5.0,3617.0, UAE, Dubai, World Trade Centre,Apartment,Sale,Unfurnished,Ready,Q1 2028,Jumeirah Living World Trade Centre Residence
3550000.0,4.0,5.0,3304.0, UAE, Dubai, Dubai South,Villa,Sale,Unfurnished,Ready,Q1 2028,Jumeirah Living World Trade Centre Residence
2900000.0,3.0,4.0,2557.0, UAE, Dubai, Dubai South,Villa,Sale,Unfurnished,Ready,Q1 2028,Jumeirah Living World Trade Centre Residence
2750000.0,1.0,2.0,779.0, UAE, Dubai, Umm Suqeim,Apartment,Sale,Furnished,Ready,Q4 2025,Bugatti Residences by Binghatti
4900000.0,3.0,3.0,2292.0, UAE, Dubai, Arabian Ranches,Villa,Sale,Unfurnished,Ready,Q4 2025,Bugatti Residences by Binghatti
1600000.0,2.0,2.0,1313.0, UAE, Dubai, Jumeirah Village Circle (JVC),Apartment,Sale,Unfurnished,Ready,Q4 2025,Bugatti Residences by Binghatti
22000000.0,5.0,7.0,7724.0, UAE, Dubai, Arabian Ranches,Villa,Sale,Unfurnished,Ready,Q4 2025,Polo Homes
920000.0,1.0,1.0,952.0, UAE, Dubai, Discovery Gardens,Apartment,Sale,Furnished,Ready,Q4 2025,Polo Homes
2499999.0,1.0,2.0,1089.0, UAE, Dubai, Downtown Dubai,Apartment,Sale,Unfurnished,Ready,Q4 2025,Polo Homes
1380000.0,1.0,1.0,670.0, UAE, Dubai, Motor City,Apartment,Sale,Unfurnished,Off-Plan,Q4 2028,Sobha Orbis Tower E
1150000.0,1.0,2.0,618.0, UAE, Dubai, Arjan,Apartment,Sale,Unfurnished,Ready,Q4 2028,Beverly Boulevard
2600000.0,1.0,2.0,959.0, UAE, Dubai, Downtown Dubai,Apartment,Sale,Unfurnished,Ready,Q1 2027,Cello Residences Tower A
3300000.0,2.0,1.0,371.0, UAE, Dubai, Dubai Marina,Apartment,Sale,Furnished,Off-Plan,Q2 2025,Ciel
1685000.0,3.0,2.0,1159.0, UAE, Dubai, Majan,Apartment,Sale,Unfurnished,Ready,Q2 2025,Paradise View 1
2699000.0,2.0,3.0,1850.0, UAE, Dubai, Mohammed Bin Rashid City,Townhouse,Sale,Unfurnished,Ready,Q2 2025,Paradise View 1
649999.0,2.0,1.0,361.0, UAE, Dubai, Jumeirah Village Circle (JVC),Apartment,Sale,Unfurnished,Off-Plan,Q1 2025,North 43 (Serviced Residences)
750000.0,2.0,1.0,250.0, UAE, Dubai, Al Wasl,Apartment,Sale,Furnished,Ready,Q1 2025,North 43 (Serviced Residences)
5300000.0,3.0,3.0,2810.0, UAE, Dubai, Dubai Hills Estate,Apartment,Sale,Furnished,Ready,Q1 2025,North 43 (Serviced Residences)
1050000.0,1.0,2.0,705.0, UAE, Dubai, Jumeirah Village Circle (JVC),Apartment,Sale,Furnished,Ready,Q1 2025,North 43 (Serviced Residences)
2300000.0,2.0,3.0,1558.0, UAE, Dubai, Al Furjan,Apartment,Sale,Unfurnished,Ready,Q1 2025,Topaz Avenue
449999.0,1.0,1.0,296.0, UAE, Dubai,Barsha Heights (Tecom),Apartment,Sale,Furnished,Ready,Q1 2025,Topaz Avenue
4800000.0,4.0,4.0,2219.0, UAE, Dubai, Sobha Hartland,Apartment,Sale,Unfurnished,Off-Plan,Q2 2026,Sobha Crest Grande
2250000.0,2.0,4.0,1464.0, UAE, Dubai, Culture Village (Jaddaf Waterfront),Apartment,Sale,Unfurnished,Ready,Q2 2026,Sobha Crest Grande
2227000.0,3.0,5.0,1846.0, UAE, Dubai, DAMAC Hills 2 (Akoya by DAMAC),Villa,Sale,Unfurnished,Ready,Q2 2026,Janusia
2799999.0,2.0,2.0,1081.0, UAE, Dubai, Dubai Hills Estate,Apartment,Sale,Unfurnished,Ready,Q2 2026,Janusia
1092000.0,1.0,2.0,642.0, UAE, Dubai, DAMAC Hills,Apartment,Sale,Unfurnished,Off-Plan,Q4 2024,Golf Gate 2
1350000.0,1.0,1.0,502.0, UAE, Dubai, Bukadra,Apartment,Sale,Unfurnished,Off-Plan,Q2 2027,330 Riverside Crescent
1550000.0,1.0,2.0,729.0, UAE, Dubai, Business Bay,Apartment,Sale,Unfurnished,Ready,Q2 2027,DAMAC Maison Majestine
619999.0,2.0,1.0,441.0, UAE, Dubai, Dubai Production City (IMPZ),Apartment,Sale,Furnished,Ready,Q2 2027,DAMAC Maison Majestine
335000.0,2.0,1.0,478.0, UAE, Dubai, International City,Apartment,Sale,Unfurnished,Ready,Q2 2027,DAMAC Maison Majestine
3400000.0,2.0,2.0,1141.0, UAE, Dubai, Dubai Marina,Apartment,Sale,Unfurnished,Off-Plan,Q4 2026,Marina Shores
2250000.0,1.0,1.0,867.0, UAE, Dubai, Business Bay,Apartment,Sale,Furnished,Off-Plan,Q4 2024,Marriott Residences (West Five)
2500000.0,2.0,2.0,1073.0, UAE, Dubai, Dubai Hills Estate,Apartment,Sale,Unfurnished,Off-Plan,Q2 2026,Hills Park
2500000.0,2.0,3.0,1756.0, UAE, Dubai, Dubai South,Villa,Sale,Unfurnished,Ready,Q2 2026,Hills Park
60808800.0,4.0,6.0,15202.0, UAE, Dubai, Palm Jumeirah,Apartment,Sale,Furnished,Off-Plan,Q4 2026,Palm Beach Towers 3
4228800.0,1.0,2.0,1168.0, UAE, Dubai, Palm Jumeirah,Apartment,Sale,Furnished,Off-Plan,Q4 2026,Palm Beach Towers 3
1973684.0,1.0,2.0,1163.0, UAE, Dubai, Mohammed Bin Rashid City,Apartment,Sale,Unfurnished,Off-Plan,Q4 2027,Rome by Samana
1500000.0,3.0,3.0,1208.0, UAE, Dubai, DAMAC Hills 2 (Akoya by DAMAC),Townhouse,Sale,Furnished,Ready,Q4 2027,Albizia
2500000.0,1.0,1.0,792.0, UAE, Dubai, Downtown Dubai,Apartment,Sale,Unfurnished,Off-Plan,Q4 2026,St. Regis Residences Tower 2
3250000.0,2.0,3.0,1232.0, UAE, Dubai, Dubai Islands,Apartment,Sale,Furnished,Off-Plan,Q1 2028,Flora Isle
3650000.0,3.0,3.0,1626.0, UAE, Dubai, Dubai Creek Harbour,Apartment,Sale,Unfurnished,Ready,Q1 2028,Flora Isle
4268800.0,1.0,2.0,1168.0, UAE, Dubai, Palm Jumeirah,Apartment,Sale,Furnished,Off-Plan,Q4 2026,Palm Beach Towers 3
2736842.0,4.0,5.0,2234.0, UAE, Dubai, Jumeirah Village Triangle (JVT),Apartment,Sale,Furnished,Off-Plan,Q4 2026,Volga
55000000.0,6.0,6.0,14932.0, UAE, Dubai, Emirates Hills,Villa,Sale,Unfurnished,Ready,Q4 2026,Sector W
2499000.0,2.0,3.0,1358.0, UAE, Dubai, Al Sufouh,Apartment,Sale,Furnished,Ready,Q4 2026,Sector W
2492988.0,3.0,4.0,1874.0, UAE, Dubai, Jumeirah Village Triangle (JVT),Apartment,Sale,Furnished,Off-Plan,Q4 2026,Volga
21738000.0,5.0,6.0,5230.0, UAE, Dubai, Arabian Ranches,Villa,Sale,Unfurnished,Ready,Q4 2026,Volga
2100000.0,1.0,2.0,680.0, UAE, Dubai, Al Wasl,Apartment,Sale,Furnished,Off-Plan,Q1 2025,Myrtle
4200000.0,2.0,2.0,1544.0, UAE, Dubai, Umm Suqeim,Apartment,Sale,Unfurnished,Ready,Q1 2025,Myrtle
4800000.0,3.0,3.0,2700.0, UAE, Dubai, Dubai Sports City,Villa,Sale,Unfurnished,Ready,Q1 2025,Gallery Villas
1699000.0,1.0,2.0,669.0, UAE, Dubai, Business Bay,Apartment,Sale,Furnished,Off-Plan,Q2 2025,Peninsula Three
1799000.0,1.0,2.0,682.0, UAE, Dubai, Business Bay,Apartment,Sale,Unfurnished,Off-Plan,Q2 2025,Peninsula Three
699000.0,2.0,1.0,359.0, UAE, Dubai, Dubai South,Apartment,Sale,Unfurnished,Off-Plan,Q2 2026,AZIZI VENICE 14
1506795.0,2.0,3.0,1066.0, UAE, Dubai, Jumeirah Village Circle (JVC),Apartment,Sale,Unfurnished,Off-Plan,Q1 2027,Oak Yard
1050000.0,1.0,2.0,705.0, UAE, Dubai, Jumeirah Village Circle (JVC),Apartment,Sale,Furnished,Ready,Q1 2027,Oak Yard
335000.0,2.0,1.0,478.0, UAE, Dubai, International City,Apartment,Sale,Unfurnished,Ready,Q1 2027,Oak Yard
3650000.0,3.0,3.0,1626.0, UAE, Dubai, Dubai Creek Harbour,Apartment,Sale,Unfurnished,Ready,Q1 2027,Oak Yard
21738000.0,5.0,6.0,5230.0, UAE, Dubai, Arabian Ranches,Villa,Sale,Unfurnished,Ready,Q1 2027,Oak Yard
2300000.0,2.0,3.0,1558.0, UAE, Dubai, Al Furjan,Apartment,Sale,Unfurnished,Ready,Q2 2025,Topaz Avenue
2850000.0,1.0,1.0,850.0, UAE, Dubai, Dubai Harbour,Apartment,Sale,Unfurnished,Ready,Q2 2025,Topaz Avenue
449999.0,1.0,1.0,296.0, UAE, Dubai,Barsha Heights (Tecom),Apartment,Sale,Furnished,Ready,Q2 2025,Topaz Avenue
1699999.0,2.0,2.0,1181.0, UAE, Dubai, Jumeirah Lake Towers (JLT),Apartment,Sale,Furnished,Ready,Q4 2026,Marina Shores
11500000.0,3.0,3.0,2287.0, UAE, Dubai, Dubai Harbour,Apartment,Sale,Unfurnished,Ready,Q4 2026,Palm Beach Towers 3
4600000.0,2.0,2.0,1646.0, UAE, Dubai, Dubai Marina,Apartment,Sale,Unfurnished,Off-Plan,Q2 2028,Kempinski Residences Marina
1400000.0,2.0,2.0,1044.0, UAE, Dubai, Dubai Production City (IMPZ),Apartment,Sale,Unfurnished,Ready,Q2 2028,Kempinski Residences Marina
7000000.0,2.0,3.0,1677.0, UAE, Dubai, Palm Jumeirah,Apartment,Sale,Furnished,Ready,Q2 2028,Kempinski Residences Marina
1550000.0,2.0,1.0,528.0, UAE, Dubai, Business Bay,Apartment,Sale,Unfurnished,Off-Plan,Q1 2026,Peninsula Four (The Plaza)
5300000.0,3.0,3.0,2810.0, UAE, Dubai, Dubai Hills Estate,Apartment,Sale,Furnished,Ready,Q1 2026,Peninsula Four (The Plaza)
590000.0,1.0,1.0,842.0, UAE, Dubai, Dubai Land Residence Complex,Apartment,Sale,Unfurnished,Ready,Q1 2026,Peninsula Four (The Plaza)
1750000.0,1.0,2.0,608.0, UAE, Dubai, Al Jaddaf,Apartment,Sale,Unfurnished,Ready,Q1 2026,Peninsula Four (The Plaza)
623000.0,2.0,1.0,600.0, UAE, Dubai, Dubai Land Residence Complex,Apartment,Sale,Unfurnished,Ready,Q1 2026,4Direction Residence 1
650000.0,1.0,2.0,773.0, UAE, Dubai, Dubai Silicon Oasis (DSO),Apartment,Sale,Unfurnished,Ready,Q1 2026,Coral Residence
1200000.0,2.0,3.0,1113.0, UAE, Dubai, Dubai Silicon Oasis (DSO),Apartment,Sale,Unfurnished,Ready,Q1 2026,Ruby Residence
500000.0,2.0,1.0,493.0, UAE, Dubai, Discovery Gardens,Apartment,Sale,Unfurnished,Ready,Q1 2026,Ruby Residence
955511.0,1.0,1.0,868.0, UAE, Dubai, Liwan,Apartment,Sale,Unfurnished,Ready,Q1 2026,Ruby Residence
1278000.0,1.0,2.0,782.0, UAE, Dubai, Jumeirah Village Triangle (JVT),Apartment,Sale,Unfurnished,Off-Plan,Q4 2024,Emerald Vision Tower
2700000.0,4.0,5.0,2300.0, UAE, Dubai, DAMAC Lagoons,Villa,Sale,Furnished,Off-Plan,Q4 2026,Morocco
784890.0,2.0,1.0,449.0, UAE, Dubai, Majan,Apartment,Sale,Unfurnished,Off-Plan,Q2 2027,Samana Barari Views
1600000.0,3.0,4.0,1850.0, UAE, Dubai, DAMAC Hills 2 (Akoya by DAMAC),Townhouse,Sale,Unfurnished,Off-Plan,Q2 2025,Camelia Villas
875000.0,1.0,2.0,833.0, UAE, Dubai, Dubai Land Residence Complex,Apartment,Sale,Unfurnished,Ready,Q2 2025,4Direction Residence 1
1163000.0,2.0,3.0,1100.0, UAE, Dubai, Dubai Land Residence Complex,Apartment,Sale,Unfurnished,Ready,Q2 2025,4Direction Residence 1
7650000.0,4.0,4.0,3875.0, UAE, Dubai, Dubai Land Residence Complex,Apartment,Sale,Unfurnished,Ready,Q2 2025,4Direction Residence 1
3999000.0,1.0,1.0,764.0, UAE, Dubai, Dubai Harbour,Apartment,Sale,Unfurnished,Off-Plan,Q3 2028,Address Bayview Tower 2
980000.0,1.0,1.0,654.0, UAE, Dubai, Jumeirah Village Circle (JVC),Apartment,Sale,Unfurnished,Ready,Q3 2028,Address Bayview Tower 2
4900000.0,2.0,3.0,1530.0, UAE, Dubai, Downtown Dubai,Apartment,Sale,Unfurnished,Ready,Q3 2028,Boulevard Point
1300000.0,2.0,1.0,526.0, UAE, Dubai, Downtown Dubai,Apartment,Sale,Furnished,Ready,Q3 2028,Elite 1 Downtown Residence
1800000.0,1.0,1.0,718.0, UAE, Dubai, Dubai Creek Harbour,Apartment,Sale,Unfurnished,Ready,Q3 2028,Lotus
7211607.0,3.0,4.0,2790.0, UAE, Dubai, Bukadra,Apartment,Sale,Unfurnished,Off-Plan,Q4 2029,Skyscape Altius
3677235.0,3.0,3.0,1653.0, UAE, Dubai, Bukadra,Apartment,Sale,Unfurnished,Off-Plan,Q3 2027,320 Riverside Crescent
1567665.0,1.0,2.0,697.0, UAE, Dubai, Bukadra,Apartment,Sale,Unfurnished,Off-Plan,Q4 2027,310 Riverside Crescent
3206093.0,2.0,3.0,1425.0, UAE, Dubai, Bukadra,Apartment,Sale,Unfurnished,Off-Plan,Q4 2027,310 Riverside Crescent
1650000.0,1.0,2.0,830.0, UAE, Dubai, Business Bay,Apartment,Sale,Unfurnished,Ready,Q4 2027,Nobles Tower
6930000.0,3.0,4.0,1910.0, UAE, Dubai, Dubai Harbour,Apartment,Sale,Furnished,Ready,Q4 2027,Nobles Tower
3299999.0,3.0,4.0,1949.0, UAE, Dubai, Dubailand,Townhouse,Sale,Unfurnished,Ready,Q4 2027,Nobles Tower
4739133.0,4.0,5.0,2230.0, UAE, Dubai, Ras Al Khor,Apartment,Sale,Unfurnished,Off-Plan,Q4 2027,SOBHA ONE
4139949.0,3.0,3.0,2238.0, UAE, Dubai, Ras Al Khor,Apartment,Sale,Furnished,Off-Plan,Q4 2027,SOBHA ONE
4158000.0,1.0,2.0,1193.0, UAE, Dubai, Mohammed Bin Rashid City,Apartment,Sale,Furnished,Off-Plan,Q2 2027,SOBHA ONE
1300000.0,1.0,1.0,865.0, UAE, Dubai, Meydan City,Apartment,Sale,Unfurnished,Ready,Q2 2027,SOBHA ONE
2080000.0,1.0,2.0,922.0, UAE, Dubai, Downtown Dubai,Apartment,Sale,Furnished,Ready,Q2 2027,RP Heights
750000.0,1.0,2.0,829.0, UAE, Dubai, Dubai Sports City,Apartment,Sale,Furnished,Ready,Q2 2027,Frankfurt Sports Tower
1700266.0,1.0,2.0,725.0, UAE, Dubai, Ras Al Khor,Apartment,Sale,Unfurnished,Off-Plan,Q4 2026,Sobha One Tower B
1080000.0,2.0,1.0,438.0, UAE, Dubai, Business Bay,Apartment,Sale,Furnished,Ready,Q4 2026,MAG 318
2200000.0,2.0,2.0,966.0, UAE, Dubai, Business Bay,Apartment,Sale,Furnished,Ready,Q4 2026,MAG 318
2195000.0,1.0,2.0,852.0, UAE, Dubai, Business Bay,Apartment,Sale,Unfurnished,Off-Plan,Q1 2027,Canal Crown
4650000.0,2.0,2.0,1255.0, UAE, Dubai, Downtown Dubai,Apartment,Sale,Furnished,Ready,Q1 2027,Canal Crown
2200000.0,2.0,2.0,966.0, UAE, Dubai, Business Bay,Apartment,Sale,Furnished,Ready,Q1 2027,MAG 318
1800000.0,2.0,2.0,900.0, UAE, Dubai, Business Bay,Apartment,Sale,Furnished,Ready,Q1 2027,Reva Residences
2000000.0,1.0,1.0,982.0, UAE, Dubai, Business Bay,Apartment,Sale,Furnished,Ready,Q1 2027,MAG 318
1950000.0,1.0,2.0,827.0, UAE, Dubai, Sobha Hartland,Apartment,Sale,Unfurnished,Ready,Q1 2027,MAG 318
2852000.0,2.0,2.0,1140.0, UAE, Dubai, Expo City,Apartment,Sale,Unfurnished,Off-Plan,Q2 2027,Expo City Al Waha Residences 01
3120000.0,2.0,3.0,1246.0, UAE, Dubai, Dubai Islands,Apartment,Sale,Unfurnished,Off-Plan,Q1 2028,Flora Isle
2783246.0,2.0,2.0,1184.0, UAE, Dubai, Bukadra,Apartment,Sale,Unfurnished,Off-Plan,Q4 2029,Skyscape Aura
4512833.0,3.0,4.0,1713.0, UAE, Dubai, Bukadra,Apartment,Sale,Unfurnished,Off-Plan,Q4 2029,Skyscape Altius
2174728.0,1.0,2.0,1082.0, UAE, Dubai, Bukadra,Apartment,Sale,Unfurnished,Off-Plan,Q4 2029,Skyscape Avenue
2686604.0,1.0,2.0,1054.0, UAE, Dubai, Bukadra,Apartment,Sale,Unfurnished,Off-Plan,Q4 2029,Skyscape Altius
4732102.0,3.0,4.0,1874.0, UAE, Dubai, Ras Al Khor,Apartment,Sale,Unfurnished,Off-Plan,Q4 2029,The Element
3000000.0,2.0,3.0,2324.0, UAE, Dubai, Meydan City,Apartment,Sale,Unfurnished,Ready,Q4 2029,The Element
975000.0,2.0,1.0,396.0, UAE, Dubai, Business Bay,Apartment,Sale,Unfurnished,Off-Plan,Q2 2026,Century Tower
3999999.0,5.0,6.0,2363.0, UAE, Dubai, DAMAC Lagoons,Townhouse,Sale,Unfurnished,Off-Plan,Q4 2025,Ibiza
1789999.0,1.0,2.0,790.0, UAE, Dubai, Mohammed Bin Rashid City,Apartment,Sale,Unfurnished,Off-Plan,Q3 2027,Naya at District One
1800000.0,2.0,2.0,899.0, UAE, Dubai, Sobha Hartland,Apartment,Sale,Unfurnished,Ready,Q3 2027,Naya at District One
1378607.0,1.0,2.0,829.0, UAE, Dubai, Motor City,Apartment,Sale,Furnished,Off-Plan,Q4 2027,Takaya Tower A
920000.0,1.0,2.0,559.0, UAE, Dubai, Jumeirah Village Triangle (JVT),Apartment,Sale,Unfurnished,Off-Plan,Q4 2026,Red Square Tower 1
879999.0,1.0,2.0,620.0, UAE, Dubai, Dubai Production City (IMPZ),Apartment,Sale,Unfurnished,Ready,Q4 2026,Red Square Tower 1
1484999.0,2.0,2.0,1044.0, UAE, Dubai, Dubai Production City (IMPZ),Apartment,Sale,Furnished,Ready,Q4 2026,Red Square Tower 1
3895530.0,2.0,2.0,1649.0, UAE, Dubai, Dubai Marina,Apartment,Sale,Unfurnished,Off-Plan,Q2 2028,Kempinski Residences Marina
4100000.0,5.0,7.0,2363.0, UAE, Dubai, DAMAC Lagoons,Townhouse,Sale,Unfurnished,Off-Plan,Q4 2025,Mykonos
3150000.0,1.0,1.0,1132.0, UAE, Dubai, Dubai Marina,Apartment,Sale,Unfurnished,Off-Plan,Q2 2028,Kempinski Residences Marina
820000.0,1.0,2.0,574.0, UAE, Dubai, Jumeirah Village Triangle (JVT),Apartment,Sale,Furnished,Off-Plan,Q4 2025,Seslia Tower
984999.0,1.0,2.0,666.0, UAE, Dubai, Dubai Production City (IMPZ),Apartment,Sale,Furnished,Ready,Q4 2025,Seslia Tower
1599999.0,2.0,1.0,601.0, UAE, Dubai, Palm Jumeirah,Apartment,Sale,Furnished,Ready,Q4 2025,Seslia Tower
999000.0,1.0,2.0,734.0, UAE, Dubai, Dubai Production City (IMPZ),Apartment,Sale,Furnished,Ready,Q4 2025,Seslia Tower
7641420.0,3.0,3.0,3049.0, UAE, Dubai, Dubai Marina,Apartment,Sale,Unfurnished,Off-Plan,Q2 2028,Kempinski Residences Marina
1975000.0,2.0,3.0,1560.0, UAE, Dubai, Arjan,Apartment,Sale,Furnished,Ready,Q2 2028,Samana Hills
1570000.0,1.0,2.0,940.0, UAE, Dubai, Arjan,Apartment,Sale,Unfurnished,Ready,Q2 2028,Curve by Sentro
1050000.0,1.0,1.0,660.0, UAE, Dubai, Dubai Marina,Apartment,Sale,Unfurnished,Ready,Q2 2028,Escan Marina Tower
700000.0,1.0,1.0,664.0, UAE, Dubai, Dubai Sports City,Apartment,Sale,Furnished,Ready,Q2 2028,Tennis Tower
1699999.0,1.0,2.0,1058.0, UAE, Dubai, Dubai Marina,Apartment,Sale,Unfurnished,Ready,Q2 2028,Ocean Heights
2650000.0,3.0,3.0,2042.0, UAE, Dubai, Town Square,Townhouse,Sale,Unfurnished,Off-Plan,Q3 2025,Maha Townhouses
23975000.0,6.0,6.0,9998.0, UAE, Dubai, Dubai Sports City,Villa,Sale,Unfurnished,Ready,Q3 2025,Maha Townhouses
3049999.0,4.0,4.0,3176.0, UAE, Dubai, Dubai South,Villa,Sale,Unfurnished,Ready,Q3 2025,Maha Townhouses
716475.0,2.0,1.0,411.0, UAE, Dubai, Jumeirah Village Circle (JVC),Apartment,Sale,Furnished,Off-Plan,Q3 2027,MAK I'Sola Bella
2000000.0,1.0,1.0,705.0, UAE, Dubai, Dubai Creek Harbour,Apartment,Sale,Unfurnished,Off-Plan,Q4 2028,Arlo at Creek Beach Harbour
1300000.0,2.0,1.0,433.0, UAE, Dubai, Business Bay,Apartment,Sale,Unfurnished,Off-Plan,Q1 2027,Altitude de Grisogono
650000.0,2.0,1.0,421.0, UAE, Dubai, Jumeirah Village Circle (JVC),Apartment,Sale,Furnished,Ready,Q1 2027,Altitude de Grisogono
1849999.0,1.0,2.0,855.0, UAE, Dubai, Sobha Hartland,Apartment,Sale,Unfurnished,Ready,Q1 2027,Creek Vistas Grande
3500000.0,1.0,2.0,979.0, UAE, Dubai, Umm Suqeim,Apartment,Sale,Furnished,Off-Plan,Q4 2026,Elara Building 3
799999.0,2.0,1.0,477.0, UAE, Dubai, Business Bay,Apartment,Sale,Furnished,Ready,Q4 2026,DAMAC Paramount Tower (Midtown) Hotel And Residences
2650000.0,1.0,1.0,732.0, UAE, Dubai, Dubai Harbour,Apartment,Sale,Unfurnished,Off-Plan,Q4 2025,DAMAC Paramount Tower (Midtown) Hotel And Residences
5150000.0,2.0,2.0,1195.0, UAE, Dubai, Dubai Harbour,Apartment,Sale,Unfurnished,Ready,Q4 2025,DAMAC Paramount Tower (Midtown) Hotel And Residences
5499999.0,3.0,4.0,1723.0, UAE, Dubai, Downtown Dubai,Apartment,Sale,Unfurnished,Ready,Q4 2025,DAMAC Paramount Tower (Midtown) Hotel And Residences
3300000.0,4.0,5.0,2172.0, UAE, Dubai, Business Bay,Apartment,Sale,Furnished,Ready,Q4 2025,Elite Business Bay Residence
9451275.0,5.0,6.0,5752.0, UAE, Dubai, Dubailand,Villa,Sale,Unfurnished,Off-Plan,Q2 2026,Sobha Reserve
1900000.0,2.0,4.0,943.0, UAE, Dubai, Business Bay,Apartment,Sale,Unfurnished,Ready,Q2 2026,Sobha Reserve
1200000.0,2.0,1.0,331.0, UAE, Dubai, Palm Jumeirah,Apartment,Sale,Furnished,Ready,Q2 2026,Seven Palm
1150000.0,1.0,2.0,933.0, UAE, Dubai, Green Community,Apartment,Sale,Unfurnished,Ready,Q2 2026,Green Community West
2700000.0,2.0,4.0,1690.0, UAE, Dubai, Jumeirah Lake Towers (JLT),Apartment,Sale,Unfurnished,Ready,Q2 2026,Green Community West
530000.0,2.0,1.0,449.0, UAE, Dubai, Dubai South,Apartment,Sale,Furnished,Ready,Q2 2026,Green Community West
2850000.0,2.0,4.0,1462.0, UAE, Dubai, DIFC,Apartment,Sale,Unfurnished,Ready,Q2 2026,Green Community West
1275000.0,1.0,2.0,951.0, UAE, Dubai, Jumeirah Village Circle (JVC),Apartment,Sale,Unfurnished,Ready,Q2 2026,Green Community West
1650000.0,1.0,2.0,784.0, UAE, Dubai, Sobha Hartland,Apartment,Sale,Unfurnished,Ready,Q2 2026,Creek Vistas Grande
4500000.0,3.0,4.0,2744.0, UAE, Dubai, Al Furjan,Townhouse,Sale,Unfurnished,Ready,Q2 2026,Creek Vistas Grande
33460000.0,6.0,6.0,11319.0, UAE, Dubai, Tilal Al Ghaf,Villa,Sale,Unfurnished,Off-Plan,Q4 2026,Serenity Mansions
3019019.0,1.0,2.0,1187.0, UAE, Dubai, Business Bay,Apartment,Sale,Unfurnished,Ready,Q4 2026,Serenity Mansions
1847058.0,1.0,2.0,971.0, UAE, Dubai, Jumeirah Village Circle (JVC),Apartment,Sale,Unfurnished,Off-Plan,Q4 2024,Dawn by Binghatti
3900000.0,3.0,5.0,2899.0, UAE, Dubai, Dubai South,Villa,Sale,Unfurnished,Ready,Q4 2024,Dawn by Binghatti
1800000.0,1.0,2.0,1101.0, UAE, Dubai, DIFC,Apartment,Sale,Unfurnished,Ready,Q4 2024,Dawn by Binghatti
919900.0,1.0,2.0,637.0, UAE, Dubai, Dubai Production City (IMPZ),Apartment,Sale,Unfurnished,Ready,Q4 2024,Dawn by Binghatti
850000.0,1.0,2.0,657.0, UAE, Dubai, Dubai Production City (IMPZ),Apartment,Sale,Furnished,Ready,Q4 2024,Dawn by Binghatti
7490000.0,5.0,5.0,6458.0, UAE, Dubai, Al Furjan,Villa,Sale,Unfurnished,Ready,Q4 2024,Al Furjan West
1495000.0,1.0,2.0,730.0, UAE, Dubai, Al Jaddaf,Apartment,Sale,Furnished,Ready,Q4 2024,Al Furjan West
12622500.0,4.0,4.0,2661.0, UAE, Dubai, Umm Suqeim,Apartment,Sale,Unfurnished,Ready,Q4 2024,Al Furjan West
3733204.0,4.0,4.0,2329.0, UAE, Dubai, Motor City,Apartment,Sale,Unfurnished,Off-Plan,Q4 2027,Takaya Tower A
1499999.0,1.0,1.0,610.0, UAE, Dubai, Dubai Marina,Apartment,Sale,Furnished,Ready,Q4 2027,Wyndham Dubai Marina
4287088.0,2.0,3.0,1663.0, UAE, Dubai, Business Bay,Apartment,Sale,Unfurnished,Ready,Q4 2027,Wyndham Dubai Marina
1487499.0,1.0,2.0,792.0, UAE, Dubai, Jumeirah Village Circle (JVC),Apartment,Sale,Unfurnished,Off-Plan,Q1 2026,Binghatti Grove
2200000.0,2.0,2.0,966.0, UAE, Dubai, Business Bay,Apartment,Sale,Furnished,Ready,Q1 2026,MAG 318
1080000.0,2.0,1.0,432.0, UAE, Dubai, Business Bay,Apartment,Sale,Furnished,Ready,Q1 2026,MAG 318
1100000.0,2.0,1.0,332.0, UAE, Dubai, Meydan City,Apartment,Sale,Furnished,Off-Plan,Q1 2025,Azizi Riviera 59 
1100000.0,2.0,1.0,333.0, UAE, Dubai, Meydan City,Apartment,Sale,Furnished,Off-Plan,Q1 2025,Azizi Riviera 59 
4499999.0,2.0,3.0,2038.0, UAE, Dubai, Culture Village (Jaddaf Waterfront),Apartment,Sale,Unfurnished,Ready,Q1 2025,Palazzo Versace
1050000.0,2.0,1.0,460.0, UAE, Dubai, Business Bay,Apartment,Sale,Furnished,Ready,Q1 2025,Palazzo Versace
600000.0,2.0,1.0,438.0, UAE, Dubai, Jumeirah Village Circle (JVC),Apartment,Sale,Furnished,Ready,Q1 2025,Palazzo Versace
3200000.0,1.0,2.0,801.0, UAE, Dubai, Downtown Dubai,Apartment,Sale,Unfurnished,Ready,Q1 2025,Palazzo Versace
1900000.0,2.0,4.0,943.0, UAE, Dubai, Business Bay,Apartment,Sale,Unfurnished,Ready,Q1 2025,Palazzo Versace
1200000.0,2.0,1.0,331.0, UAE, Dubai, Palm Jumeirah,Apartment,Sale,Furnished,Ready,Q1 2025,Seven Palm
1150000.0,1.0,2.0,933.0, UAE, Dubai, Green Community,Apartment,Sale,Unfurnished,Ready,Q1 2025,Green Community West
2700000.0,2.0,4.0,1690.0, UAE, Dubai, Jumeirah Lake Towers (JLT),Apartment,Sale,Unfurnished,Ready,Q1 2025,Green Community West
530000.0,2.0,1.0,449.0, UAE, Dubai, Dubai South,Apartment,Sale,Furnished,Ready,Q1 2025,Green Community West
2850000.0,2.0,4.0,1462.0, UAE, Dubai, DIFC,Apartment,Sale,Unfurnished,Ready,Q1 2025,Green Community West
1275000.0,1.0,2.0,951.0, UAE, Dubai, Jumeirah Village Circle (JVC),Apartment,Sale,Unfurnished,Ready,Q1 2025,Green Community West
1650000.0,1.0,2.0,784.0, UAE, Dubai, Sobha Hartland,Apartment,Sale,Unfurnished,Ready,Q1 2025,Creek Vistas Grande
3300000.0,4.0,5.0,2172.0, UAE, Dubai, Business Bay,Apartment,Sale,Furnished,Ready,Q1 2025,Elite Business Bay Residence
4500000.0,3.0,4.0,2744.0, UAE, Dubai, Al Furjan,Townhouse,Sale,Unfurnished,Ready,Q1 2025,Elite Business Bay Residence
2400000.0,2.0,3.0,1217.0, UAE, Dubai, DIFC,Apartment,Sale,Unfurnished,Ready,Q1 2026,Binghatti Grove
1819998.0,1.0,2.0,899.0, UAE, Dubai, Jumeirah Village Circle (JVC),Apartment,Sale,Furnished,Off-Plan,Q4 2024,Dusk by Binghatti
3019019.0,1.0,2.0,1187.0, UAE, Dubai, Business Bay,Apartment,Sale,Unfurnished,Ready,Q4 2024,Dusk by Binghatti
4287088.0,2.0,3.0,1663.0, UAE, Dubai, Business Bay,Apartment,Sale,Unfurnished,Ready,Q4 2024,Dusk by Binghatti
2200000.0,2.0,2.0,966.0, UAE, Dubai, Business Bay,Apartment,Sale,Furnished,Ready,Q4 2024,MAG 318
1080000.0,2.0,1.0,432.0, UAE, Dubai, Business Bay,Apartment,Sale,Furnished,Ready,Q4 2024,MAG 318
1499999.0,1.0,1.0,610.0, UAE, Dubai, Dubai Marina,Apartment,Sale,Furnished,Ready,Q4 2024,Wyndham Dubai Marina
1172353.0,1.0,1.0,614.0, UAE, Dubai, Jumeirah Village Circle (JVC),Apartment,Sale,Unfurnished,Off-Plan,Q1 2027,Azurline Residences by MAAS Developers 
1249999.0,2.0,1.0,431.0, UAE, Dubai, Business Bay,Apartment,Sale,Unfurnished,Ready,Q1 2027,Azurline Residences by MAAS Developers 
1164706.0,1.0,1.0,625.0, UAE, Dubai, Jumeirah Village Circle (JVC),Apartment,Sale,Unfurnished,Off-Plan,Q1 2027,Azurline Residences by MAAS Developers 
4200000.0,4.0,4.0,3383.0, UAE, Dubai, Jumeirah Village Circle (JVC),Villa,Sale,Unfurnished,Ready,Q1 2027,Azurline Residences by MAAS Developers 
1200624.0,2.0,1.0,465.0, UAE, Dubai, Business Bay,Apartment,Sale,Unfurnished,Off-Plan,Q4 2026,Binghatti Skyrise Tower C
2600000.0,2.0,2.0,1115.0, UAE, Dubai, Dubai Creek Harbour,Apartment,Sale,Unfurnished,Ready,Q4 2026,Binghatti Skyrise Tower C
3900000.0,3.0,5.0,2899.0, UAE, Dubai, Dubai South,Villa,Sale,Unfurnished,Ready,Q4 2026,Binghatti Skyrise Tower C
2252499.0,1.0,2.0,1022.0, UAE, Dubai, Business Bay,Apartment,Sale,Unfurnished,Off-Plan,Q4 2026,Binghatti Skyrise Tower A
3100000.0,2.0,4.0,1204.0, UAE, Dubai, Mohammed Bin Rashid City,Apartment,Sale,Furnished,Ready,Q4 2026,Binghatti Skyrise Tower A
600000.0,2.0,1.0,467.0, UAE, Dubai, Jumeirah Village Circle (JVC),Apartment,Sale,Unfurnished,Ready,Q4 2026,Binghatti Skyrise Tower A
1300000.0,2.0,2.0,1215.0, UAE, Dubai, Barsha Heights (Tecom),Apartment,Sale,Furnished,Ready,Q4 2026,Al Fahad Tower 2
18900000.0,5.0,5.0,9200.0, UAE, Dubai, Dubai Sports City,Villa,Sale,Unfurnished,Ready,Q4 2026,Al Fahad Tower 2
2250000.0,2.0,1.0,553.0, UAE, Dubai, Downtown Dubai,Apartment,Sale,Furnished,Ready,Q4 2026,Address Dubai Mall
1400000.0,2.0,1.0,989.0, UAE, Dubai, Business Bay,Apartment,Sale,Unfurnished,Ready,Q4 2026,Address Dubai Mall
4950000.0,1.0,2.0,1047.0, UAE, Dubai, Dubai Harbour,Apartment,Sale,Unfurnished,Off-Plan,Q4 2027,W Residences Dubai Harbour
5903000.0,2.0,3.0,1534.0, UAE, Dubai, Dubai Harbour,Apartment,Sale,Unfurnished,Off-Plan,Q4 2027,W Residences Dubai Harbour
3444888.0,2.0,2.0,1324.0, UAE, Dubai, Dubai Creek Harbour,Apartment,Sale,Furnished,Ready,Q4 2027,The Grand
1800000.0,1.0,2.0,1101.0, UAE, Dubai, DIFC,Apartment,Sale,Unfurnished,Ready,Q4 2027,The Grand
2400000.0,2.0,3.0,1373.0, UAE, Dubai, Downtown Dubai,Apartment,Sale,Furnished,Ready,Q4 2027,DAMAC Maison Mall Street (The Signature)
1250000.0,2.0,1.0,603.0, UAE, Dubai, Business Bay,Apartment,Sale,Unfurnished,Ready,Q4 2027,Marquise Square
1250000.0,2.0,1.0,649.0, UAE, Dubai, Business Bay,Apartment,Sale,Unfurnished,Ready,Q4 2027,Marquise Square
565000.0,2.0,1.0,454.0, UAE, Dubai, Dubai Sports City,Apartment,Sale,Furnished,Ready,Q4 2027,Giovanni Boutique Suites
1300000.0,2.0,1.0,660.0, UAE, Dubai, Business Bay,Apartment,Sale,Unfurnished,Ready,Q4 2027,Marquise Square
919900.0,1.0,2.0,637.0, UAE, Dubai, Dubai Production City (IMPZ),Apartment,Sale,Unfurnished,Ready,Q4 2027,Marquise Square
850000.0,1.0,2.0,657.0, UAE, Dubai, Dubai Production City (IMPZ),Apartment,Sale,Furnished,Ready,Q4 2027,Marquise Square
7490000.0,5.0,5.0,6458.0, UAE, Dubai, Al Furjan,Villa,Sale,Unfurnished,Ready,Q4 2027,Al Furjan West
1495000.0,1.0,2.0,730.0, UAE, Dubai, Al Jaddaf,Apartment,Sale,Furnished,Ready,Q4 2027,Al Furjan West
12622500.0,4.0,4.0,2661.0, UAE, Dubai, Umm Suqeim,Apartment,Sale,Unfurnished,Ready,Q4 2027,Al Furjan West
14499888.0,4.0,4.0,6552.0, UAE, Dubai, Culture Village (Jaddaf Waterfront),Apartment,Sale,Unfurnished,Ready,Q4 2027,Palazzo Versace
1199000.0,1.0,1.0,656.0, UAE, Dubai, DAMAC Hills,Apartment,Sale,Unfurnished,Off-Plan,Q4 2024,Golf Gate 2
3300000.0,4.0,5.0,2172.0, UAE, Dubai, Business Bay,Apartment,Sale,Furnished,Ready,Q4 2024,Elite Business Bay Residence
3019019.0,1.0,2.0,1187.0, UAE, Dubai, Business Bay,Apartment,Sale,Unfurnished,Ready,Q2 2026,Sobha Reserve
4287088.0,2.0,3.0,1663.0, UAE, Dubai, Business Bay,Apartment,Sale,Unfurnished,Ready,Q2 2026,Sobha Reserve
2200000.0,2.0,2.0,966.0, UAE, Dubai, Business Bay,Apartment,Sale,Furnished,Ready,Q2 2026,MAG 318
1080000.0,2.0,1.0,432.0, UAE, Dubai, Business Bay,Apartment,Sale,Furnished,Ready,Q2 2026,MAG 318
2199000.0,1.0,2.0,1011.0, UAE, Dubai, Downtown Dubai,Apartment,Sale,Unfurnished,Ready,Q1 2025,Palazzo Versace
4500000.0,3.0,4.0,2744.0, UAE, Dubai, Al Furjan,Townhouse,Sale,Unfurnished,Ready,Q1 2025,Creek Vistas Grande
23000000.0,2.0,3.0,2657.0, UAE, Dubai, Palm Jumeirah,Apartment,Sale,Furnished,Off-Plan,Q4 2026,Armani Beach Residences
39000000.0,3.0,4.0,4865.0, UAE, Dubai, Palm Jumeirah,Apartment,Sale,Unfurnished,Off-Plan,Q4 2026,Armani Beach Residences
57500000.0,4.0,5.0,7191.0, UAE, Dubai, Palm Jumeirah,Apartment,Sale,Furnished,Off-Plan,Q4 2026,Armani Beach Residences
2500000.0,1.0,2.0,1100.0, UAE, Dubai, Business Bay,Apartment,Sale,Unfurnished,Ready,Q4 2026,SLS Dubai Hotel & Residences
7299999.0,3.0,3.0,1939.0, UAE, Dubai, Downtown Dubai,Apartment,Sale,Unfurnished,Ready,Q4 2026,SLS Dubai Hotel & Residences
600000.0,2.0,1.0,438.0, UAE, Dubai, Jumeirah Village Circle (JVC),Apartment,Sale,Furnished,Ready,Q4 2026,SLS Dubai Hotel & Residences
3200000.0,1.0,2.0,801.0, UAE, Dubai, Downtown Dubai,Apartment,Sale,Unfurnished,Ready,Q4 2026,SLS Dubai Hotel & Residences
1080000.0,2.0,1.0,432.0, UAE, Dubai, Business Bay,Apartment,Sale,Unfurnished,Ready,Q4 2026,SLS Dubai Hotel & Residences
7299999.0,3.0,3.0,1939.0, UAE, Dubai, Downtown Dubai,Apartment,Sale,Unfurnished,Ready,Q1 2025,Green Community West
600000.0,2.0,1.0,438.0, UAE, Dubai, Jumeirah Village Circle (JVC),Apartment,Sale,Furnished,Ready,Q4 2024,Dawn by Binghatti
3200000.0,1.0,2.0,801.0, UAE, Dubai, Downtown Dubai,Apartment,Sale,Unfurnished,Ready,Q4 2027,Wyndham Dubai Marina
3300000.0,4.0,5.0,2172.0, UAE, Dubai, Business Bay,Apartment,Sale,Furnished,Ready,Q4 2027,Elite Business Bay Residence
2199000.0,1.0,2.0,1011.0, UAE, Dubai, Downtown Dubai,Apartment,Sale,Unfurnished,Ready,Q2 2026,MAG 318
3019019.0,1.0,2.0,1187.0, UAE, Dubai, Business Bay,Apartment,Sale,Unfurnished,Ready,Q4 2026,Armani Beach Residences
4287088.0,2.0,3.0,1663.0, UAE, Dubai, Business Bay,Apartment,Sale,Unfurnished,Ready,Q4 2026,Armani Beach Residences
1080000.0,2.0,1.0,432.0, UAE, Dubai, Business Bay,Apartment,Sale,Furnished,Ready,Q4 2026,MAG 318
1150000.0,1.0,2.0,933.0, UAE, Dubai, Green Community,Apartment,Sale,Unfurnished,Ready,Q4 2026,Green Community West
2700000.0,2.0,4.0,1690.0, UAE, Dubai, Jumeirah Lake Towers (JLT),Apartment,Sale,Unfurnished,Ready,Q4 2026,Green Community West
530000.0,2.0,1.0,449.0, UAE, Dubai, Dubai South,Apartment,Sale,Furnished,Ready,Q4 2026,Green Community West
2850000.0,2.0,4.0,1462.0, UAE, Dubai, DIFC,Apartment,Sale,Unfurnished,Ready,Q4 2026,Green Community West
1275000.0,1.0,2.0,951.0, UAE, Dubai, Jumeirah Village Circle (JVC),Apartment,Sale,Unfurnished,Ready,Q4 2026,Green Community West
1650000.0,1.0,2.0,784.0, UAE, Dubai, Sobha Hartland,Apartment,Sale,Unfurnished,Ready,Q4 2026,Creek Vistas Grande
4500000.0,3.0,4.0,2744.0, UAE, Dubai, Al Furjan,Townhouse,Sale,Unfurnished,Ready,Q4 2026,Creek Vistas Grande
1800000.0,1.0,2.0,1101.0, UAE, Dubai, DIFC,Apartment,Sale,Unfurnished,Ready,Q4 2026,Armani Beach Residences
919900.0,1.0,2.0,637.0, UAE, Dubai, Dubai Production City (IMPZ),Apartment,Sale,Unfurnished,Ready,Q4 2026,Armani Beach Residences
850000.0,1.0,2.0,657.0, UAE, Dubai, Dubai Production City (IMPZ),Apartment,Sale,Furnished,Ready,Q4 2026,Armani Beach Residences
7490000.0,5.0,5.0,6458.0, UAE, Dubai, Al Furjan,Villa,Sale,Unfurnished,Ready,Q4 2026,Al Furjan West
1495000.0,1.0,2.0,730.0, UAE, Dubai, Al Jaddaf,Apartment,Sale,Furnished,Ready,Q4 2026,Al Furjan West
3300000.0,4.0,5.0,2172.0, UAE, Dubai, Business Bay,Apartment,Sale,Furnished,Ready,Q4 2026,Elite Business Bay Residence
1991891.0,1.0,2.0,935.0, UAE, Dubai, Bukadra,Apartment,Sale,Unfurnished,Off-Plan,Q4 2027,340 Riverside Crescent
1220000.0,2.0,1.0,495.0, UAE, Dubai, Bukadra,Apartment,Sale,Unfurnished,Off-Plan,Q4 2027,340 Riverside Crescent
3049747.0,1.0,2.0,1548.0, UAE, Dubai, Dubai Islands,Apartment,Sale,Furnished,Off-Plan,Q4 2026,Sunset Bay by Imtiaz
2400000.0,2.0,3.0,1355.0, UAE, Dubai, Business Bay,Apartment,Sale,Furnished,Ready,Q4 2026,Sunset Bay by Imtiaz
3700000.0,3.0,5.0,2851.0, UAE, Dubai, Dubai South,Townhouse,Sale,Furnished,Ready,Q4 2026,Sunset Bay by Imtiaz
5500000.0,3.0,4.0,3058.0, UAE, Dubai, Nad Al Sheba,Townhouse,Sale,Unfurnished,Off-Plan,Q4 2024,Sunset Bay by Imtiaz
2900000.0,2.0,2.0,1144.0, UAE, Dubai, Al Sufouh,Apartment,Sale,Unfurnished,Off-Plan,Q1 2026,Biltmore Sufouh
1800000.0,1.0,2.0,881.0, UAE, Dubai, Sobha Hartland,Apartment,Sale,Unfurnished,Off-Plan,Q4 2025,The Highbury
3800000.0,2.0,3.0,1449.0, UAE, Dubai, Downtown Dubai,Apartment,Sale,Unfurnished,Off-Plan,Q2 2024,Imperial Avenue
1550000.0,1.0,2.0,642.0, UAE, Dubai, Business Bay,Apartment,Sale,Furnished,Off-Plan,Q4 2024,The Paragon by IGO
3400000.0,2.0,3.0,1488.0, UAE, Dubai, Downtown Dubai,Apartment,Sale,Unfurnished,Ready,Q4 2024,The Paragon by IGO
1500000.0,1.0,2.0,712.0, UAE, Dubai, Business Bay,Apartment,Sale,Unfurnished,Off-Plan,Q4 2024,Regalia by Deyaar
3500000.0,2.0,2.0,1227.0, UAE, Dubai, Business Bay,Apartment,Sale,Unfurnished,Ready,Q4 2024,Trillionaire Residences by Binghatti
1200000.0,2.0,1.0,427.0, UAE, Dubai, Business Bay,Apartment,Sale,Furnished,Ready,Q4 2024,Trillionaire Residences by Binghatti
1399999.0,1.0,2.0,1314.0, UAE, Dubai, DAMAC Hills,Apartment,Sale,Furnished,Ready,Q4 2024,Trillionaire Residences by Binghatti
3250000.0,2.0,3.0,1276.0, UAE, Dubai, DIFC,Apartment,Sale,Unfurnished,Ready,Q4 2024,Sky Gardens DIFC
2300000.0,2.0,3.0,1606.0, UAE, Dubai, Business Bay,Apartment,Sale,Unfurnished,Ready,Q4 2024,Sky Gardens DIFC
3709888.0,2.0,3.0,1686.0, UAE, Dubai, Culture Village (Jaddaf Waterfront),Apartment,Sale,Unfurnished,Ready,Q4 2024,Palazzo Versace
14499888.0,4.0,4.0,6552.0, UAE, Dubai, Culture Village (Jaddaf Waterfront),Apartment,Sale,Unfurnished,Ready,Q4 2024,Palazzo Versace
2199000.0,1.0,2.0,1011.0, UAE, Dubai, Downtown Dubai,Apartment,Sale,Unfurnished,Ready,Q4 2024,Golf Gate 2
1600000.0,2.0,1.0,533.0, UAE, Dubai, Business Bay,Apartment,Sale,Unfurnished,Ready,Q4 2026,Trillionaire Residences by Binghatti
2550000.0,2.0,2.0,1264.0, UAE, Dubai, Business Bay,Apartment,Sale,Unfurnished,Ready,Q4 2026,Canal Bay
3750000.0,2.0,3.0,1712.0, UAE, Dubai, Al Sufouh,Apartment,Sale,Unfurnished,Off-Plan,Q1 2025,Fairmont Dubai Skyline
3450000.0,5.0,6.0,3345.0, UAE, Dubai, DAMAC Lagoons,Townhouse,Sale,Unfurnished,Off-Plan,Q3 2025,Santorini
10700000.0,4.0,6.0,4851.0, UAE, Dubai,Jumeirah Park,Villa,Sale,Unfurnished,Ready,Q3 2025,Santorini
3400000.0,4.0,4.0,3165.0, UAE, Dubai, The Valley by Emaar,Villa,Sale,Unfurnished,Off-Plan,Q4 2025,Orania
11000000.0,4.0,5.0,4335.0, UAE, Dubai,Jumeirah Park,Villa,Sale,Unfurnished,Ready,Q4 2025,Orania
7600000.0,4.0,5.0,6062.0, UAE, Dubai, Al Furjan,Villa,Sale,Unfurnished,Ready,Q4 2025,Murooj Al Furjan
30000000.0,6.0,7.0,16730.0, UAE, Dubai, Arabian Ranches,Villa,Sale,Unfurnished,Ready,Q4 2025,Polo Homes
2299999.0,4.0,4.0,2415.0, UAE, Dubai, DAMAC Hills 2 (Akoya by DAMAC),Townhouse,Sale,Unfurnished,Off-Plan,Q2 2026,Verona
2699890.0,1.0,2.0,912.0, UAE, Dubai, Business Bay,Apartment,Sale,Furnished,Off-Plan,Q1 2029,Tiger Sky Tower
3500000.0,2.0,2.0,1227.0, UAE, Dubai, Business Bay,Apartment,Sale,Unfurnished,Ready,Q4 2027,Trillionaire Residences by Binghatti
1600000.0,2.0,1.0,533.0, UAE, Dubai, Business Bay,Apartment,Sale,Unfurnished,Ready,Q4 2027,Trillionaire Residences by Binghatti
2550000.0,2.0,2.0,1264.0, UAE, Dubai, Business Bay,Apartment,Sale,Unfurnished,Ready,Q4 2027,Canal Bay
32500000.0,4.0,5.0,5000.0, UAE, Dubai, Palm Jumeirah,Villa,Sale,Furnished,Ready,Q3 2025,Santorini
4350000.0,2.0,3.0,1409.0, UAE, Dubai, Downtown Dubai,Apartment,Sale,Unfurnished,Off-Plan,Q4 2026,St. Regis Residences Tower 2
3400000.0,2.0,3.0,1488.0, UAE, Dubai, Downtown Dubai,Apartment,Sale,Unfurnished,Ready,Q4 2026,St. Regis Residences Tower 2
1200000.0,2.0,1.0,427.0, UAE, Dubai, Business Bay,Apartment,Sale,Furnished,Ready,Q4 2024,Regalia by Deyaar
1399999.0,1.0,2.0,1314.0, UAE, Dubai, DAMAC Hills,Apartment,Sale,Furnished,Ready,Q4 2024,Regalia by Deyaar
1650000.0,1.0,1.0,709.0, UAE, Dubai, Dubai Creek Harbour,Apartment,Sale,Unfurnished,Ready,Q4 2024,Sky Gardens DIFC
1000000.0,1.0,2.0,754.0, UAE, Dubai, Business Bay,Apartment,Sale,Unfurnished,Ready,Q4 2024,Clayton Residency
21500000.0,4.0,5.0,2840.0, UAE, Dubai, Downtown Dubai,Apartment,Sale,Furnished,Ready,Q4 2024,Kempinski The Boulevard
1813411.0,1.0,2.0,813.0, UAE, Dubai, Dubai Islands,Apartment,Sale,Unfurnished,Off-Plan,Q2 2026,Allegro Residences
1294106.0,1.0,2.0,889.0, UAE, Dubai, Jumeirah Village Circle (JVC),Apartment,Sale,Furnished,Off-Plan,Q2 2026,Ozone1 Residence
890000.0,2.0,2.0,805.0, UAE, Dubai, DAMAC Hills 2 (Akoya by DAMAC),Apartment,Sale,Unfurnished,Off-Plan,Q4 2026,ELO
975000.0,2.0,3.0,1385.0, UAE, Dubai, Dubai Production City (IMPZ),Apartment,Sale,Unfurnished,Ready,Q4 2026,ELO
15990000.0,4.0,5.0,2731.0, UAE, Dubai, Downtown Dubai,Apartment,Sale,Furnished,Ready,Q4 2026,ELO
1900000.0,2.0,1.0,546.0, UAE, Dubai, Business Bay,Apartment,Sale,Unfurnished,Ready,Q4 2026,Trillionaire Residences by Binghatti
699000.0,2.0,1.0,403.0, UAE, Dubai, Dubai Science Park,Apartment,Sale,Unfurnished,Off-Plan,Q4 2026,Opalz By Danube
579000.0,2.0,1.0,337.0, UAE, Dubai, Dubai South,Apartment,Sale,Unfurnished,Off-Plan,Q1 2026,AZIZI VENICE 7
1785000.0,1.0,2.0,808.0, UAE, Dubai, Mina Rashid,Apartment,Sale,Unfurnished,Off-Plan,Q1 2026,Clearpoint
1200000.0,1.0,1.0,485.0, UAE, Dubai, Business Bay,Apartment,Sale,Furnished,Ready,Q1 2026,Vera Residences
2000000.0,1.0,1.0,789.0, UAE, Dubai, Dubai Creek Harbour,Apartment,Sale,Unfurnished,Ready,Q1 2026,Vera Residences
3290000.0,2.0,3.0,1297.0, UAE, Dubai, Dubai Hills Estate,Apartment,Sale,Unfurnished,Ready,Q1 2026,Vera Residences
1005500.0,2.0,1.0,409.0, UAE, Dubai, Al Satwa,Apartment,Sale,Furnished,Off-Plan,Q4 2025,Coral by Vision
5900000.0,4.0,5.0,4339.0, UAE, Dubai, Al Furjan,Townhouse,Sale,Unfurnished,Off-Plan,Q4 2024,Coral by Vision
1400000.0,1.0,2.0,602.0, UAE, Dubai, Al Jaddaf,Apartment,Sale,Furnished,Ready,Q4 2024,Coral by Vision
17500000.0,3.0,4.0,3460.0, UAE, Dubai, Downtown Dubai,Penthouse,Sale,Furnished,Ready,Q4 2024,Kempinski The Boulevard
6750000.0,4.0,5.0,3247.0, UAE, Dubai, Arabian Ranches 2,Villa,Sale,Unfurnished,Ready,Q4 2024,Casa
1849999.0,3.0,5.0,1633.0, UAE, Dubai, DAMAC Hills 2 (Akoya by DAMAC),Townhouse,Sale,Unfurnished,Ready,Q4 2024,Acuna
3900000.0,3.0,4.0,1774.0, UAE, Dubai, Dubai Creek Harbour,Apartment,Sale,Unfurnished,Ready,Q4 2024,Acuna
1550000.0,1.0,1.0,569.0, UAE, Dubai, Business Bay,Apartment,Sale,Unfurnished,Off-Plan,Q3 2024,Peninsula Two
4600000.0,4.0,5.0,3298.0, UAE, Dubai, Dubai South,Villa,Sale,Unfurnished,Off-Plan,Q4 2024,Peninsula Two
730000.0,1.0,2.0,980.0, UAE, Dubai, Discovery Gardens,Apartment,Sale,Unfurnished,Ready,Q4 2024,Peninsula Two
4850000.0,4.0,6.0,3556.0, UAE, Dubai, Dubai South,Villa,Sale,Unfurnished,Off-Plan,Q1 2025,Peninsula Two
9999999.0,2.0,3.0,1848.0, UAE, Dubai, Downtown Dubai,Apartment,Sale,Furnished,Ready,Q1 2025,The Address Downtown Hotel (Lake Hotel)
2550000.0,3.0,3.0,1901.0, UAE, Dubai, Dubailand,Apartment,Sale,Unfurnished,Off-Plan,Q2 2028,Moss
2500000.0,3.0,3.0,1912.0, UAE, Dubai, Dubailand,Apartment,Sale,Unfurnished,Off-Plan,Q2 2028,Forest
3500000.0,2.0,2.0,1071.0, UAE, Dubai, Downtown Dubai,Apartment,Sale,Furnished,Ready,Q2 2028,Burj Crown
1200000.0,1.0,2.0,899.0, UAE, Dubai, Jumeirah Village Circle (JVC),Apartment,Sale,Unfurnished,Ready,Q2 2028,Burj Crown
600000.0,2.0,1.0,387.0, UAE, Dubai, Dubai Studio City,Apartment,Sale,Unfurnished,Off-Plan,Q2 2026,Azizi Beach Oasis 2 Tower A
400000.0,2.0,1.0,379.0, UAE, Dubai, Dubai Land Residence Complex,Apartment,Sale,Unfurnished,Ready,Q2 2026,K1 Building
1680000.0,1.0,1.0,664.0, UAE, Dubai, Dubai Creek Harbour,Apartment,Sale,Furnished,Ready,Q2 2026,K1 Building
705000.0,2.0,1.0,398.0, UAE, Dubai, Jumeirah Village Circle (JVC),Apartment,Sale,Unfurnished,Off-Plan,Q1 2026,Binghatti Amberhall
2400000.0,2.0,1.0,520.0, UAE, Dubai, Downtown Dubai,Apartment,Sale,Furnished,Ready,Q1 2026,The Address Downtown Hotel (Lake Hotel)
3400000.0,3.0,2.0,1302.0, UAE, Dubai, Business Bay,Apartment,Sale,Furnished,Ready,Q1 2026,The Address Downtown Hotel (Lake Hotel)
2100000.0,2.0,2.0,1556.0, UAE, Dubai, Business Bay,Apartment,Sale,Furnished,Ready,Q1 2026,The Address Downtown Hotel (Lake Hotel)
2700000.0,1.0,2.0,809.0, UAE, Dubai, Business Bay,Apartment,Sale,Unfurnished,Off-Plan,Q1 2027,Canal Heights 2
950000.0,2.0,1.0,640.0, UAE, Dubai, Business Bay,Apartment,Sale,Unfurnished,Ready,Q1 2027,The Cosmopolitan (Damac Maison)
2750000.0,2.0,3.0,1207.0, UAE, Dubai, Dubai Hills Estate,Apartment,Sale,Unfurnished,Off-Plan,Q2 2028,Palace Residences Building 2
1000000.0,1.0,2.0,754.0, UAE, Dubai, Business Bay,Apartment,Sale,Unfurnished,Ready,Q2 2028,Clayton Residency
21500000.0,4.0,5.0,2840.0, UAE, Dubai, Downtown Dubai,Apartment,Sale,Furnished,Ready,Q2 2028,Kempinski The Boulevard
1600000.0,2.0,1.0,533.0, UAE, Dubai, Business Bay,Apartment,Sale,Unfurnished,Ready,Q2 2028,Trillionaire Residences by Binghatti
2550000.0,2.0,2.0,1264.0, UAE, Dubai, Business Bay,Apartment,Sale,Unfurnished,Ready,Q2 2028,Canal Bay
5500000.0,3.0,4.0,3058.0, UAE, Dubai, Nad Al Sheba,Townhouse,Sale,Unfurnished,Off-Plan,Q4 2024,Allegro Residences
2300000.0,2.0,3.0,1606.0, UAE, Dubai, Business Bay,Apartment,Sale,Unfurnished,Ready,Q2 2026,Ozone1 Residence
3709888.0,2.0,3.0,1686.0, UAE, Dubai, Culture Village (Jaddaf Waterfront),Apartment,Sale,Unfurnished,Ready,Q2 2026,Palazzo Versace
14499888.0,4.0,4.0,6552.0, UAE, Dubai, Culture Village (Jaddaf Waterfront),Apartment,Sale,Unfurnished,Ready,Q2 2026,Palazzo Versace
5500000.0,3.0,4.0,3058.0, UAE, Dubai, Nad Al Sheba,Townhouse,Sale,Unfurnished,Off-Plan,Q4 2024,Canal Bay
2300000.0,2.0,3.0,1606.0, UAE, Dubai, Business Bay,Apartment,Sale,Unfurnished,Ready,Q1 2025,Fairmont Dubai Skyline
3709888.0,2.0,3.0,1686.0, UAE, Dubai, Culture Village (Jaddaf Waterfront),Apartment,Sale,Unfurnished,Ready,Q1 2025,Palazzo Versace
14499888.0,4.0,4.0,6552.0, UAE, Dubai, Culture Village (Jaddaf Waterfront),Apartment,Sale,Unfurnished,Ready,Q1 2025,Palazzo Versace
600000.0,2.0,1.0,438.0, UAE, Dubai, Jumeirah Village Circle (JVC),Apartment,Sale,Furnished,Ready,Q3 2025,Santorini
3200000.0,1.0,2.0,801.0, UAE, Dubai, Downtown Dubai,Apartment,Sale,Unfurnished,Ready,Q3 2025,Santorini
3300000.0,4.0,5.0,2172.0, UAE, Dubai, Business Bay,Apartment,Sale,Furnished,Ready,Q3 2025,Elite Business Bay Residence
10700000.0,4.0,6.0,4851.0, UAE, Dubai,Jumeirah Park,Villa,Sale,Unfurnished,Ready,Q2 2026,Sobha Reserve
2199000.0,1.0,2.0,1011.0, UAE, Dubai, Downtown Dubai,Apartment,Sale,Unfurnished,Ready,Q4 2026,Sunset Bay by Imtiaz
1650000.0,1.0,2.0,786.0, UAE, Dubai, Jumeirah Lake Towers (JLT),Apartment,Sale,Unfurnished,Ready,Q2 2026,Sobha Reserve
2500000.0,2.0,3.0,1854.0, UAE, Dubai, Dubai South,Apartment,Sale,Unfurnished,Ready,Q2 2026,Sobha Reserve
720000.0,1.0,2.0,815.0, UAE, Dubai, Jumeirah Village Circle (JVC),Apartment,Sale,Unfurnished,Ready,Q2 2026,Sobha Reserve
875000.0,2.0,1.0,456.0, UAE, Dubai,Jumeirah Lake Towers (JLT),Apartment,Sale,Unfurnished,Ready,Q2 2026,Sobha Reserve
7600000.0,4.0,5.0,6062.0, UAE, Dubai, Al Furjan,Villa,Sale,Unfurnished,Ready,Q2 2026,Murooj Al Furjan
30000000.0,6.0,7.0,16730.0, UAE, Dubai, Arabian Ranches,Villa,Sale,Unfurnished,Ready,Q2 2026,Polo Homes
32500000.0,4.0,5.0,5000.0, UAE, Dubai, Palm Jumeirah,Villa,Sale,Furnished,Ready,Q2 2026,Polo Homes
1650000.0,1.0,1.0,709.0, UAE, Dubai, Dubai Creek Harbour,Apartment,Sale,Unfurnished,Ready,Q4 2026,St. Regis Residences Tower 2
1000000.0,1.0,2.0,754.0, UAE, Dubai, Business Bay,Apartment,Sale,Unfurnished,Ready,Q4 2026,Clayton Residency
21500000.0,4.0,5.0,2840.0, UAE, Dubai, Downtown Dubai,Apartment,Sale,Furnished,Ready,Q4 2026,Kempinski The Boulevard
2575000.0,2.0,2.0,1118.0, UAE, Dubai, Sobha Hartland,Apartment,Sale,Furnished,Ready,Q2 2026,Hartland Waves
1600000.0,2.0,3.0,759.0, UAE, Dubai, Dubai Marina,Apartment,Sale,Unfurnished,Ready,Q1 2025,Fairmont Dubai Skyline
3000000.0,2.0,2.0,1077.0, UAE, Dubai, Business Bay,Apartment,Sale,Unfurnished,Ready,Q4 2026,Sunset Bay by Imtiaz
4250000.0,4.0,4.0,1916.0, UAE, Dubai, Al Furjan,Townhouse,Sale,Unfurnished,Ready,Q4 2026,Sunset Bay by Imtiaz
1112000.0,1.0,1.0,701.0, UAE, Dubai, Jumeirah Village Circle (JVC),Apartment,Sale,Unfurnished,Off-Plan,Q4 2026,Azizi Ruby
799999.0,1.0,2.0,949.0, UAE, Dubai, Dubai Sports City,Apartment,Sale,Unfurnished,Ready,Q4 2026,Azizi Ruby
1200000.0,1.0,1.0,785.0, UAE, Dubai, Arjan,Apartment,Sale,Unfurnished,Ready,Q4 2026,Beverly Boulevard
975000.0,1.0,2.0,736.0, UAE, Dubai, Jumeirah Village Circle (JVC),Apartment,Sale,Unfurnished,Ready,Q4 2026,Beverly Boulevard
1600000.0,2.0,3.0,759.0, UAE, Dubai, Dubai Marina,Apartment,Sale,Unfurnished,Ready,Q4 2026,Beverly Boulevard
3000000.0,2.0,2.0,1077.0, UAE, Dubai, Business Bay,Apartment,Sale,Unfurnished,Ready,Q4 2026,Beverly Boulevard
30000000.0,6.0,7.0,16730.0, UAE, Dubai, Arabian Ranches,Villa,Sale,Unfurnished,Ready,Q4 2026,Polo Homes
32500000.0,4.0,5.0,5000.0, UAE, Dubai, Palm Jumeirah,Villa,Sale,Furnished,Ready,Q4 2026,Polo Homes
4250000.0,4.0,4.0,1916.0, UAE, Dubai, Al Furjan,Townhouse,Sale,Unfurnished,Ready,Q2 2026,Verona
11000000.0,4.0,5.0,4335.0, UAE, Dubai,Jumeirah Park,Villa,Sale,Unfurnished,Ready,Q4 2026,Azizi Ruby
799999.0,1.0,2.0,949.0, UAE, Dubai, Dubai Sports City,Apartment,Sale,Unfurnished,Ready,Q4 2024,Sunset Bay by Imtiaz
1200000.0,1.0,1.0,785.0, UAE, Dubai, Arjan,Apartment,Sale,Unfurnished,Ready,Q4 2024,Beverly Boulevard
975000.0,1.0,2.0,736.0, UAE, Dubai, Jumeirah Village Circle (JVC),Apartment,Sale,Unfurnished,Ready,Q4 2024,Beverly Boulevard
720000.0,1.0,2.0,815.0, UAE, Dubai, Jumeirah Village Circle (JVC),Apartment,Sale,Unfurnished,Ready,Q4 2024,Beverly Boulevard
875000.0,2.0,1.0,456.0, UAE, Dubai,Jumeirah Lake Towers (JLT),Apartment,Sale,Unfurnished,Ready,Q4 2024,Beverly Boulevard
7600000.0,4.0,5.0,6062.0, UAE, Dubai, Al Furjan,Villa,Sale,Unfurnished,Ready,Q4 2024,Murooj Al Furjan
2500000.0,2.0,3.0,1854.0, UAE, Dubai, Dubai South,Apartment,Sale,Unfurnished,Ready,Q4 2024,Murooj Al Furjan
2575000.0,2.0,2.0,1118.0, UAE, Dubai, Sobha Hartland,Apartment,Sale,Furnished,Ready,Q4 2024,Hartland Waves
875000.0,2.0,1.0,456.0, UAE, Dubai,Jumeirah Lake Towers (JLT),Apartment,Sale,Unfurnished,Ready,Q4 2024,Hartland Waves
30000000.0,6.0,7.0,16730.0, UAE, Dubai, Arabian Ranches,Villa,Sale,Unfurnished,Ready,Q4 2024,Polo Homes
32500000.0,4.0,5.0,5000.0, UAE, Dubai, Palm Jumeirah,Villa,Sale,Furnished,Ready,Q4 2024,Polo Homes
1600000.0,2.0,3.0,759.0, UAE, Dubai, Dubai Marina,Apartment,Sale,Unfurnished,Ready,Q2 2026,Ozone1 Residence
3500000.0,2.0,2.0,1227.0, UAE, Dubai, Bukadra,Apartment,Sale,Unfurnished,Off-Plan,Q4 2027,340 Riverside Crescent
3750000.0,2.0,3.0,1712.0, UAE, Dubai, Business Bay,Apartment,Sale,Unfurnished,Ready,Q4 2027,Canal Bay
3000000.0,2.0,2.0,1077.0, UAE, Dubai, Business Bay,Apartment,Sale,Unfurnished,Ready,Q3 2025,Santorini
815000.0,1.0,2.0,723.0, UAE, Dubai, Jumeirah Village Circle (JVC),Apartment,Sale,Unfurnished,Ready,Q3 2025,JVC District 13
10700000.0,4.0,6.0,4851.0, UAE, Dubai,Jumeirah Park,Villa,Sale,Unfurnished,Ready,Q3 2025,JVC District 13
720000.0,1.0,2.0,815.0, UAE, Dubai, Jumeirah Village Circle (JVC),Apartment,Sale,Unfurnished,Ready,Q4 2026,Beverly Boulevard
799999.0,1.0,2.0,949.0, UAE, Dubai, Dubai Sports City,Apartment,Sale,Unfurnished,Ready,Q4 2026,Beverly Boulevard
975000.0,1.0,2.0,736.0, UAE, Dubai, Jumeirah Village Circle (JVC),Apartment,Sale,Unfurnished,Ready,Q4 2027,Trillionaire Residences by Binghatti
720000.0,1.0,2.0,815.0, UAE, Dubai, Jumeirah Village Circle (JVC),Apartment,Sale,Unfurnished,Ready,Q4 2026,Sunset Bay by Imtiaz
875000.0,2.0,1.0,456.0, UAE, Dubai,Jumeirah Lake Towers (JLT),Apartment,Sale,Unfurnished,Ready,Q2 2024,Imperial Avenue
7600000.0,4.0,5.0,6062.0, UAE, Dubai, Al Furjan,Villa,Sale,Unfurnished,Ready,Q2 2024,Murooj Al Furjan
30000000.0,6.0,7.0,16730.0, UAE, Dubai, Arabian Ranches,Villa,Sale,Unfurnished,Ready,Q2 2024,Polo Homes
32500000.0,4.0,5.0,5000.0, UAE, Dubai, Palm Jumeirah,Villa,Sale,Furnished,Ready,Q2 2024,Polo Homes
3700000.0,3.0,5.0,2851.0, UAE, Dubai, Dubai South,Townhouse,Sale,Furnished,Ready,Q2 2026,Allegro Residences
3250000.0,2.0,3.0,1276.0, UAE, Dubai, DIFC,Apartment,Sale,Unfurnished,Ready,Q2 2026,Sky Gardens DIFC
2300000.0,2.0,3.0,1606.0, UAE, Dubai, Business Bay,Apartment,Sale,Unfurnished,Ready,Q2 2026,Sky Gardens DIFC
14499888.0,4.0,4.0,6552.0, UAE, Dubai, Culture Village (Jaddaf Waterfront),Apartment,Sale,Unfurnished,Ready,Q2 2024,Palazzo Versace
3400000.0,2.0,3.0,1488.0, UAE, Dubai, Downtown Dubai,Apartment,Sale,Unfurnished,Ready,Q1 2025,Palazzo Versace
1649999.0,1.0,2.0,784.0, UAE, Dubai, Sobha Hartland,Apartment,Sale,Unfurnished,Ready,Q2 2026,Creek Vistas Grande
1499999.0,1.0,1.0,610.0, UAE, Dubai,Dubai Marina,Apartment,Sale,Furnished,Ready,Q4 2027,Takaya Tower A
4287088.0,2.0,3.0,1663.0, UAE, Dubai, Business Bay,Apartment,Sale,Unfurnished,Ready,Q4 2027,Takaya Tower A
1080000.0,2.0,1.0,432.0, UAE, Dubai, Business Bay,Apartment,Sale,Furnished,Ready,Q1 2027,MAG 318
620000.0,2.0,1.0,534.0, UAE, Dubai, Dubai Land Residence Complex,Apartment,Sale,Unfurnished,Off-Plan,Q4 2027,The Boulevard by Prestige One
1300000.0,1.0,1.0,875.0, UAE, Dubai, Jumeirah Village Circle (JVC),Apartment,Sale,Unfurnished,Off-Plan,Q4 2024,H Three By Aurora
5999999.0,3.0,3.0,2278.0, UAE, Dubai, The Lakes,Villa,Sale,Unfurnished,Ready,Q4 2024,H Three By Aurora
1500000.0,3.0,3.0,2379.0, UAE, Dubai, International City,Townhouse,Sale,Unfurnished,Ready,Q4 2024,H Three By Aurora
4850000.0,3.0,3.0,1794.0, UAE, Dubai, The Springs,Villa,Sale,Unfurnished,Ready,Q4 2024,The Springs 3
1450000.0,1.0,2.0,939.0, UAE, Dubai, Jumeirah Lake Towers (JLT),Apartment,Sale,Unfurnished,Ready,Q4 2024,The Springs 3
925000.0,1.0,2.0,637.0, UAE, Dubai, Dubai Production City (IMPZ),Apartment,Sale,Furnished,Ready,Q4 2024,The Springs 3
875000.0,1.0,1.0,627.0, UAE, Dubai, Town Square,Apartment,Sale,Unfurnished,Ready,Q4 2024,Rawda Apartments
1070000.0,2.0,1.0,407.0, UAE, Dubai, Jumeirah Lake Towers (JLT),Apartment,Sale,Unfurnished,Off-Plan,Q4 2024,UH WEST BY ELLINGTON
1275000.0,2.0,2.0,1022.0, UAE, Dubai, Arjan,Apartment,Sale,Unfurnished,Ready,Q4 2024,Genesis By Meraki
899000.0,1.0,2.0,1061.0, UAE, Dubai, Jumeirah Village Circle (JVC),Apartment,Sale,Furnished,Ready,Q4 2024,Genesis By Meraki
1200000.0,1.0,2.0,816.0, UAE, Dubai, Jumeirah Village Circle (JVC),Apartment,Sale,Unfurnished,Ready,Q4 2024,Genesis By Meraki
1500000.0,1.0,1.0,853.0, UAE, Dubai, Dubai Hills Estate,Apartment,Sale,Unfurnished,Ready,Q4 2024,Genesis By Meraki
485000.0,2.0,1.0,411.0, UAE, Dubai, Dubai Sports City,Apartment,Sale,Furnished,Ready,Q4 2024,Genesis By Meraki
6500000.0,4.0,5.0,3411.0, UAE, Dubai, Tilal Al Ghaf,Villa,Sale,Unfurnished,Ready,Q4 2024,Aura
1850000.0,2.0,3.0,1410.0, UAE, Dubai, Arjan,Apartment,Sale,Unfurnished,Ready,Q4 2024,Sunrise Legend
6000000.0,4.0,4.0,2462.0, UAE, Dubai, Dubai Hills Estate,Villa,Sale,Unfurnished,Ready,Q4 2024,Sunrise Legend
574999.0,2.0,1.0,346.0, UAE, Dubai, Town Square,Apartment,Sale,Furnished,Ready,Q4 2024,UNA Apartments
1650000.0,1.0,1.0,655.0, UAE, Dubai, Dubai Hills Estate,Apartment,Sale,Unfurnished,Ready,Q4 2024,UNA Apartments
990000.0,1.0,2.0,1038.0, UAE, Dubai, Motor City,Apartment,Sale,Unfurnished,Ready,Q4 2024,UNA Apartments
2800000.0,3.0,3.0,1927.0, UAE, Dubai, Dubailand,Townhouse,Sale,Unfurnished,Ready,Q4 2024,UNA Apartments
1890000.0,2.0,3.0,1203.0, UAE, Dubai, Jumeirah Village Circle (JVC),Apartment,Sale,Unfurnished,Ready,Q4 2024,JVC District 14
1100000.0,1.0,1.0,673.0, UAE, Dubai, Jumeirah Village Circle (JVC),Apartment,Sale,Furnished,Ready,Q4 2024,JVC District 14
4200000.0,4.0,4.0,2327.0, UAE, Dubai, Dubailand,Villa,Sale,Unfurnished,Ready,Q4 2024,JVC District 14
1000000.0,1.0,2.0,623.0, UAE, Dubai, Jumeirah Village Circle (JVC),Apartment,Sale,Unfurnished,Ready,Q4 2024,JVC District 14
1999000.0,2.0,2.0,1068.0, UAE, Dubai, Jumeirah Village Circle (JVC),Apartment,Sale,Furnished,Ready,Q4 2024,JVC District 14
1900000.0,4.0,5.0,2415.0, UAE, Dubai, DAMAC Hills 2 (Akoya by DAMAC),Villa,Sale,Unfurnished,Off-Plan,Q1 2027,Violet
1900000.0,2.0,2.0,1324.0, UAE, Dubai, Business Bay,Apartment,Sale,Furnished,Ready,Q1 2027,Park Central
690000.0,2.0,1.0,416.0, UAE, Dubai,Jumeirah Lake Towers (JLT),Apartment,Sale,Furnished,Off-Plan,Q4 2025,Golf Views Seven City
995000.0,1.0,2.0,809.0, UAE, Dubai, Liwan,Apartment,Sale,Furnished,Ready,Q4 2025,Golf Views Seven City
410000.0,2.0,1.0,487.0, UAE, Dubai, Dubai Investment Park (DIP),Apartment,Sale,Unfurnished,Ready,Q4 2025,Golf Views Seven City
3100000.0,2.0,3.0,1690.0, UAE, Dubai, The Springs,Villa,Sale,Unfurnished,Ready,Q4 2025,The Springs 14
3850000.0,2.0,3.0,1794.0, UAE, Dubai, The Springs,Villa,Sale,Unfurnished,Ready,Q4 2025,The Springs 12
3300000.0,2.0,3.0,1690.0, UAE, Dubai, The Springs,Villa,Sale,Unfurnished,Ready,Q4 2025,The Springs 14
4199999.0,2.0,3.0,1690.0, UAE, Dubai, The Springs,Villa,Sale,Unfurnished,Ready,Q4 2025,The Springs 7
3709888.0,2.0,3.0,1686.0, UAE, Dubai, Culture Village (Jaddaf Waterfront),Apartment,Sale,Unfurnished,Ready,Q4 2025,Palazzo Versace
14499888.0,4.0,4.0,6552.0, UAE, Dubai, Culture Village (Jaddaf Waterfront),Apartment,Sale,Unfurnished,Ready,Q4 2025,Palazzo Versace
3200000.0,1.0,2.0,801.0, UAE, Dubai, Downtown Dubai,Apartment,Sale,Unfurnished,Ready,Q4 2025,Palazzo Versace
1050000.0,2.0,1.0,460.0, UAE, Dubai, Business Bay,Apartment,Sale,Furnished,Ready,Q4 2024,Golf Gate 2
1900000.0,2.0,4.0,943.0, UAE, Dubai, Business Bay,Apartment,Sale,Unfurnished,Ready,Q4 2024,Golf Gate 2
1200000.0,2.0,1.0,331.0, UAE, Dubai, Palm Jumeirah,Apartment,Sale,Furnished,Ready,Q4 2024,Seven Palm
1150000.0,1.0,2.0,933.0, UAE, Dubai, Green Community,Apartment,Sale,Unfurnished,Ready,Q4 2024,Green Community West
2700000.0,2.0,4.0,1690.0, UAE, Dubai, Jumeirah Lake Towers (JLT),Apartment,Sale,Unfurnished,Ready,Q4 2024,Green Community West
530000.0,2.0,1.0,449.0, UAE, Dubai, Dubai South,Apartment,Sale,Furnished,Ready,Q4 2024,Green Community West
2850000.0,2.0,4.0,1462.0, UAE, Dubai, DIFC,Apartment,Sale,Unfurnished,Ready,Q4 2024,Green Community West
1275000.0,1.0,2.0,951.0, UAE, Dubai, Jumeirah Village Circle (JVC),Apartment,Sale,Unfurnished,Ready,Q4 2024,Green Community West
1649999.0,1.0,2.0,784.0, UAE, Dubai, Sobha Hartland,Apartment,Sale,Unfurnished,Ready,Q4 2024,Creek Vistas Grande
4500000.0,3.0,4.0,2744.0, UAE, Dubai, Al Furjan,Townhouse,Sale,Unfurnished,Ready,Q4 2024,Creek Vistas Grande
2199000.0,1.0,2.0,1011.0, UAE, Dubai, Downtown Dubai,Apartment,Sale,Unfurnished,Ready,Q4 2024,Creek Vistas Grande
1050000.0,2.0,1.0,460.0, UAE, Dubai, Business Bay,Apartment,Sale,Furnished,Ready,Q4 2026,SLS Dubai Hotel & Residences
1900000.0,2.0,4.0,943.0, UAE, Dubai, Business Bay,Apartment,Sale,Unfurnished,Ready,Q4 2026,SLS Dubai Hotel & Residences
4500000.0,3.0,4.0,2744.0, UAE, Dubai, Al Furjan,Townhouse,Sale,Unfurnished,Ready,Q4 2026,SLS Dubai Hotel & Residences
2100000.0,3.0,3.0,1583.0, UAE, Dubai, Dubai Marina,Apartment,Sale,Furnished,Ready,Q1 2026,Marina Pinnacle
2400000.0,2.0,3.0,1217.0, UAE, Dubai, DIFC,Apartment,Sale,Unfurnished,Ready,Q1 2026,Marina Pinnacle
1150000.0,1.0,2.0,933.0, UAE, Dubai, Green Community,Apartment,Sale,Unfurnished,Ready,Q1 2027,Green Community West
2480000.0,1.0,2.0,863.0, UAE, Dubai, Business Bay,Apartment,Sale,Unfurnished,Off-Plan,Q1 2027,CANAL CROWN
2700000.0,2.0,4.0,1690.0, UAE, Dubai, Jumeirah Lake Towers (JLT),Apartment,Sale,Unfurnished,Ready,Q4 2026,Binghatti Skyrise Tower A
530000.0,2.0,1.0,449.0, UAE, Dubai, Dubai South,Apartment,Sale,Furnished,Ready,Q4 2026,Binghatti Skyrise Tower A
2850000.0,2.0,4.0,1462.0, UAE, Dubai, DIFC,Apartment,Sale,Unfurnished,Ready,Q4 2026,Binghatti Skyrise Tower A
1275000.0,1.0,2.0,951.0, UAE, Dubai, Jumeirah Village Circle (JVC),Apartment,Sale,Unfurnished,Ready,Q4 2026,Binghatti Skyrise Tower A
1649999.0,1.0,2.0,784.0, UAE, Dubai, Sobha Hartland,Apartment,Sale,Unfurnished,Ready,Q4 2026,Creek Vistas Grande
2200000.0,2.0,3.0,1960.0, UAE, Dubai, Motor City,Apartment,Sale,Furnished,Ready,Q4 2026,Creek Vistas Grande
2600000.0,2.0,2.0,1115.0, UAE, Dubai, Dubai Creek Harbour,Apartment,Sale,Unfurnished,Ready,Q1 2026,Marina Pinnacle
2400000.0,2.0,3.0,1217.0, UAE, Dubai, DIFC,Apartment,Sale,Unfurnished,Ready,Q4 2027,W Residences Dubai Harbour
3000000.0,2.0,3.0,2324.0, UAE, Dubai, Meydan City,Apartment,Sale,Unfurnished,Ready,Q4 2027,Marquise Square
23975000.0,6.0,6.0,9998.0, UAE, Dubai, Dubai Sports City,Villa,Sale,Unfurnished,Ready,Q4 2025,Seslia Tower
1849999.0,1.0,2.0,855.0, UAE, Dubai, Sobha Hartland,Apartment,Sale,Unfurnished,Ready,Q4 2024,Creek Vistas Grande
1750000.0,1.0,2.0,1015.0, UAE, Dubai, DIFC,Apartment,Sale,Furnished,Ready,Q4 2026,Elara Building 3
1495000.0,1.0,2.0,730.0, UAE, Dubai, Al Jaddaf,Apartment,Sale,Furnished,Ready,Q4 2026,Binghatti Skyrise Tower C
12622500.0,4.0,4.0,2661.0, UAE, Dubai, Umm Suqeim,Apartment,Sale,Unfurnished,Ready,Q4 2026,Binghatti Skyrise Tower C
2250000.0,2.0,1.0,553.0, UAE, Dubai, Downtown Dubai,Apartment,Sale,Furnished,Ready,Q4 2027,Address Dubai Mall
1400000.0,2.0,1.0,989.0, UAE, Dubai, Business Bay,Apartment,Sale,Unfurnished,Ready,Q4 2027,Address Dubai Mall
1499999.0,1.0,1.0,610.0, UAE, Dubai,Dubai Marina,Apartment,Sale,Furnished,Ready,Q4 2027,Marquise Square
1849999.0,1.0,2.0,855.0, UAE, Dubai, Sobha Hartland,Apartment,Sale,Unfurnished,Ready,Q4 2025,Creek Vistas Grande
2350000.0,2.0,3.0,1342.0, UAE, Dubai, Jumeirah Beach Residence (JBR),Apartment,Sale,Unfurnished,Ready,Q1 2027,Azurline Residences by MAAS Developers 
2400000.0,2.0,3.0,1373.0, UAE, Dubai, Downtown Dubai,Apartment,Sale,Furnished,Ready,Q1 2027,DAMAC Maison Mall Street (The Signature)
799999.0,2.0,1.0,477.0, UAE, Dubai, DIFC,Apartment,Sale,Furnished,Ready,Q4 2026,Elara Building 3
2650000.0,1.0,1.0,732.0, UAE, Dubai, Dubai Harbour,Apartment,Sale,Unfurnished,Off-Plan,Q4 2025,Elara Building 3
5150000.0,2.0,2.0,1195.0, UAE, Dubai, Dubai Harbour,Apartment,Sale,Unfurnished,Ready,Q4 2025,Elara Building 3
5499999.0,3.0,4.0,1723.0, UAE, Dubai, Downtown Dubai,Apartment,Sale,Unfurnished,Ready,Q4 2025,Elara Building 3
3999999.0,5.0,6.0,2363.0, UAE, Dubai, Downtown Dubai,Apartment,Sale,Unfurnished,Ready,Q4 2025,Elara Building 3
1250000.0,2.0,1.0,603.0, UAE, Dubai, Business Bay,Apartment,Sale,Unfurnished,Ready,Q3 2027,Marquise Square
984999.0,1.0,2.0,666.0, UAE, Dubai, Dubai Production City (IMPZ),Apartment,Sale,Furnished,Ready,Q2 2028,Kempinski Residences Marina
1599999.0,2.0,1.0,601.0, UAE, Dubai, Palm Jumeirah,Apartment,Sale,Furnished,Ready,Q2 2028,Kempinski Residences Marina
999000.0,1.0,2.0,734.0, UAE, Dubai, Dubai Production City (IMPZ),Apartment,Sale,Furnished,Ready,Q2 2028,Kempinski Residences Marina
1250000.0,2.0,1.0,649.0, UAE, Dubai, Business Bay,Apartment,Sale,Unfurnished,Ready,Q2 2028,Marquise Square
565000.0,2.0,1.0,454.0, UAE, Dubai, Dubai Sports City,Apartment,Sale,Furnished,Ready,Q2 2028,Giovanni Boutique Suites
1300000.0,2.0,1.0,660.0, UAE, Dubai, Business Bay,Apartment,Sale,Unfurnished,Ready,Q2 2028,Marquise Square
3000000.0,2.0,3.0,2324.0, UAE, Dubai, Meydan City,Apartment,Sale,Unfurnished,Ready,Q2 2028,Marquise Square
820000.0,1.0,2.0,574.0, UAE, Dubai, Business Bay,Apartment,Sale,Unfurnished,Off-Plan,Q2 2026,Century Tower
23975000.0,6.0,6.0,9998.0, UAE, Dubai, Dubai Sports City,Villa,Sale,Unfurnished,Ready,Q2 2026,Century Tower
3895530.0,2.0,2.0,1649.0, UAE, Dubai, Dubai Sports City,Villa,Sale,Unfurnished,Ready,Q2 2026,Century Tower
700000.0,1.0,1.0,664.0, UAE, Dubai, Dubai Sports City,Apartment,Sale,Furnished,Ready,Q4 2025,Tennis Tower
1699999.0,1.0,2.0,1058.0, UAE, Dubai, Dubai Marina,Apartment,Sale,Unfurnished,Ready,Q4 2025,Ocean Heights
8350000.0,5.0,5.0,5752.0, UAE, Dubai, The Villa,Villa,Sale,Unfurnished,Ready,Q1 2027,The Ponderosa
4000000.0,3.0,3.0,2745.0, UAE, Dubai, Al Furjan,Villa,Sale,Unfurnished,Ready,Q1 2027,The Ponderosa
725000.0,1.0,2.0,640.0, UAE, Dubai, Dubai South,Apartment,Sale,Unfurnished,Ready,Q2 2028,Kempinski Residences Marina
10350000.0,3.0,4.0,2392.0, UAE, Dubai, Palm Jumeirah,Apartment,Sale,Unfurnished,Ready,Q2 2028,Kempinski Residences Marina
1590000.0,2.0,3.0,1236.0, UAE, Dubai, Arjan,Apartment,Sale,Unfurnished,Off-Plan,Q3 2025,Divine Living
5500000.0,4.0,5.0,3616.0, UAE, Dubai, Al Furjan,Townhouse,Sale,Unfurnished,Ready,Q3 2025,Divine Living
3650000.0,3.0,3.0,2411.0, UAE, Dubai, Al Furjan,Townhouse,Sale,Unfurnished,Ready,Q3 2025,Divine Living
2000000.0,2.0,4.0,1509.0, UAE, Dubai, Jumeirah Village Triangle (JVT),Apartment,Sale,Furnished,Ready,Q3 2025,555 PARK VIEWS
1125000.0,2.0,1.0,440.0, UAE, Dubai, Arjan,Apartment,Sale,Unfurnished,Off-Plan,Q4 2026,Empire Estates
1500000.0,2.0,3.0,952.0, UAE, Dubai, Culture Village (Jaddaf Waterfront),Apartment,Sale,Furnished,Ready,Q4 2026,The Pearl
925000.0,1.0,1.0,760.0, UAE, Dubai, Al Furjan,Apartment,Sale,Furnished,Ready,Q4 2026,Azizi Roy Mediterranean
980000.0,1.0,2.0,893.0, UAE, Dubai, Al Furjan,Apartment,Sale,Furnished,Ready,Q4 2026,Azizi Roy Mediterranean
984999.0,1.0,2.0,666.0, UAE, Dubai, Dubai Production City (IMPZ),Apartment,Sale,Furnished,Ready,Q4 2026,Azizi Roy Mediterranean
3000000.0,3.0,4.0,1988.0, UAE, Dubai, The Valley by Emaar,Townhouse,Sale,Unfurnished,Ready,Q4 2026,Eden
4800000.0,4.0,4.0,2354.0, UAE, Dubai, Tilal Al Ghaf,Townhouse,Sale,Furnished,Ready,Q4 2026,Elan
710000.0,2.0,1.0,734.0, UAE, Dubai, Motor City,Apartment,Sale,Unfurnished,Ready,Q4 2026,Elan
960000.0,1.0,2.0,633.0, UAE, Dubai, Jumeirah Village Circle (JVC),Apartment,Sale,Unfurnished,Ready,Q4 2026,Elan
950000.0,1.0,2.0,633.0, UAE, Dubai, Jumeirah Village Circle (JVC),Apartment,Sale,Unfurnished,Ready,Q4 2026,Elan
1599999.0,2.0,1.0,601.0, UAE, Dubai, Palm Jumeirah,Apartment,Sale,Furnished,Ready,Q4 2026,Elan
999000.0,1.0,2.0,734.0, UAE, Dubai, Dubai Production City (IMPZ),Apartment,Sale,Furnished,Ready,Q4 2026,Elan
2400000.0,2.0,3.0,1373.0, UAE, Dubai, Downtown Dubai,Apartment,Sale,Furnished,Ready,Q2 2028,DAMAC Maison Mall Street (The Signature)
1250000.0,2.0,1.0,603.0, UAE, Dubai, Business Bay,Apartment,Sale,Unfurnished,Ready,Q2 2028,Marquise Square
984999.0,1.0,2.0,666.0, UAE, Dubai, Dubai Marina,Apartment,Sale,Unfurnished,Off-Plan,Q2 2028,Kempinski Residences Marina
725000.0,1.0,2.0,640.0, UAE, Dubai, Dubai South,Apartment,Sale,Unfurnished,Ready,Q1 2027,The Ponderosa
984999.0,1.0,2.0,666.0, UAE, Dubai, Dubai Production City (IMPZ),Apartment,Sale,Furnished,Ready,Q1 2027,The Ponderosa
10350000.0,3.0,4.0,2392.0, UAE, Dubai, Palm Jumeirah,Apartment,Sale,Unfurnished,Ready,Q1 2027,The Ponderosa
1599999.0,2.0,1.0,601.0, UAE, Dubai, Palm Jumeirah,Apartment,Sale,Furnished,Ready,Q4 2026,Eden
960000.0,1.0,2.0,634.0, UAE, Dubai, Jumeirah Village Circle (JVC),Apartment,Sale,Unfurnished,Ready,Q4 2026,Elan
1599999.0,2.0,1.0,601.0, UAE, Dubai, Palm Jumeirah,Apartment,Sale,Furnished,Ready,Q1 2027,The Ponderosa
1750000.0,1.0,1.0,684.0, UAE, Dubai, Dubai Creek Harbour,Apartment,Sale,Furnished,Ready,Q4 2026,Elan
925000.0,1.0,1.0,760.0, UAE, Dubai, Al Furjan,Apartment,Sale,Furnished,Ready,Q2 2028,Azizi Roy Mediterranean
980000.0,1.0,2.0,893.0, UAE, Dubai, Al Furjan,Apartment,Sale,Furnished,Ready,Q2 2028,Azizi Roy Mediterranean
2250000.0,2.0,3.0,1249.0, UAE, Dubai, Business Bay,Apartment,Sale,Unfurnished,Off-Plan,Q4 2024,Regalia by Deyaar
3209700.0,2.0,3.0,1972.0, UAE, Dubai, Al Satwa,Apartment,Sale,Furnished,Ready,Q4 2024,Regalia by Deyaar
2100000.0,2.0,2.0,756.0, UAE, Dubai, Meydan City,Apartment,Sale,Unfurnished,Off-Plan,Q3 2024,Azizi Riviera 61
950000.0,2.0,1.0,572.0, UAE, Dubai, Business Bay,Apartment,Sale,Furnished,Ready,Q3 2024,DAMAC Maison Majestine
2200000.0,2.0,3.0,1375.0, UAE, Dubai, Jumeirah Golf Estates,Apartment,Sale,Unfurnished,Ready,Q3 2024,DAMAC Maison Majestine
2673527.0,3.0,5.0,1628.0, UAE, Dubai, Motor City,Apartment,Sale,Unfurnished,Off-Plan,Q4 2027,Takaya Tower A
1971567.0,2.0,2.0,1187.0, UAE, Dubai, Motor City,Apartment,Sale,Unfurnished,Off-Plan,Q4 2027,Takaya Tower A
1378607.0,1.0,1.0,828.0, UAE, Dubai, Motor City,Apartment,Sale,Unfurnished,Off-Plan,Q4 2027,Takaya Tower A
4700000.0,4.0,3.0,2798.0, UAE, Dubai, Dubai Marina,Apartment,Sale,Unfurnished,Ready,Q4 2027,Marina Sail
830000.0,1.0,1.0,835.0, UAE, Dubai, Arjan,Apartment,Sale,Furnished,Ready,Q4 2027,Orion Building
3000000.0,3.0,4.0,1988.0, UAE, Dubai, The Valley by Emaar,Townhouse,Sale,Unfurnished,Ready,Q4 2027,Eden
2532888.0,3.0,3.0,2070.0, UAE, Dubai, Town Square,Apartment,Sale,Unfurnished,Off-Plan,Q4 2027,Odessa
946888.0,1.0,2.0,645.0, UAE, Dubai, Town Square,Apartment,Sale,Unfurnished,Off-Plan,Q4 2027,Odessa
1520888.0,2.0,2.0,1237.0, UAE, Dubai, Town Square,Apartment,Sale,Unfurnished,Off-Plan,Q4 2027,Odessa
2450000.0,2.0,3.0,1403.0, UAE, Dubai, Arjan,Apartment,Sale,Unfurnished,Ready,Q4 2027,Curve by Sentro
1650000.0,1.0,2.0,910.0, UAE, Dubai, Business Bay,Apartment,Sale,Furnished,Ready,Q4 2027,Nobles Tower
7000000.0,5.0,7.0,4935.0, UAE, Dubai, DAMAC Hills,Villa,Sale,Furnished,Ready,Q4 2027,Picadilly Green
2900000.0,2.0,3.0,1909.0, UAE, Dubai, Jumeirah Village Circle (JVC),Apartment,Sale,Furnished,Ready,Q4 2027,Picadilly Green
2150000.0,1.0,1.0,740.0, UAE, Dubai, Za'abeel,Apartment,Sale,Unfurnished,Off-Plan,Q3 2029,Address Residences Zabeel Tower 3
3100000.0,4.0,5.0,2608.0, UAE, Dubai, The Valley by Emaar,Townhouse,Sale,Unfurnished,Off-Plan,Q3 2026,Elora
28500000.0,7.0,9.0,15000.0, UAE, Dubai,Al Wasl,Villa,Sale,Furnished,Ready,Q3 2026,Elora
4800000.0,4.0,4.0,2354.0, UAE, Dubai, Tilal Al Ghaf,Townhouse,Sale,Furnished,Ready,Q3 2026,Elan
4500000.0,3.0,4.0,2744.0, UAE, Dubai, Al Furjan,Townhouse,Sale,Unfurnished,Ready,Q3 2026,Elan
715000.0,1.0,1.0,689.0, UAE, Dubai, Remraam,Apartment,Sale,Unfurnished,Ready,Q3 2026,Elan
40000000.0,3.0,5.0,3256.0, UAE, Dubai, Palm Jumeirah,Apartment,Sale,Unfurnished,Ready,Q3 2026,Elan
2700000.0,3.0,4.0,1951.0, UAE, Dubai, The Valley by Emaar,Townhouse,Sale,Unfurnished,Off-Plan,Q3 2027,Nima
2750000.0,3.0,3.0,1951.0, UAE, Dubai, The Valley by Emaar,Townhouse,Sale,Unfurnished,Off-Plan,Q3 2027,Nima
710000.0,2.0,1.0,734.0, UAE, Dubai, Motor City,Apartment,Sale,Unfurnished,Ready,Q3 2027,Nima
960000.0,1.0,2.0,633.0, UAE, Dubai, Jumeirah Village Circle (JVC),Apartment,Sale,Unfurnished,Ready,Q3 2027,Nima
950000.0,1.0,2.0,633.0, UAE, Dubai, Jumeirah Village Circle (JVC),Apartment,Sale,Unfurnished,Ready,Q3 2027,Nima
960000.0,1.0,2.0,634.0, UAE, Dubai, Jumeirah Village Circle (JVC),Apartment,Sale,Unfurnished,Ready,Q3 2027,Nima
1750000.0,1.0,1.0,684.0, UAE, Dubai, Dubai Creek Harbour,Apartment,Sale,Furnished,Ready,Q3 2027,Nima
1311800.0,1.0,2.0,936.0, UAE, Dubai, Wasl Gate,Apartment,Sale,Furnished,Off-Plan,Q1 2027,Hammock Park
2650000.0,1.0,1.0,800.0, UAE, Dubai, Dubai Harbour,Apartment,Sale,Unfurnished,Off-Plan,Q4 2025,Beach Mansion Tower 1
1249123.0,1.0,1.0,811.0, UAE, Dubai, Jumeirah Village Circle (JVC),Apartment,Sale,Furnished,Off-Plan,Q2 2027,Q Gardens Aliya
3050000.0,2.0,3.0,1979.0, UAE, Dubai, Jumeirah Lake Towers (JLT),Apartment,Sale,Unfurnished,Ready,Q2 2027,Q Gardens Aliya
18000000.0,10.0,10.0,15257.0, UAE, Dubai,Al Mamzar,Villa,Sale,Unfurnished,Ready,Q2 2027,Q Gardens Aliya
3529499.0,2.0,3.0,1587.0, UAE, Dubai, Business Bay,Apartment,Sale,Unfurnished,Off-Plan,Q2 2026,One by Binghatti
1125034.0,1.0,1.0,1083.0, UAE, Dubai, Dubai Land Residence Complex,Apartment,Sale,Unfurnished,Ready,Q2 2026,4Direction Residence 1
3400000.0,3.0,4.0,2558.0, UAE, Dubai, Dubai South,Townhouse,Sale,Unfurnished,Ready,Q2 2026,4Direction Residence 1
715000.0,1.0,2.0,630.0, UAE, Dubai, Jumeirah Village Circle (JVC),Apartment,Sale,Furnished,Ready,Q2 2026,4Direction Residence 1
1544130.0,2.0,2.0,1079.0, UAE, Dubai, Majan,Apartment,Sale,Unfurnished,Off-Plan,Q2 2027,Samana Barari Views
888000.0,1.0,2.0,750.0, UAE, Dubai, Dubai Investment Park (DIP),Apartment,Sale,Unfurnished,Off-Plan,Q4 2027,Damac Riverside
1224080.0,1.0,2.0,771.0, UAE, Dubai, Majan,Apartment,Sale,Unfurnished,Off-Plan,Q1 2028,Samana Barari Lagoons
3250000.0,3.0,4.0,2204.0, UAE, Dubai, Arabian Ranches 3,Villa,Sale,Unfurnished,Ready,Q1 2028,Bliss
1600000.0,1.0,1.0,1621.0, UAE, Dubai, Jumeirah Village Circle (JVC),Apartment,Sale,Furnished,Ready,Q1 2028,Bliss
760000.0,1.0,2.0,831.0, UAE, Dubai, Dubai Land Residence Complex,Apartment,Sale,Unfurnished,Off-Plan,Q3 2026,AG Square
1717888.0,1.0,1.0,764.0, UAE, Dubai, Dubai Hills Estate,Apartment,Sale,Unfurnished,Off-Plan,Q1 2029,Parkwood Tower A
8850000.0,5.0,6.0,5398.0, UAE, Dubai, Palm Jumeirah,Townhouse,Sale,Furnished,Ready,Q1 2029,Parkwood Tower A
700000.0,2.0,1.0,420.0, UAE, Dubai, Business Bay,Apartment,Sale,Furnished,Ready,Q1 2029,Parkwood Tower A
3650000.0,3.0,4.0,1481.0, UAE, Dubai, Mohammed Bin Rashid City,Townhouse,Sale,Unfurnished,Ready,Q1 2029,Parkwood Tower A
1200000.0,1.0,2.0,894.0, UAE, Dubai, Jumeirah Village Circle (JVC),Apartment,Sale,Unfurnished,Off-Plan,Q3 2026,Havelock Heights
650000.0,2.0,1.0,388.0, UAE, Dubai, Arjan,Apartment,Sale,Unfurnished,Off-Plan,Q4 2026,One Beverly
2550000.0,2.0,2.0,1264.0, UAE, Dubai, Business Bay,Apartment,Sale,Unfurnished,Ready,Q2 2026,Canal Bay
4099999.0,2.0,3.0,1794.0, UAE, Dubai, The Springs,Villa,Sale,Unfurnished,Ready,Q4 2025,The Springs 7
11000000.0,4.0,5.0,4335.0, UAE, Dubai,Jumeirah Park,Villa,Sale,Unfurnished,Ready,Q4 2025,The Springs 7
3700000.0,3.0,5.0,2851.0, UAE, Dubai, Dubai South,Townhouse,Sale,Furnished,Ready,Q2 2026,Ozone1 Residence
5500000.0,3.0,4.0,3058.0, UAE, Dubai, Nad Al Sheba,Townhouse,Sale,Unfurnished,Off-Plan,Q4 2024,Ozone1 Residence
3250000.0,2.0,3.0,1276.0, UAE, Dubai, DIFC,Apartment,Sale,Unfurnished,Ready,Q4 2026,Sky Gardens DIFC
2300000.0,2.0,3.0,1606.0, UAE, Dubai, Business Bay,Apartment,Sale,Unfurnished,Ready,Q4 2026,Sky Gardens DIFC
3709888.0,2.0,3.0,1686.0, UAE, Dubai, Culture Village (Jaddaf Waterfront),Apartment,Sale,Unfurnished,Ready,Q4 2026,Palazzo Versace
14499888.0,4.0,4.0,6552.0, UAE, Dubai, Culture Village (Jaddaf Waterfront),Apartment,Sale,Unfurnished,Ready,Q4 2026,Palazzo Versace
175000000.0,5.0,6.0,11794.0, UAE, Dubai, Business Bay,Penthouse,Sale,Unfurnished,Off-Plan,Q2 2026,Burj Binghatti Jacob & Co Residences
4099888.0,4.0,5.0,2015.0, UAE, Dubai, Mohammed Bin Rashid City,Villa,Sale,Unfurnished,Off-Plan,Q2 2026,THE FIELDS AT D11 - MBRMC
1399898.0,1.0,2.0,712.0, UAE, Dubai, Business Bay,Apartment,Sale,Unfurnished,Off-Plan,Q4 2024,Regalia by Deyaar
1499888.0,1.0,2.0,979.0, UAE, Dubai, Business Bay,Apartment,Sale,Furnished,Ready,Q4 2024,DAMAC Maison Canal Views
1500000.0,2.0,1.0,434.0, UAE, Dubai, Business Bay,Apartment,Sale,Unfurnished,Off-Plan,Q1 2027,CANAL CROWN
699000.0,2.0,1.0,469.0, UAE, Dubai, Dubai Land Residence Complex,Apartment,Sale,Furnished,Off-Plan,Q1 2027,Cove Living Residence By Imtiaz
1007154.0,1.0,1.0,546.0, UAE, Dubai,Motor City,Apartment,Sale,Unfurnished,Off-Plan,Q4 2028,Sobha Solis Tower A
2149888.0,1.0,2.0,885.0, UAE, Dubai, Mohammed Bin Rashid City,Apartment,Sale,Unfurnished,Ready,Q4 2028,Sobha Solis Tower A
1259999.0,1.0,2.0,859.0, UAE, Dubai, Dubai Festival City,Apartment,Sale,Unfurnished,Ready,Q4 2028,Al Badia Hillside Village
2550000.0,2.0,2.0,980.0, UAE, Dubai, Dubai Hills Estate,Apartment,Sale,Unfurnished,Off-Plan,Q4 2025,Park Field Building 1
649999.0,2.0,1.0,353.0, UAE, Dubai, Al Jaddaf,Apartment,Sale,Furnished,Ready,Q4 2025,Park Field Building 1
2199888.0,1.0,2.0,763.0, UAE, Dubai, Dubai Creek Harbour,Apartment,Sale,Unfurnished,Off-Plan,Q2 2028,Aeon Tower 1
845000.0,1.0,2.0,653.0, UAE, Dubai, Jumeirah Village Circle (JVC),Apartment,Sale,Furnished,Ready,Q2 2028,Aeon Tower 1
2128000.0,2.0,2.0,1138.0, UAE, Dubai, Nad Al Sheba,Apartment,Sale,Unfurnished,Off-Plan,Q4 2025,One by Nine
4300000.0,4.0,6.0,2745.0, UAE, Dubai, Dubai South,Townhouse,Sale,Unfurnished,Off-Plan,Q2 2026,One by Nine
2800000.0,1.0,2.0,891.0, UAE, Dubai, DIFC,Apartment,Sale,Unfurnished,Ready,Q2 2026,Index Tower
1800000.0,1.0,1.0,679.0, UAE, Dubai, Dubai Creek Harbour,Apartment,Sale,Furnished,Ready,Q2 2026,Index Tower
4399999.0,4.0,5.0,2015.0, UAE, Dubai, Mohammed Bin Rashid City,Villa,Sale,Unfurnished,Off-Plan,Q2 2026,THE FIELDS AT D11 - MBRMC
3199200.0,1.0,2.0,986.0, UAE, Dubai, Downtown Dubai,Apartment,Sale,Unfurnished,Ready,Q2 2026,Burj Khalifa
1599000.0,2.0,4.0,1120.0, UAE, Dubai, Dubailand,Villa,Sale,Unfurnished,Ready,Q2 2026,Burj Khalifa
2799888.0,2.0,3.0,1192.0, UAE, Dubai, Mohammed Bin Rashid City,Apartment,Sale,Unfurnished,Ready,Q2 2026,Burj Khalifa
1800000.0,1.0,2.0,936.0, UAE, Dubai, Downtown Dubai,Apartment,Sale,Unfurnished,Ready,Q2 2026,Burj Khalifa
14999999.0,3.0,4.0,2181.0, UAE, Dubai, Downtown Dubai,Apartment,Sale,Furnished,Ready,Q2 2026,Burj Khalifa
1699888.0,1.0,2.0,890.0, UAE, Dubai, DIFC,Apartment,Sale,Unfurnished,Ready,Q2 2026,Sky Gardens DIFC
1430000.0,1.0,2.0,971.0, UAE, Dubai, Jumeirah Village Circle (JVC),Apartment,Sale,Unfurnished,Off-Plan,Q4 2025,Hadley Heights
5399888.0,2.0,2.0,1210.0, UAE, Dubai, Downtown Dubai,Apartment,Sale,Furnished,Off-Plan,Q4 2022,Vida Dubai Mall Tower 1
2182800.0,1.0,2.0,1538.0, UAE, Dubai, Dubai Festival City,Apartment,Sale,Unfurnished,Ready,Q4 2022,Al Badia Hillside Village
3349888.0,1.0,2.0,926.0, UAE, Dubai, Downtown Dubai,Apartment,Sale,Furnished,Ready,Q4 2022,The Address Downtown Hotel (Lake Hotel)
1479767.0,2.0,3.0,1036.0, UAE, Dubai, Jebel Ali,Apartment,Sale,Unfurnished,Off-Plan,Q2 2027,Eleve by Deyaar
2599888.0,2.0,4.0,1294.0, UAE, Dubai, Dubai Marina,Apartment,Sale,Unfurnished,Ready,Q2 2027,DAMAC Heights
5399898.0,3.0,2.0,2996.0, UAE, Dubai, Jumeirah Beach Residence (JBR),Apartment,Sale,Furnished,Ready,Q2 2027,DAMAC Heights
5000000.0,3.0,5.0,1946.0, UAE, Dubai, Dubai Hills Estate,Apartment,Sale,Unfurnished,Ready,Q2 2027,DAMAC Heights
1600000.0,2.0,1.0,436.0, UAE, Dubai, Business Bay,Apartment,Sale,Unfurnished,Off-Plan,Q1 2027,CANAL CROWN
1700000.0,1.0,2.0,1544.0, UAE, Dubai, Business Bay,Apartment,Sale,Unfurnished,Ready,Q1 2027,CANAL CROWN
3899998.0,1.0,1.0,795.0, UAE, Dubai, Dubai Harbour,Apartment,Sale,Unfurnished,Off-Plan,Q4 2026,Beachgate by Address
2650000.0,2.0,2.0,1216.0, UAE, Dubai, The Views,Apartment,Sale,Unfurnished,Off-Plan,Q4 2026,Golf Heights
1100000.0,1.0,2.0,746.0, UAE, Dubai, Jumeirah Village Circle (JVC),Apartment,Sale,Unfurnished,Off-Plan,Q4 2024,Binghatti Azure
15479000.0,4.0,4.0,5208.0, UAE, Dubai, Dubai Marina,Apartment,Sale,Furnished,Off-Plan,Q2 2028,Six Senses Residences Dubai Marina
33594000.0,6.0,7.0,12720.0, UAE, Dubai, Tilal Al Ghaf,Villa,Sale,Furnished,Off-Plan,Q4 2026,Serenity Mansions
5000000.0,6.0,6.0,4581.0, UAE, Dubai, DAMAC Hills 2 (Akoya by DAMAC),Villa,Sale,Unfurnished,Ready,Q4 2026,Primrose
36481000.0,6.0,7.0,12887.0, UAE, Dubai, Tilal Al Ghaf,Villa,Sale,Furnished,Off-Plan,Q4 2026,Serenity Mansions
5000000.0,2.0,3.0,1203.0, UAE, Dubai, Jumeirah Beach Residence (JBR),Apartment,Sale,Furnished,Ready,Q4 2026,Serenity Mansions
3700000.0,2.0,1.0,711.0, UAE, Dubai, Jumeirah Beach Residence (JBR),Apartment,Sale,Furnished,Ready,Q4 2026,FIVE Luxe
825000.0,1.0,1.0,632.0, UAE, Dubai, Town Square,Apartment,Sale,Unfurnished,Ready,Q4 2026,FIVE Luxe
2300000.0,3.0,4.0,1511.0, UAE, Dubai, Dubailand,Villa,Sale,Unfurnished,Ready,Q4 2026,FIVE Luxe
2600000.0,2.0,1.0,552.0, UAE, Dubai, Downtown Dubai,Apartment,Sale,Furnished,Ready,Q4 2026,Kempinski Central Avenue Dubai
2800000.0,3.0,4.0,2053.0, UAE, Dubai, Town Square,Villa,Sale,Unfurnished,Ready,Q4 2026,Zahra Townhouses
3300000.0,2.0,2.0,1258.0, UAE, Dubai, Dubai Creek Harbour,Apartment,Sale,Unfurnished,Off-Plan,Q4 2028,Arlo at Creek Beach Harbour
12900000.0,4.0,4.0,9558.0, UAE, Dubai, Falcon City of Wonders,Villa,Sale,Unfurnished,Ready,Q4 2028,Western Residence North
5795000.0,4.0,5.0,3952.0, UAE, Dubai, Al Furjan,Townhouse,Sale,Unfurnished,Off-Plan,Q4 2024,Western Residence North
2900000.0,3.0,4.0,2217.0, UAE, Dubai, Mudon,Townhouse,Sale,Unfurnished,Off-Plan,Q1 2026,Western Residence North
2500000.0,1.0,1.0,719.0, UAE, Dubai, Downtown Dubai,Apartment,Sale,Unfurnished,Ready,Q1 2026,Kempinski Central Avenue Dubai
4099888.0,4.0,5.0,3658.0, UAE, Dubai, The Valley by Emaar,Villa,Sale,Unfurnished,Off-Plan,Q1 2027,Rivana
3500000.0,3.0,5.0,3742.0, UAE, Dubai, Dubai South,Villa,Sale,Unfurnished,Ready,Q1 2027,Rivana
3400000.0,5.0,5.0,1550.0, UAE, Dubai, DAMAC Lagoons,Villa,Sale,Unfurnished,Off-Plan,Q4 2026,Morocco
785000.0,1.0,2.0,882.0, UAE, Dubai, Discovery Gardens,Apartment,Sale,Unfurnished,Ready,Q4 2026,Mediterranean
1150000.0,2.0,1.0,553.0, UAE, Dubai, Business Bay,Apartment,Sale,Unfurnished,Ready,Q4 2026,J One
1500000.0,1.0,2.0,742.0, UAE, Dubai, DAMAC Lagoons,Apartment,Sale,Furnished,Off-Plan,Q1 2027,Lagoon Views
1300000.0,1.0,1.0,474.0, UAE, Dubai, Dubai Hills Estate,Apartment,Sale,Furnished,Ready,Q1 2027,Lagoon Views
1578922.0,2.0,3.0,1057.0, UAE, Dubai, Jumeirah Village Circle (JVC),Apartment,Sale,Furnished,Off-Plan,Q2 2026,Ozone1 Residence
2400000.0,2.0,1.0,1102.0, UAE, Dubai, Dubai Hills Estate,Apartment,Sale,Unfurnished,Off-Plan,Q4 2026,Ozone1 Residence
11025000.0,4.0,4.0,3325.0, UAE, Dubai, Dubai Marina,Apartment,Sale,Unfurnished,Off-Plan,Q2 2028,Six Senses Residences Dubai Marina
1870000.0,1.0,1.0,776.0, UAE, Dubai, Dubai Creek Harbour,Apartment,Sale,Unfurnished,Off-Plan,Q4 2027,Creek Waters 2
3120000.0,3.0,4.0,2515.0, UAE, Dubai, The Valley by Emaar,Townhouse,Sale,Unfurnished,Off-Plan,Q3 2028,Velora
1550000.0,1.0,1.0,649.0, UAE, Dubai, Dubai Hills Estate,Apartment,Sale,Furnished,Ready,Q3 2028,Velora
1025000.0,1.0,2.0,700.0, UAE, Dubai, Jumeirah Village Circle (JVC),Apartment,Sale,Unfurnished,Ready,Q3 2028,Velora
12000000.0,4.0,5.0,5813.0, UAE, Dubai, The Meadows,Villa,Sale,Unfurnished,Ready,Q3 2028,The Meadows 1
7199999.0,5.0,5.0,3383.0, UAE, Dubai, Arabian Ranches 2,Villa,Sale,Unfurnished,Ready,Q3 2028,Casa
6200000.0,4.0,4.0,2448.0, UAE, Dubai, Tilal Al Ghaf,Villa,Sale,Furnished,Off-Plan,Q3 2024,Aura
670000.0,2.0,1.0,365.0, UAE, Dubai, Dubai South,Apartment,Sale,Unfurnished,Off-Plan,Q2 2026,AZIZI VENICE 14
1825000.0,1.0,2.0,667.0, UAE, Dubai, Dubai Marina,Apartment,Sale,Furnished,Ready,Q2 2026,Iris Blue
5500000.0,5.0,5.0,2921.0, UAE, Dubai, Jumeirah Beach Residence (JBR),Apartment,Sale,Furnished,Ready,Q2 2026,Iris Blue
1000000.0,1.0,1.0,637.0, UAE, Dubai, Business Bay,Apartment,Sale,Furnished,Ready,Q2 2026,Iris Blue
3200000.0,5.0,5.0,2516.0, UAE, Dubai, DAMAC Hills 2 (Akoya by DAMAC),Villa,Sale,Furnished,Off-Plan,Q1 2027,Park Greens
920000.0,1.0,2.0,769.0, UAE, Dubai, Jumeirah Village Circle (JVC),Apartment,Sale,Unfurnished,Ready,Q1 2027,Park Greens
1465782.0,2.0,2.0,1086.0, UAE, Dubai, Jumeirah Village Circle (JVC),Apartment,Sale,Unfurnished,Off-Plan,Q4 2025,Gateway by Premier Choice
1050000.0,1.0,2.0,846.0, UAE, Dubai, Dubai Science Park,Apartment,Sale,Unfurnished,Ready,Q4 2025,Orchid Residence
3500000.0,3.0,4.0,1618.0, UAE, Dubai, Sobha Hartland,Apartment,Sale,Unfurnished,Off-Plan,Q2 2026,Sobha Crest Grande
2650000.0,1.0,2.0,975.0, UAE, Dubai, Downtown Dubai,Apartment,Sale,Unfurnished,Ready,Q2 2026,Boulevard Point
650000.0,1.0,2.0,840.0, UAE, Dubai, Dubai Silicon Oasis (DSO),Apartment,Sale,Unfurnished,Ready,Q2 2026,Boulevard Point
1350000.0,1.0,2.0,791.0, UAE, Dubai, Jumeirah Village Circle (JVC),Apartment,Sale,Unfurnished,Off-Plan,Q2 2025,Binghatti Phantom
8500000.0,5.0,7.0,5291.0, UAE, Dubai, Athlon by Aldar,Villa,Sale,Unfurnished,Off-Plan,Q2 2028,Theon
1280000.0,1.0,2.0,722.0, UAE, Dubai, Dubai Marina,Apartment,Sale,Unfurnished,Ready,Q2 2028,Skyview Tower
10000000.0,5.0,6.0,6458.0, UAE, Dubai, Al Furjan,Villa,Sale,Unfurnished,Ready,Q2 2028,Al Furjan West
2450000.0,2.0,1.0,552.0, UAE, Dubai, Downtown Dubai,Apartment,Sale,Furnished,Ready,Q2 2028,Kempinski Central Avenue Dubai
1300000.0,1.0,2.0,928.0, UAE, Dubai, Jumeirah Village Circle (JVC),Apartment,Sale,Unfurnished,Off-Plan,Q2 2025,Riviera Chalet
1200000.0,1.0,2.0,700.0, UAE, Dubai, Arjan,Apartment,Sale,Unfurnished,Off-Plan,Q2 2025,Vincitore Volare
2350000.0,3.0,3.0,1944.0, UAE, Dubai, Dubai South,Townhouse,Sale,Unfurnished,Ready,Q2 2025,Vincitore Volare
6000000.0,3.0,4.0,2086.0, UAE, Dubai, Mohammed Bin Rashid City,Apartment,Sale,Unfurnished,Ready,Q2 2025,Vincitore Volare
2600000.0,2.0,1.0,646.0, UAE, Dubai, Downtown Dubai,Apartment,Sale,Furnished,Ready,Q2 2025,Kempinski Central Avenue Dubai
2100000.0,1.0,2.0,886.0, UAE, Dubai, Business Bay,Apartment,Sale,Furnished,Ready,Q2 2025,Kempinski Central Avenue Dubai
13500000.0,4.0,6.0,8000.0, UAE, Dubai,Jumeirah Park,Villa,Sale,Unfurnished,Ready,Q2 2025,Kempinski Central Avenue Dubai
830000.0,1.0,2.0,675.0, UAE, Dubai, Jumeirah Village Circle (JVC),Apartment,Sale,Furnished,Ready,Q2 2025,Kempinski Central Avenue Dubai
4870000.0,3.0,3.0,1930.0, UAE, Dubai, Dubai Creek Harbour,Apartment,Sale,Unfurnished,Ready,Q2 2025,Kempinski Central Avenue Dubai
5500000.0,3.0,4.0,1532.0, UAE, Dubai, Downtown Dubai,Apartment,Sale,Unfurnished,Ready,Q2 2025,Kempinski Central Avenue Dubai
693086.0,1.0,2.0,743.0, UAE, Dubai, Majan,Apartment,Sale,Furnished,Off-Plan,Q1 2027,Jade Tower
28000000.0,6.0,7.0,20609.0, UAE, Dubai, Arabian Ranches,Villa,Sale,Unfurnished,Ready,Q1 2027,Polo Homes
2150000.0,2.0,4.0,1555.0, UAE, Dubai, Al Furjan,Apartment,Sale,Unfurnished,Ready,Q1 2027,Topaz Avenue
7800000.0,4.0,6.0,6077.0, UAE, Dubai, Al Furjan,Villa,Sale,Unfurnished,Ready,Q1 2027,Murooj Al Furjan
540000.0,1.0,1.0,733.0, UAE, Dubai, Dubai Land Residence Complex,Apartment,Sale,Unfurnished,Ready,Q1 2027,Murooj Al Furjan
15900000.0,4.0,6.0,3855.0, UAE, Dubai, Al Wasl,Apartment,Sale,Unfurnished,Off-Plan,Q3 2028,Verve Tower B
1000000.0,2.0,1.0,324.0, UAE, Dubai, Jumeirah Village Circle (JVC),Apartment,Sale,Unfurnished,Ready,Q3 2028,Verve Tower B
3049000.0,2.0,2.0,1157.0, UAE, Dubai, Dubai Design District,Apartment,Sale,Unfurnished,Off-Plan,Q1 2027,Design Quarter Tower B
6500000.0,5.0,5.0,5973.0, UAE, Dubai, The Villa,Villa,Sale,Furnished,Ready,Q1 2027,Hacienda
750000.0,1.0,1.0,450.0, UAE, Dubai, Jumeirah Lake Towers (JLT),Apartment,Sale,Furnished,Ready,Q1 2027,Hacienda
1300000.0,1.0,1.0,739.0, UAE, Dubai, The Greens,Apartment,Sale,Unfurnished,Ready,Q1 2027,Hacienda
3000000.0,2.0,2.0,1256.0, UAE, Dubai, Al Mina,Apartment,Sale,Unfurnished,Off-Plan,Q2 2028,Ocean Point Building 2
3600000.0,3.0,3.0,2350.0, UAE, Dubai, Dubailand,Villa,Sale,Unfurnished,Off-Plan,Q3 2028,Ocean Point Building 2
1800000.0,1.0,2.0,774.0, UAE, Dubai, Business Bay,Apartment,Sale,Furnished,Off-Plan,Q4 2027,Safa Two de Grisogono
1185000.0,1.0,2.0,718.0, UAE, Dubai, Jumeirah Village Circle (JVC),Apartment,Sale,Unfurnished,Off-Plan,Q4 2025,10 Oxford
1445000.0,1.0,1.0,780.0, UAE, Dubai, DAMAC Lagoons,Apartment,Sale,Unfurnished,Off-Plan,Q2 2027,Lagoon Views 12
1515000.0,1.0,1.0,780.0, UAE, Dubai, DAMAC Lagoons,Apartment,Sale,Unfurnished,Off-Plan,Q2 2027,Lagoon Views 12
980000.0,1.0,2.0,765.0, UAE, Dubai, Jumeirah Village Circle (JVC),Apartment,Sale,Furnished,Ready,Q2 2027,Lagoon Views 12
14700000.0,5.0,6.0,5832.0, UAE, Dubai,Dubai Sports City,Villa,Sale,Unfurnished,Ready,Q2 2027,Lagoon Views 12
4950000.0,3.0,4.0,1588.0, UAE, Dubai, Downtown Dubai,Apartment,Sale,Furnished,Ready,Q2 2027,Lagoon Views 12
2246359.0,1.0,2.0,1190.0, UAE, Dubai, DIFC,Apartment,Sale,Unfurnished,Ready,Q2 2027,Sky Gardens DIFC
25500000.0,4.0,6.0,6065.0, UAE, Dubai, Al Wasl,Apartment,Sale,Unfurnished,Off-Plan,Q2 2025,Cavalli Couture
1455000.0,1.0,1.0,773.0, UAE, Dubai, DAMAC Lagoons,Apartment,Sale,Unfurnished,Off-Plan,Q2 2027,Lagoon Views 12
690000.0,1.0,2.0,833.0, UAE, Dubai, Liwan,Apartment,Sale,Unfurnished,Ready,Q2 2027,Lagoon Views 12
4800000.0,2.0,3.0,1386.0, UAE, Dubai, Downtown Dubai,Apartment,Sale,Furnished,Ready,Q2 2027,Vida Residence Downtown
660000.0,2.0,1.0,398.0, UAE, Dubai, Arjan,Apartment,Sale,Unfurnished,Ready,Q2 2027,Beverly Boulevard
19500000.0,3.0,5.0,4144.0, UAE, Dubai, Al Wasl,Apartment,Sale,Unfurnished,Off-Plan,Q2 2025,Cavalli Couture
3800000.0,2.0,3.0,1409.0, UAE, Dubai, Za'abeel,Apartment,Sale,Unfurnished,Off-Plan,Q3 2029,Address Residences Zabeel Tower 1
35921300.0,5.0,7.0,9453.0, UAE, Dubai, Business Bay,Penthouse,Sale,Unfurnished,Ready,Q3 2029,Al Habtoor City
39653686.0,6.0,8.0,10435.0, UAE, Dubai, Business Bay,Penthouse,Sale,Unfurnished,Ready,Q3 2029,Al Habtoor City
1298000.0,1.0,2.0,1098.0, UAE, Dubai, Business Bay,Apartment,Sale,Furnished,Ready,Q3 2029,Windsor Manor
2750000.0,1.0,1.0,736.0, UAE, Dubai, Za'abeel,Apartment,Sale,Unfurnished,Off-Plan,Q3 2029,Address Residences Zabeel Tower 1
60585725.0,7.0,9.0,15944.0, UAE, Dubai, Business Bay,Penthouse,Sale,Unfurnished,Ready,Q3 2029,Al Habtoor City
1660000.0,2.0,3.0,1304.0, UAE, Dubai, Dubai Land Residence Complex,Apartment,Sale,Furnished,Off-Plan,Q3 2027,Samana Park Meadows
3655000.0,4.0,5.0,3400.0, UAE, Dubai, Arabian Ranches 3,Townhouse,Sale,Unfurnished,Off-Plan,Q2 2026,Raya
3750000.0,4.0,5.0,3400.0, UAE, Dubai, Arabian Ranches 3,Townhouse,Sale,Unfurnished,Off-Plan,Q2 2026,Raya
2450000.0,3.0,4.0,1803.0, UAE, Dubai, Dubai Marina,Apartment,Sale,Unfurnished,Ready,Q2 2026,Marina Pinnacle
720000.0,1.0,1.0,479.0, UAE, Dubai, Town Square,Apartment,Sale,Furnished,Ready,Q2 2026,UNA Apartments
3300000.0,4.0,3.0,1941.0, UAE, Dubai, DAMAC Hills,Townhouse,Sale,Unfurnished,Ready,Q2 2026,Park Residences 1
1512000.0,1.0,1.0,778.0, UAE, Dubai, DAMAC Lagoons,Apartment,Sale,Unfurnished,Off-Plan,Q2 2027,Lagoon Views 12
2250000.0,1.0,2.0,904.0, UAE, Dubai, Jumeirah Lake Towers (JLT),Apartment,Sale,Furnished,Ready,Q2 2027,Banyan Tree Residences
1120000.0,1.0,2.0,703.0, UAE, Dubai, Jumeirah Village Circle (JVC),Apartment,Sale,Unfurnished,Ready,Q2 2027,Banyan Tree Residences
750000.0,2.0,1.0,484.0, UAE, Dubai, Jumeirah Village Circle (JVC),Apartment,Sale,Furnished,Ready,Q2 2027,Banyan Tree Residences
1680000.0,1.0,1.0,713.0, UAE, Dubai, Dubai Creek Harbour,Apartment,Sale,Unfurnished,Ready,Q2 2027,Banyan Tree Residences
1650000.0,2.0,2.0,810.0, UAE, Dubai, Business Bay,Apartment,Sale,Unfurnished,Ready,Q2 2027,Banyan Tree Residences
5000000.0,3.0,2.0,2471.0, UAE, Dubai, Al Furjan,Villa,Sale,Unfurnished,Ready,Q2 2027,Quortaj
300000000.0,5.0,4.0,20501.0, UAE, Dubai, Business Bay,Penthouse,Sale,Unfurnished,Off-Plan,Q4 2025,Bugatti Residences by Binghatti
3250000.0,3.0,3.0,1790.0, UAE, Dubai, Dubailand,Townhouse,Sale,Unfurnished,Ready,Q4 2025,Bugatti Residences by Binghatti
10900000.0,4.0,4.0,4354.0, UAE, Dubai, Arabian Ranches 2,Villa,Sale,Unfurnished,Ready,Q4 2025,Rosa
2750000.0,2.0,2.0,1132.0, UAE, Dubai, Downtown Dubai,Apartment,Sale,Unfurnished,Ready,Q4 2025,Rosa
949999.0,1.0,2.0,642.0, UAE, Dubai, Dubai Production City (IMPZ),Apartment,Sale,Unfurnished,Ready,Q4 2025,Rosa
1290000.0,1.0,1.0,827.0, UAE, Dubai, Dubai Science Park,Apartment,Sale,Unfurnished,Off-Plan,Q2 2026,Binghatti Hills Tower 2
3300000.0,1.0,2.0,858.0, UAE, Dubai, Dubai Harbour,Apartment,Sale,Unfurnished,Off-Plan,Q2 2026,Binghatti Hills Tower 2
5600000.0,4.0,4.0,3354.0, UAE, Dubai, Al Furjan,Villa,Sale,Unfurnished,Off-Plan,Q4 2024,Binghatti Hills Tower 2
1200000.0,2.0,3.0,2744.0, UAE, Dubai, Jumeirah Village Circle (JVC),Apartment,Sale,Unfurnished,Ready,Q4 2024,Binghatti Hills Tower 2
1300000.0,1.0,1.0,539.0, UAE, Dubai, Business Bay,Apartment,Sale,Unfurnished,Ready,Q4 2024,Binghatti Hills Tower 2
2150000.0,2.0,3.0,1441.0, UAE, Dubai, Business Bay,Apartment,Sale,Unfurnished,Ready,Q4 2024,Binghatti Hills Tower 2
2099999.0,2.0,2.0,1446.0, UAE, Dubai,Business Bay,Apartment,Sale,Unfurnished,Off-Plan,Q4 2024,BURJ PACIFIC
1400000.0,1.0,1.0,483.0, UAE, Dubai, Dubai Hills Estate,Apartment,Sale,Furnished,Ready,Q4 2024,BURJ PACIFIC
2100000.0,2.0,3.0,1530.0, UAE, Dubai, Jumeirah Village Circle (JVC),Apartment,Sale,Unfurnished,Ready,Q4 2024,BURJ PACIFIC
900000.0,2.0,3.0,832.0, UAE, Dubai, DAMAC Hills 2 (Akoya by DAMAC),Apartment,Sale,Furnished,Off-Plan,Q4 2026,ELO
2899999.0,3.0,4.0,2345.0, UAE, Dubai, Mudon,Apartment,Sale,Unfurnished,Off-Plan,Q3 2026,ELO
900000.0,2.0,2.0,832.0, UAE, Dubai, DAMAC Hills 2 (Akoya by DAMAC),Apartment,Sale,Furnished,Off-Plan,Q4 2026,ELO
890000.0,2.0,2.0,832.0, UAE, Dubai, DAMAC Hills 2 (Akoya by DAMAC),Apartment,Sale,Furnished,Off-Plan,Q4 2026,ELO
2700000.0,3.0,3.0,1302.0, UAE, Dubai, Business Bay,Apartment,Sale,Unfurnished,Ready,Q4 2026,ELO
2350000.0,1.0,1.0,753.0, UAE, Dubai, Business Bay,Apartment,Sale,Unfurnished,Off-Plan,Q2 2028,Bayz 101
2650000.0,1.0,2.0,804.0, UAE, Dubai, Downtown Dubai,Apartment,Sale,Unfurnished,Off-Plan,Q4 2027,Rixos Financial Center Road
12650000.0,6.0,7.0,6006.0, UAE, Dubai, Arabian Ranches 2,Villa,Sale,Unfurnished,Ready,Q4 2027,Yasmin
6200000.0,4.0,5.0,4638.0, UAE, Dubai, Al Furjan,Townhouse,Sale,Unfurnished,Ready,Q4 2027,Murooj Al Furjan
1900000.0,2.0,2.0,1312.0, UAE, Dubai, Al Furjan,Apartment,Sale,Furnished,Ready,Q4 2027,Gemz by Danube
1830000.0,1.0,1.0,709.0, UAE, Dubai, Mina Rashid,Apartment,Sale,Unfurnished,Off-Plan,Q3 2025,Seagate Building 2
3800000.0,2.0,3.0,1190.0, UAE, Dubai, Za'abeel,Apartment,Sale,Unfurnished,Ready,Q3 2025,Seagate Building 2
2439110.0,2.0,3.0,1139.0, UAE, Dubai, Bur Dubai,Apartment,Sale,Unfurnished,Off-Plan,Q4 2026,Park Views Residences Tower A
2849000.0,3.0,4.0,2816.0, UAE, Dubai, Dubailand,Townhouse,Sale,Unfurnished,Ready,Q4 2026,Park Views Residences Tower A
1700000.0,1.0,2.0,1056.0, UAE, Dubai, Business Bay,Apartment,Sale,Furnished,Ready,Q4 2026,Park Views Residences Tower A
3999999.0,4.0,4.0,3167.0, UAE, Dubai, Mudon,Townhouse,Sale,Unfurnished,Off-Plan,Q3 2026,Park Views Residences Tower A
4200000.0,3.0,3.0,2064.0, UAE, Dubai, The Greens,Apartment,Sale,Unfurnished,Ready,Q3 2026,Park Views Residences Tower A
1300000.0,2.0,2.0,1598.0, UAE, Dubai, Remraam,Apartment,Sale,Unfurnished,Ready,Q3 2026,Park Views Residences Tower A
1305400.0,1.0,2.0,750.0, UAE, Dubai, Majan,Apartment,Sale,Furnished,Off-Plan,Q1 2028,Samana Barari Lagoons
1375000.0,2.0,3.0,1051.0, UAE, Dubai, Dubai Studio City,Apartment,Sale,Furnished,Off-Plan,Q2 2026,Azizi Beach Oasis 2 Tower A
530000.0,2.0,1.0,472.0, UAE, Dubai, Discovery Gardens,Apartment,Sale,Furnished,Ready,Q2 2026,Azizi Beach Oasis 2 Tower A
1435000.0,1.0,2.0,811.0, UAE, Dubai, Jumeirah Village Circle (JVC),Apartment,Sale,Unfurnished,Off-Plan,Q4 2026,Sky Livings by Peace Homes
1490000.0,2.0,3.0,1202.0, UAE, Dubai, Jumeirah Village Circle (JVC),Apartment,Sale,Unfurnished,Off-Plan,Q1 2025,RA1N Residence
1252160.0,1.0,2.0,782.0, UAE, Dubai, Dubai Land Residence Complex,Apartment,Sale,Unfurnished,Off-Plan,Q3 2028,Peace Lagoons by Peace Homes
1126000.0,1.0,1.0,800.0, UAE, Dubai, Dubai Land Residence Complex,Apartment,Sale,Unfurnished,Off-Plan,Q3 2028,Peace Lagoons by Peace Homes
1489000.0,2.0,3.0,1202.0, UAE, Dubai, Jumeirah Village Circle (JVC),Apartment,Sale,Unfurnished,Off-Plan,Q1 2025,RA1N Residence
1652000.0,2.0,2.0,1100.0, UAE, Dubai, Dubai South,Apartment,Sale,Unfurnished,Off-Plan,Q1 2025,Azizi Venice
1690335.0,2.0,3.0,1254.0, UAE, Dubai, Dubai Sports City,Apartment,Sale,Unfurnished,Off-Plan,Q3 2026,Samana Golf Views
1131000.0,2.0,3.0,1392.0, UAE, Dubai, Dubai Land Residence Complex,Apartment,Sale,Unfurnished,Off-Plan,Q1 2028,Samana Ibiza
1287808.0,1.0,2.0,805.0, UAE, Dubai, Dubai Land Residence Complex,Apartment,Sale,Unfurnished,Off-Plan,Q3 2028,Peace Lagoons by Peace Homes
698990.0,2.0,1.0,459.0, UAE, Dubai, Dubai Land Residence Complex,Apartment,Sale,Unfurnished,Off-Plan,Q1 2028,Samana Ibiza
1066000.0,2.0,3.0,1035.0, UAE, Dubai, Majan,Apartment,Sale,Furnished,Off-Plan,Q2 2027,Forest City Tower
905000.0,2.0,1.0,652.0, UAE, Dubai, Jumeirah Village Circle (JVC),Apartment,Sale,Unfurnished,Off-Plan,Q4 2026,Sky Livings by Peace Homes
2550000.0,1.0,1.0,813.0, UAE, Dubai, Umm Suqeim,Apartment,Sale,Furnished,Ready,Q4 2026,Sky Livings by Peace Homes
2249000.0,2.0,3.0,1238.0, UAE, Dubai, Majan,Apartment,Sale,Unfurnished,Off-Plan,Q1 2028,Samana Barari Lagoons
600000.0,2.0,1.0,526.0, UAE, Dubai, Jumeirah Village Triangle (JVT),Apartment,Sale,Unfurnished,Ready,Q1 2028,Samana Barari Lagoons
3000000.0,3.0,5.0,2633.0, UAE, Dubai, Dubai Marina,Apartment,Sale,Unfurnished,Ready,Q1 2028,Marina Mansions
1927000.0,2.0,2.0,1396.0, UAE, Dubai, Dubai Land Residence Complex,Apartment,Sale,Unfurnished,Off-Plan,Q3 2028,Peace Lagoons by Peace Homes
1535000.0,2.0,3.0,993.0, UAE, Dubai, Majan,Apartment,Sale,Unfurnished,Off-Plan,Q1 2028,Samana Barari Lagoons
1250000.0,1.0,2.0,589.0, UAE, Dubai, Sobha Hartland,Apartment,Sale,Unfurnished,Off-Plan,Q1 2028,Samana Barari Lagoons
575000.0,2.0,1.0,517.0, UAE, Dubai, Jumeirah Village Circle (JVC),Apartment,Sale,Unfurnished,Ready,Q1 2028,Samana Barari Lagoons
1080000.0,1.0,2.0,706.0, UAE, Dubai, Al Jaddaf,Apartment,Sale,Unfurnished,Ready,Q1 2028,Binghatti Avenue
1622000.0,3.0,4.0,1827.0, UAE, Dubai, Majan,Apartment,Sale,Furnished,Off-Plan,Q2 2027,Forest City Tower
1768572.0,2.0,3.0,1307.0, UAE, Dubai, Jumeirah Village Triangle (JVT),Apartment,Sale,Unfurnished,Off-Plan,Q1 2027,Sonate Residences
1540000.0,2.0,3.0,1341.0, UAE, Dubai, Dubai Sports City,Apartment,Sale,Unfurnished,Off-Plan,Q3 2026,Fairway Residences by Prescott
1470000.0,2.0,3.0,1368.0, UAE, Dubai, Dubai Sports City,Apartment,Sale,Furnished,Off-Plan,Q3 2026,Fairway Residences by Prescott
29000000.0,5.0,8.0,8413.0, UAE, Dubai, Bukadra,Villa,Sale,Unfurnished,Ready,Q3 2026,Sobha Hartland 2
4051888.0,3.0,3.0,1701.0, UAE, Dubai, Dubai Creek Harbour,Apartment,Sale,Unfurnished,Off-Plan,Q3 2026,Mangrove Building 2
560000.0,2.0,1.0,462.0, UAE, Dubai, Majan,Apartment,Sale,Unfurnished,Off-Plan,Q2 2027,Forest City Tower
747000.0,2.0,1.0,403.0, UAE, Dubai, Dubai Land Residence Complex,Apartment,Sale,Unfurnished,Off-Plan,Q3 2028,Peace Lagoons by Peace Homes
1580000.0,1.0,2.0,660.0, UAE, Dubai, Bukadra,Apartment,Sale,Unfurnished,Off-Plan,Q4 2027,310 Riverside Crescent
3210000.0,3.0,3.0,1495.0, UAE, Dubai, Bukadra,Apartment,Sale,Unfurnished,Off-Plan,Q4 2027,310 Riverside Crescent
1600000.0,2.0,3.0,1018.0, UAE, Dubai, Jumeirah Village Circle (JVC),Apartment,Sale,Unfurnished,Off-Plan,Q3 2025,V1ter Residence
1102000.0,1.0,2.0,805.0, UAE, Dubai, Dubai Land Residence Complex,Apartment,Sale,Unfurnished,Off-Plan,Q3 2028,Peace Lagoons by Peace Homes
1665500.0,1.0,2.0,948.0, UAE, Dubai, Sobha Hartland,Apartment,Sale,Unfurnished,Off-Plan,Q2 2026,Sobha Crest Grande
1400000.0,3.0,4.0,1575.0, UAE, Dubai, Dubai Sports City,Apartment,Sale,Unfurnished,Ready,Q2 2026,Sobha Crest Grande
1400000.0,3.0,4.0,1574.0, UAE, Dubai, Dubai Sports City,Apartment,Sale,Unfurnished,Ready,Q2 2026,Sobha Crest Grande
1699999.0,2.0,2.0,1214.0, UAE, Dubai, DAMAC Hills,Apartment,Sale,Furnished,Ready,Q2 2026,Sobha Crest Grande
1337000.0,1.0,2.0,805.0, UAE, Dubai, Dubai Land Residence Complex,Apartment,Sale,Unfurnished,Off-Plan,Q1 2028,Samana Ibiza
5700000.0,5.0,6.0,3599.0, UAE, Dubai, Al Quoz,Villa,Sale,Unfurnished,Ready,Q4 2028,Al Quoz 1
1800000.0,1.0,2.0,770.0, UAE, Dubai, Sobha Hartland,Apartment,Sale,Unfurnished,Ready,Q4 2028,Creek Vistas Grande
565000.0,2.0,1.0,358.0, UAE, Dubai, Dubai Studio City,Apartment,Sale,Unfurnished,Off-Plan,Q2 2025,Azizi Beach Oasis (Mirage 1)
1970000.0,1.0,2.0,713.0, UAE, Dubai, Downtown Dubai,Apartment,Sale,Unfurnished,Ready,Q2 2025,Azizi Beach Oasis (Mirage 1)
2000000.0,1.0,2.0,853.0, UAE, Dubai, Downtown Dubai,Apartment,Sale,Furnished,Ready,Q2 2025,Azizi Beach Oasis (Mirage 1)
700000.0,2.0,1.0,426.0, UAE, Dubai, Jumeirah Village Circle (JVC),Apartment,Sale,Furnished,Off-Plan,Q1 2025,North 43 (Serviced Residences)
1320000.0,1.0,2.0,1154.0, UAE, Dubai, Jumeirah Lake Towers (JLT),Apartment,Sale,Furnished,Ready,Q1 2025,North 43 (Serviced Residences)
850000.0,2.0,1.0,432.0, UAE, Dubai, The Greens,Apartment,Sale,Unfurnished,Ready,Q1 2025,North 43 (Serviced Residences)
1450000.0,1.0,1.0,1087.0, UAE, Dubai, The Greens,Apartment,Sale,Unfurnished,Ready,Q1 2025,North 43 (Serviced Residences)
15000000.0,6.0,8.0,5510.0, UAE, Dubai, Meydan City,Villa,Sale,Unfurnished,Ready,Q1 2025,North 43 (Serviced Residences)
1150000.0,2.0,1.0,561.0, UAE, Dubai, Culture Village (Jaddaf Waterfront),Apartment,Sale,Furnished,Ready,Q1 2025,D1 Tower
1075184.0,1.0,2.0,822.0, UAE, Dubai, Jumeirah Village Circle (JVC),Apartment,Sale,Unfurnished,Off-Plan,Q3 2026,Sereno Residences
2500000.0,4.0,4.0,2278.0, UAE, Dubai, DAMAC Lagoons,Townhouse,Sale,Unfurnished,Off-Plan,Q3 2025,Costa Brava
2400000.0,4.0,4.0,2278.0, UAE, Dubai, DAMAC Lagoons,Townhouse,Sale,Unfurnished,Off-Plan,Q3 2025,Malta
450000.0,2.0,1.0,441.0, UAE, Dubai, Dubai Sports City,Apartment,Sale,Furnished,Ready,Q3 2025,Malta
635000.0,1.0,2.0,818.0, UAE, Dubai, Dubai Sports City,Apartment,Sale,Unfurnished,Ready,Q3 2025,Red Residence
3350000.0,2.0,3.0,1647.0, UAE, Dubai, The Springs,Townhouse,Sale,Unfurnished,Ready,Q3 2025,The Springs 15
1150000.0,2.0,3.0,1225.0, UAE, Dubai, Dubai Sports City,Apartment,Sale,Furnished,Ready,Q3 2025,Frankfurt Sports Tower
719000.0,1.0,2.0,930.0, UAE, Dubai, Dubai Sports City,Apartment,Sale,Unfurnished,Ready,Q3 2025,Frankfurt Sports Tower
690000.0,1.0,2.0,917.0, UAE, Dubai, Dubai Sports City,Apartment,Sale,Unfurnished,Ready,Q3 2025,Frankfurt Sports Tower
610000.0,1.0,2.0,826.0, UAE, Dubai, Dubai Sports City,Apartment,Sale,Unfurnished,Ready,Q3 2025,Hub Canal 1
1174999.0,2.0,3.0,1612.0, UAE, Dubai, Dubai Sports City,Apartment,Sale,Unfurnished,Ready,Q3 2025,Hub Canal 1
1150000.0,1.0,2.0,764.0, UAE, Dubai, Jumeirah Lake Towers (JLT),Apartment,Sale,Unfurnished,Ready,Q3 2025,Hub Canal 1
3300000.0,3.0,3.0,2926.0, UAE, Dubai, Reem,Townhouse,Sale,Unfurnished,Ready,Q3 2025,Hub Canal 1
1350000.0,2.0,3.0,992.0, UAE, Dubai, Dubai South,Apartment,Sale,Furnished,Ready,Q3 2025,Hub Canal 1
1600000.0,1.0,2.0,985.0, UAE, Dubai, Al Barsha,Apartment,Sale,Unfurnished,Off-Plan,Q3 2026,Skyhills Residences Tower 1 - West
1200000.0,2.0,1.0,469.0, UAE, Dubai, Downtown Dubai,Apartment,Sale,Unfurnished,Ready,Q3 2026,Skyhills Residences Tower 1 - West
1125000.0,1.0,2.0,913.0, UAE, Dubai, Business Bay,Apartment,Sale,Furnished,Ready,Q3 2026,Avanti Tower
16450000.0,5.0,6.0,10333.0, UAE, Dubai, The Oasis by Emaar,Villa,Sale,Unfurnished,Off-Plan,Q2 2028,Mirage The Oasis
1400000.0,1.0,1.0,676.0, UAE, Dubai, Dubai Hills Estate,Apartment,Sale,Unfurnished,Off-Plan,Q2 2026,Hills Park
3800000.0,4.0,4.0,2772.0, UAE, Dubai, The Valley by Emaar,Townhouse,Sale,Unfurnished,Ready,Q2 2026,Nara
1130000.0,1.0,1.0,755.0, UAE, Dubai, Dubai South,Apartment,Sale,Unfurnished,Off-Plan,Q4 2028,Nara
1550000.0,2.0,2.0,1157.0, UAE, Dubai, Dubai South,Apartment,Sale,Unfurnished,Ready,Q4 2028,Nara
3600000.0,4.0,4.0,2772.0, UAE, Dubai, The Valley by Emaar,Villa,Sale,Unfurnished,Ready,Q4 2028,Nara
3500000.0,4.0,4.0,2772.0, UAE, Dubai, The Valley by Emaar,Villa,Sale,Unfurnished,Ready,Q4 2028,Nara
4300000.0,4.0,4.0,2749.0, UAE, Dubai, Dubai South,Villa,Sale,Unfurnished,Off-Plan,Q2 2028,Nara
5750000.0,3.0,3.0,1806.0, UAE, Dubai, Za'abeel,Apartment,Sale,Unfurnished,Ready,Q2 2028,Nara
7975000.0,5.0,6.0,10000.0, UAE, Dubai, The Valley by Emaar,Villa,Sale,Unfurnished,Off-Plan,Q3 2026,Farm Gardens
2475000.0,3.0,4.0,2234.0, UAE, Dubai, The Valley by Emaar,Villa,Sale,Unfurnished,Off-Plan,Q3 2027,Nima
3800000.0,4.0,5.0,2463.0, UAE, Dubai, Arabian Ranches 3,Townhouse,Sale,Unfurnished,Ready,Q3 2027,Joy
1450000.0,1.0,1.0,676.0, UAE, Dubai, Dubai Hills Estate,Apartment,Sale,Unfurnished,Off-Plan,Q2 2026,Hills Park
3500000.0,3.0,3.0,2556.0, UAE, Dubai, Reem,Townhouse,Sale,Unfurnished,Ready,Q2 2026,Hills Park
3400000.0,3.0,3.0,2556.0, UAE, Dubai, Reem,Townhouse,Sale,Unfurnished,Ready,Q2 2026,Hills Park
3500000.0,3.0,4.0,1564.0, UAE, Dubai, Arabian Ranches 3,Townhouse,Sale,Unfurnished,Ready,Q2 2026,Ruba
5000000.0,2.0,3.0,1083.0, UAE, Dubai, Downtown Dubai,Apartment,Sale,Unfurnished,Off-Plan,Q4 2022,Vida Dubai Mall Tower 2
3200000.0,3.0,4.0,2238.0, UAE, Dubai, Arabian Ranches 3,Villa,Sale,Unfurnished,Ready,Q4 2022,Bliss
3950000.0,4.0,5.0,3442.0, UAE, Dubai, The Valley by Emaar,Villa,Sale,Unfurnished,Off-Plan,Q1 2027,Rivana
3100000.0,4.0,5.0,2976.0, UAE, Dubai, The Valley by Emaar,Townhouse,Sale,Unfurnished,Off-Plan,Q3 2027,Nima
3250000.0,4.0,5.0,2976.0, UAE, Dubai, The Valley by Emaar,Townhouse,Sale,Unfurnished,Off-Plan,Q3 2027,Nima
3200000.0,4.0,5.0,3644.0, UAE, Dubai, The Valley by Emaar,Townhouse,Sale,Unfurnished,Off-Plan,Q3 2027,Nima
3550000.0,3.0,4.0,1564.0, UAE, Dubai, Arabian Ranches 3,Townhouse,Sale,Unfurnished,Ready,Q3 2027,Ruba
4300000.0,4.0,4.0,2749.0, UAE, Dubai, Dubai South,Villa,Sale,Unfurnished,Off-Plan,Q2 2028,Ruba
2080000.0,1.0,1.0,764.0, UAE, Dubai, Za'abeel,Apartment,Sale,Unfurnished,Off-Plan,Q3 2029,Address Residences Zabeel Tower 2
7900000.0,4.0,7.0,8798.0, UAE, Dubai, The Valley by Emaar,Villa,Sale,Unfurnished,Off-Plan,Q1 2028,Farm Gardens 2
3950000.0,4.0,5.0,3544.0, UAE, Dubai, The Valley by Emaar,Villa,Sale,Unfurnished,Off-Plan,Q1 2027,Rivana
3100000.0,4.0,5.0,2976.0, UAE, Dubai, The Valley by Emaar,Villa,Sale,Unfurnished,Off-Plan,Q1 2027,Lillia
2450000.0,3.0,4.0,1960.0, UAE, Dubai, The Valley by Emaar,Villa,Sale,Unfurnished,Off-Plan,Q3 2027,Nima
3455000.0,3.0,4.0,1564.0, UAE, Dubai, Arabian Ranches 3,Townhouse,Sale,Unfurnished,Ready,Q3 2027,Ruba
3900000.0,4.0,5.0,2463.0, UAE, Dubai, Arabian Ranches 3,Townhouse,Sale,Unfurnished,Ready,Q3 2027,Joy
3150000.0,4.0,5.0,2682.0, UAE, Dubai, Arabian Ranches 3,Townhouse,Sale,Unfurnished,Off-Plan,Q4 2026,Anya
3100000.0,4.0,5.0,2682.0, UAE, Dubai, Arabian Ranches 3,Townhouse,Sale,Unfurnished,Off-Plan,Q4 2026,Anya
2750000.0,3.0,4.0,1384.0, UAE, Dubai, Arabian Ranches 3,Townhouse,Sale,Unfurnished,Ready,Q4 2026,Joy
2800000.0,3.0,4.0,1384.0, UAE, Dubai, Arabian Ranches 3,Townhouse,Sale,Unfurnished,Ready,Q4 2026,Joy
760437.0,2.0,1.0,406.0, UAE, Dubai, Dubai Land Residence Complex,Apartment,Sale,Unfurnished,Off-Plan,Q3 2028,Peace Lagoons by Peace Homes
1197896.0,1.0,2.0,804.0, UAE, Dubai, Dubai Land Residence Complex,Apartment,Sale,Unfurnished,Off-Plan,Q3 2028,Peace Lagoons by Peace Homes
815000.0,1.0,2.0,710.0, UAE, Dubai, Majan,Apartment,Sale,Furnished,Off-Plan,Q2 2027,Forest City Tower
860000.0,1.0,2.0,693.0, UAE, Dubai, Majan,Apartment,Sale,Furnished,Off-Plan,Q2 2027,Forest City Tower
1290000.0,1.0,2.0,698.0, UAE, Dubai, Majan,Apartment,Sale,Furnished,Off-Plan,Q2 2027,Forest City Tower
1290000.0,2.0,3.0,1034.0, UAE, Dubai, Majan,Apartment,Sale,Furnished,Off-Plan,Q2 2027,Forest City Tower
1225000.0,2.0,3.0,1034.0, UAE, Dubai, Majan,Apartment,Sale,Furnished,Off-Plan,Q2 2027,Forest City Tower
1500000.0,2.0,2.0,961.0, UAE, Dubai, Dubai Marina,Apartment,Sale,Unfurnished,Ready,Q2 2027,Forest City Tower
1925777.0,2.0,4.0,1323.0, UAE, Dubai, Al Furjan,Apartment,Sale,Unfurnished,Off-Plan,Q3 2026,Evora Residence
22500000.0,6.0,8.0,8453.0, UAE, Dubai, Mohammed Bin Rashid City,Villa,Sale,Unfurnished,Off-Plan,Q3 2026,Evora Residence
970000.0,1.0,2.0,574.0, UAE, Dubai, Jebel Ali,Apartment,Sale,Unfurnished,Off-Plan,Q4 2024,Equiti Gate
13900000.0,3.0,4.0,2506.0, UAE, Dubai, Downtown Dubai,Apartment,Sale,Furnished,Ready,Q4 2024,Opera Grand
1620476.0,2.0,3.0,1246.0, UAE, Dubai, Dubai Land Residence Complex,Apartment,Sale,Unfurnished,Off-Plan,Q3 2028,Peace Lagoons by Peace Homes
2520000.0,4.0,4.0,1992.0, UAE, Dubai, Dubailand,Villa,Sale,Unfurnished,Off-Plan,Q4 2027,Taormina Village 1
9600000.0,4.0,4.0,5046.0, UAE, Dubai, Tilal Al Ghaf,Villa,Sale,Unfurnished,Off-Plan,Q4 2026,Amara
2309384.0,1.0,2.0,920.0, UAE, Dubai, Dubai Maritime City,Apartment,Sale,Unfurnished,Ready,Q4 2026,Anwa
610000.0,1.0,1.0,688.0, UAE, Dubai, Jebel Ali,Apartment,Sale,Furnished,Ready,Q4 2026,Anwa
960000.0,1.0,2.0,633.0, UAE, Dubai, Jumeirah Village Circle (JVC),Apartment,Sale,Unfurnished,Ready,Q4 2026,Anwa
1275000.0,1.0,2.0,791.0, UAE, Dubai, Dubai Science Park,Apartment,Sale,Unfurnished,Off-Plan,Q1 2026,Binghatti Hillviews
1400000.0,2.0,1.0,470.0, UAE, Dubai, Business Bay,Apartment,Sale,Furnished,Ready,Q1 2026,UPSIDE
610000.0,1.0,1.0,688.0, UAE, Dubai, Jebel Ali,Apartment,Sale,Furnished,Ready,Q1 2026,UPSIDE
950000.0,1.0,2.0,633.0, UAE, Dubai, Jumeirah Village Circle (JVC),Apartment,Sale,Unfurnished,Ready,Q1 2026,UPSIDE
2040173.0,3.0,4.0,1519.0, UAE, Dubai, Arjan,Apartment,Sale,Unfurnished,Off-Plan,Q1 2025,48 Parkside
960000.0,1.0,2.0,634.0, UAE, Dubai, Jumeirah Village Circle (JVC),Apartment,Sale,Unfurnished,Ready,Q1 2025,48 Parkside
2950000.0,2.0,3.0,1447.0, UAE, Dubai, Jumeirah Beach Residence (JBR),Apartment,Sale,Unfurnished,Ready,Q1 2025,48 Parkside
2850000.0,2.0,2.0,1236.0, UAE, Dubai, Downtown Dubai,Apartment,Sale,Unfurnished,Ready,Q1 2025,48 Parkside
1600000.0,1.0,2.0,946.0, UAE, Dubai, Business Bay,Apartment,Sale,Furnished,Ready,Q1 2025,48 Parkside
820000.0,2.0,1.0,482.0, UAE, Dubai, Meydan City,Apartment,Sale,Unfurnished,Ready,Q1 2025,48 Parkside
933164.0,2.0,1.0,512.0, UAE, Dubai, Jumeirah Village Circle (JVC),Apartment,Sale,Unfurnished,Off-Plan,Q4 2026,Sky Livings by Peace Homes
550000.0,2.0,1.0,407.0, UAE, Dubai, DAMAC Hills,Apartment,Sale,Unfurnished,Ready,Q4 2026,Sky Livings by Peace Homes
600000.0,2.0,1.0,405.0, UAE, Dubai, DAMAC Hills,Apartment,Sale,Furnished,Ready,Q4 2026,Sky Livings by Peace Homes
650000.0,2.0,1.0,344.0, UAE, Dubai, Jebel Ali,Apartment,Sale,Unfurnished,Ready,Q4 2026,Sky Livings by Peace Homes
698000.0,2.0,1.0,468.0, UAE, Dubai, Majan,Apartment,Sale,Furnished,Off-Plan,Q2 2027,Forest City Tower
660000.0,2.0,1.0,461.0, UAE, Dubai, Majan,Apartment,Sale,Furnished,Off-Plan,Q2 2027,Forest City Tower
7429888.0,2.0,2.0,1470.0, UAE, Dubai, Dubai Harbour,Apartment,Sale,Unfurnished,Off-Plan,Q3 2029,The Bristol Emaar Beachfront
5650000.0,3.0,3.0,1298.0, UAE, Dubai, Dubai Harbour,Apartment,Sale,Unfurnished,Off-Plan,Q1 2027,DAMAC BAY
25999999.0,6.0,7.0,10000.0, UAE, Dubai, Al Barsha,Villa,Sale,Furnished,Ready,Q1 2027,Al Barsha 2
3650000.0,3.0,4.0,1780.0, UAE, Dubai, Arabian Ranches,Villa,Sale,Unfurnished,Ready,Q1 2027,Al Barsha 2
675000.0,2.0,1.0,430.0, UAE, Dubai, Jumeirah Village Circle (JVC),Apartment,Sale,Furnished,Ready,Q1 2027,Al Barsha 2
2525000.0,1.0,1.0,894.0, UAE, Dubai, Dubai Harbour,Apartment,Sale,Unfurnished,Ready,Q1 2027,Al Barsha 2
16900000.0,6.0,6.0,6326.0, UAE, Dubai, Arabian Ranches,Villa,Sale,Unfurnished,Ready,Q1 2027,Savannah
15999950.0,5.0,5.0,5300.0, UAE, Dubai, DAMAC Hills,Villa,Sale,Furnished,Ready,Q1 2027,Whitefield
5450000.0,4.0,4.0,3060.0, UAE, Dubai, Arabian Ranches,Villa,Sale,Unfurnished,Ready,Q1 2027,Whitefield
3500000.0,2.0,2.0,1244.0, UAE, Dubai, Dubai Creek Harbour,Apartment,Sale,Unfurnished,Off-Plan,Q4 2027,Creek Waters 2
11000000.0,4.0,6.0,2994.0, UAE, Dubai, Dubai Creek Harbour,Penthouse,Sale,Furnished,Ready,Q4 2027,Creek Waters 2
6000000.0,3.0,3.0,1598.0, UAE, Dubai, Dubai Creek Harbour,Apartment,Sale,Furnished,Ready,Q4 2027,Creek Waters 2
2650000.0,1.0,2.0,809.0, UAE, Dubai, Dubai Harbour,Apartment,Sale,Unfurnished,Off-Plan,Q2 2024,Grand Bleu Tower 1
975000.0,1.0,2.0,721.0, UAE, Dubai, Jumeirah Village Circle (JVC),Apartment,Sale,Unfurnished,Ready,Q2 2024,Grand Bleu Tower 1
1100000.0,1.0,2.0,682.0, UAE, Dubai, Jumeirah Village Circle (JVC),Apartment,Sale,Unfurnished,Ready,Q2 2024,Grand Bleu Tower 1
640000.0,2.0,1.0,520.0, UAE, Dubai, Jumeirah Village Circle (JVC),Apartment,Sale,Unfurnished,Off-Plan,Q4 2025,Neva Residences
540000.0,1.0,1.0,470.0, UAE, Dubai, Dubailand,Apartment,Sale,Unfurnished,Ready,Q4 2025,Neva Residences
3850000.0,3.0,4.0,1599.0, UAE, Dubai, Bur Dubai,Apartment,Sale,Unfurnished,Off-Plan,Q4 2026,Park Views Residences Tower A
1150000.0,1.0,1.0,734.0, UAE, Dubai, Jumeirah Village Circle (JVC),Apartment,Sale,Unfurnished,Ready,Q4 2026,Park Views Residences Tower A
1100000.0,1.0,1.0,639.0, UAE, Dubai, Jumeirah Village Circle (JVC),Apartment,Sale,Unfurnished,Ready,Q4 2026,Park Views Residences Tower A
1100000.0,1.0,2.0,599.0, UAE, Dubai, Dubai South,Apartment,Sale,Unfurnished,Off-Plan,Q4 2026,Park Views Residences Tower A
1201450.0,2.0,2.0,924.0, UAE, Dubai, Dubai World Central,Apartment,Sale,Furnished,Ready,Q4 2026,Park Views Residences Tower A
900000.0,1.0,2.0,885.0, UAE, Dubai, Liwan,Apartment,Sale,Unfurnished,Ready,Q4 2026,Karma Residence
5150000.0,2.0,3.0,1162.0, UAE, Dubai, Dubai Harbour,Apartment,Sale,Unfurnished,Off-Plan,Q1 2027,DAMAC BAY
1450000.0,1.0,2.0,762.0, UAE, Dubai, Dubai Marina,Apartment,Sale,Furnished,Ready,Q1 2027,DAMAC BAY
500000.0,2.0,1.0,470.0, UAE, Dubai, Jumeirah Village Circle (JVC),Apartment,Sale,Furnished,Ready,Q1 2027,DAMAC BAY
6999000.0,3.0,5.0,2238.0, UAE, Dubai, Business Bay,Apartment,Sale,Furnished,Ready,Q1 2027,Marquise Square
5100000.0,3.0,4.0,1672.0, UAE, Dubai, Downtown Dubai,Apartment,Sale,Unfurnished,Ready,Q1 2027,Marquise Square
4000000.0,2.0,3.0,1560.0, UAE, Dubai, Downtown Dubai,Apartment,Sale,Furnished,Ready,Q1 2027,Marquise Square
990000.0,2.0,1.0,429.0, UAE, Dubai, Jumeirah Village Triangle (JVT),Apartment,Sale,Furnished,Ready,Q1 2027,Marquise Square
3100000.0,3.0,4.0,1940.0, UAE, Dubai, Dubailand,Townhouse,Sale,Unfurnished,Ready,Q1 2027,Marquise Square
1250000.0,2.0,3.0,1213.0, UAE, Dubai, Dubai Industrial City,Townhouse,Sale,Furnished,Ready,Q1 2027,Marquise Square
13000000.0,5.0,6.0,5368.0, UAE, Dubai, Arabian Ranches 2,Villa,Sale,Unfurnished,Ready,Q1 2027,Rasha
6500000.0,4.0,4.0,2936.0, UAE, Dubai, Arabian Ranches,Villa,Sale,Unfurnished,Ready,Q1 2027,Palmera
4400000.0,3.0,4.0,2456.0, UAE, Dubai, Arabian Ranches,Villa,Sale,Unfurnished,Ready,Q1 2027,Palmera
1880000.0,3.0,3.0,1843.0, UAE, Dubai, Majan,Apartment,Sale,Furnished,Off-Plan,Q2 2027,Forest City Tower
1985000.0,3.0,3.0,1843.0, UAE, Dubai, Majan,Apartment,Sale,Furnished,Off-Plan,Q2 2027,Forest City Tower
1290000.0,2.0,2.0,1034.0, UAE, Dubai, Majan,Apartment,Sale,Furnished,Off-Plan,Q2 2027,Forest City Tower
775000.0,1.0,2.0,952.0, UAE, Dubai, Jumeirah Village Circle (JVC),Apartment,Sale,Unfurnished,Ready,Q2 2027,Forest City Tower
3553283.0,3.0,3.0,1653.0, UAE, Dubai, Bukadra,Apartment,Sale,Unfurnished,Off-Plan,Q3 2027,320 Riverside Crescent
3206092.0,2.0,3.0,1425.0, UAE, Dubai, Bukadra,Apartment,Sale,Unfurnished,Off-Plan,Q4 2027,310 Riverside Crescent
1583592.0,1.0,2.0,660.0, UAE, Dubai, Bukadra,Apartment,Sale,Unfurnished,Off-Plan,Q4 2027,310 Riverside Crescent
2525000.0,2.0,3.0,1107.0, UAE, Dubai, Jumeirah Lake Towers (JLT),Apartment,Sale,Furnished,Off-Plan,Q4 2027,Diamondz by Danube
2667888.0,3.0,4.0,2179.0, UAE, Dubai, Arjan,Apartment,Sale,Unfurnished,Off-Plan,Q1 2028,The Central Downtown Tower C
1980000.0,1.0,2.0,849.0, UAE, Dubai, Business Bay,Apartment,Sale,Unfurnished,Off-Plan,Q4 2026,Binghatti Skyrise Tower A
1122000.0,2.0,1.0,422.0, UAE, Dubai, Business Bay,Apartment,Sale,Unfurnished,Off-Plan,Q4 2026,Binghatti Skyrise Tower A
2090000.0,3.0,3.0,1843.0, UAE, Dubai, Majan,Apartment,Sale,Furnished,Off-Plan,Q2 2027,Forest City Tower
1825197.0,2.0,3.0,1185.0, UAE, Dubai, Arjan,Apartment,Sale,Furnished,Off-Plan,Q2 2026,Marquis Insignia
1042888.0,1.0,2.0,670.0, UAE, Dubai, Arjan,Apartment,Sale,Unfurnished,Off-Plan,Q1 2028,The Central Downtown Tower B
1906888.0,3.0,4.0,1765.0, UAE, Dubai, Dubai Sports City,Apartment,Sale,Unfurnished,Off-Plan,Q4 2027,The Community - Sports Arena
1724888.0,2.0,3.0,1527.0, UAE, Dubai, Dubai Sports City,Apartment,Sale,Unfurnished,Off-Plan,Q4 2027,The Community Sports Arena
2305000.0,1.0,2.0,753.0, UAE, Dubai, Business Bay,Apartment,Sale,Furnished,Off-Plan,Q2 2028,Bayz 101
2667888.0,3.0,4.0,2204.0, UAE, Dubai, Arjan,Apartment,Sale,Unfurnished,Off-Plan,Q1 2028,The Central Downtown Tower B
950000.0,1.0,2.0,864.0, UAE, Dubai, Majan,Apartment,Sale,Unfurnished,Off-Plan,Q2 2027,Samana Barari Views
668697.0,2.0,1.0,457.0, UAE, Dubai, Dubai Land Residence Complex,Apartment,Sale,Furnished,Off-Plan,Q1 2027,Cove Edition Residence 4 by Imtiaz
2960888.0,3.0,4.0,1642.0, UAE, Dubai, Dubai South,Apartment,Sale,Unfurnished,Off-Plan,Q1 2029,Golf Edge
2457500.0,2.0,3.0,1298.0, UAE, Dubai, Dubai Islands,Apartment,Sale,Unfurnished,Off-Plan,Q4 2026,Ocean Pearl by SD
1160000.0,2.0,2.0,1035.0, UAE, Dubai, Majan,Apartment,Sale,Furnished,Off-Plan,Q2 2027,Forest City Tower
3207500.0,3.0,4.0,1745.0, UAE, Dubai, Dubai Islands,Apartment,Sale,Unfurnished,Off-Plan,Q4 2026,Ocean Pearl by SD
820497.0,1.0,2.0,795.0, UAE, Dubai, Dubai Land Residence Complex,Apartment,Sale,Furnished,Off-Plan,Q4 2027,Samana IVY Gardens 2
1492020.0,2.0,3.0,1262.0, UAE, Dubai, Dubai Production City (IMPZ),Apartment,Sale,Furnished,Off-Plan,Q4 2027,Samana Lake Views 2
1848000.0,2.0,3.0,1554.0, UAE, Dubai, Jumeirah Village Circle (JVC),Apartment,Sale,Unfurnished,Off-Plan,Q3 2027,Legado by Prescott
1178550.0,2.0,3.0,1172.0, UAE, Dubai, Dubai Land Residence Complex,Apartment,Sale,Unfurnished,Off-Plan,Q4 2027,Samana IVY Gardens 2
1225000.0,2.0,2.0,1034.0, UAE, Dubai, Majan,Apartment,Sale,Furnished,Off-Plan,Q2 2027,Forest City Tower
3600000.0,4.0,3.0,3004.0, UAE, Dubai, Mudon,Townhouse,Sale,Furnished,Off-Plan,Q3 2026,Forest City Tower
9000000.0,3.0,4.0,1809.0, UAE, Dubai, Dubai Harbour,Apartment,Sale,Furnished,Off-Plan,Q3 2026,Forest City Tower
2000000.0,3.0,3.0,1466.0, UAE, Dubai, Dubai Studio City,Apartment,Sale,Unfurnished,Off-Plan,Q2 2025,Samana Mykonos
22000000.0,7.0,10.0,15000.0, UAE, Dubai, Al Barsha,Villa,Sale,Furnished,Ready,Q2 2025,Al Barsha 2
950000.0,1.0,2.0,951.0, UAE, Dubai, Dubai Land Residence Complex,Apartment,Sale,Unfurnished,Off-Plan,Q3 2026,Weybridge Gardens 3
1750000.0,2.0,3.0,1213.0, UAE, Dubai, Al Furjan,Apartment,Sale,Unfurnished,Ready,Q3 2026,Weybridge Gardens 3
2450000.0,4.0,5.0,2208.0, UAE, Dubai, Dubailand,Townhouse,Sale,Unfurnished,Off-Plan,Q4 2028,Weybridge Gardens 3
516499.0,1.0,2.0,856.0, UAE, Dubai, Dubai Investment Park (DIP),Apartment,Sale,Unfurnished,Off-Plan,Q4 2025,Verdana Residence
1745125.0,1.0,2.0,873.0, UAE, Dubai, Business Bay,Apartment,Sale,Furnished,Off-Plan,Q1 2029,Tiger Sky Tower
1800000.0,2.0,3.0,1235.0, UAE, Dubai, Wasl Gate,Apartment,Sale,Unfurnished,Off-Plan,Q3 2027,Hillside Residences
1800000.0,2.0,3.0,1236.0, UAE, Dubai, Wasl Gate,Apartment,Sale,Unfurnished,Off-Plan,Q3 2027,Hillside Residences
1150000.0,1.0,2.0,809.0, UAE, Dubai, Wasl Gate,Apartment,Sale,Unfurnished,Off-Plan,Q3 2027,Hillside Residences
2450000.0,4.0,5.0,2277.0, UAE, Dubai, DAMAC Lagoons,Villa,Sale,Unfurnished,Off-Plan,Q3 2025,Nice
2524000.0,3.0,4.0,1544.0, UAE, Dubai, Dubai Silicon Oasis (DSO),Apartment,Sale,Unfurnished,Off-Plan,Q3 2025,Altia One
1882000.0,2.0,2.0,1152.0, UAE, Dubai, Dubai Silicon Oasis (DSO),Apartment,Sale,Unfurnished,Off-Plan,Q3 2025,Altia One
1050000.0,1.0,2.0,898.0, UAE, Dubai, Majan,Apartment,Sale,Unfurnished,Ready,Q3 2025,Forum Residences
1750000.0,1.0,1.0,1015.0, UAE, Dubai, DIFC,Apartment,Sale,Unfurnished,Ready,Q3 2025,Forum Residences
4000000.0,2.0,3.0,1777.0, UAE, Dubai, Dubai Marina,Apartment,Sale,Furnished,Ready,Q3 2025,Marina Residence
1575000.0,1.0,1.0,782.0, UAE, Dubai, Dubai Hills Estate,Apartment,Sale,Unfurnished,Off-Plan,Q3 2025,Greenside Residence
3200000.0,5.0,6.0,2370.0, UAE, Dubai, DAMAC Lagoons,Apartment,Sale,Furnished,Off-Plan,Q4 2025,Monte Carlo
1045000.0,1.0,1.0,572.0, UAE, Dubai, Arjan,Apartment,Sale,Unfurnished,Ready,Q4 2025,Vincitore Benessere
7500000.0,5.0,6.0,3767.0, UAE, Dubai, DAMAC Hills,Villa,Sale,Unfurnished,Off-Plan,Q4 2025,Gems Estates 1
1875000.0,1.0,2.0,921.0, UAE, Dubai, Bur Dubai,Apartment,Sale,Unfurnished,Ready,Q4 2025,Gems Estates 1
14700000.0,5.0,6.0,6913.0, UAE, Dubai, The Acres,Villa,Sale,Unfurnished,Off-Plan,Q4 2025,The Acres 3 & Estates
620000.0,1.0,1.0,485.0, UAE, Dubai, Dubailand,Apartment,Sale,Unfurnished,Ready,Q4 2025,The Acres 3 & Estates
1050000.0,1.0,2.0,737.0, UAE, Dubai, Dubai Studio City,Apartment,Sale,Furnished,Ready,Q4 2025,Laya Heights
590000.0,2.0,1.0,364.0, UAE, Dubai, Jumeirah Village Circle (JVC),Apartment,Sale,Unfurnished,Off-Plan,Q4 2025,Levanto
475000.0,2.0,1.0,484.0, UAE, Dubai, Discovery Gardens,Apartment,Sale,Unfurnished,Ready,Q4 2025,Mediterranean
3700000.0,2.0,2.0,1174.0, UAE, Dubai, Al Wasl,Apartment,Sale,Furnished,Off-Plan,Q4 2025,Mediterranean
11000000.0,2.0,3.0,1836.0, UAE, Dubai, Downtown Dubai,Apartment,Sale,Unfurnished,Off-Plan,Q4 2026,Mercedes-Benz Places
9163653.0,5.0,7.0,5752.0, UAE, Dubai, Dubailand,Villa,Sale,Unfurnished,Off-Plan,Q2 2026,Sobha Reserve
3111000.0,5.0,6.0,3542.0, UAE, Dubai, DAMAC Hills 2 (Akoya by DAMAC),Villa,Sale,Unfurnished,Off-Plan,Q1 2027,Park Greens
5900000.0,6.0,7.0,4509.0, UAE, Dubai, DAMAC Lagoons,Villa,Sale,Unfurnished,Off-Plan,Q3 2025,Santorini
982000.0,1.0,1.0,545.0, UAE, Dubai, Motor City,Apartment,Sale,Unfurnished,Off-Plan,Q3 2025,Santorini
1878833.0,2.0,2.0,870.0, UAE, Dubai, Bukadra,Apartment,Sale,Unfurnished,Off-Plan,Q4 2027,350 Riverside Crescent
1045000.0,1.0,1.0,572.0, UAE, Dubai, Arjan,Apartment,Sale,Unfurnished,Ready,Q3 2027,Vincitore Benessere
620000.0,1.0,1.0,485.0, UAE, Dubai, Dubailand,Apartment,Sale,Unfurnished,Ready,Q4 2025,Gems Estates 1
1699000.0,2.0,3.0,1191.0, UAE, Dubai, Al Jaddaf,Apartment,Sale,Unfurnished,Off-Plan,Q1 2026,Binghatti Starlight
765000.0,2.0,1.0,470.0, UAE, Dubai, Al Jaddaf,Apartment,Sale,Unfurnished,Off-Plan,Q1 2026,Binghatti Starlight
1880000.0,2.0,2.0,1259.0, UAE, Dubai, Dubailand,Apartment,Sale,Unfurnished,Off-Plan,Q2 2028,Hillside Residences
920000.0,1.0,2.0,830.0, UAE, Dubai, Wasl Gate,Apartment,Sale,Unfurnished,Off-Plan,Q3 2027,Sola Residences
2052082.0,2.0,3.0,1455.0, UAE, Dubai, Al Furjan,Apartment,Sale,Unfurnished,Off-Plan,Q1 2027,Vistara House
330000.0,2.0,1.0,380.0, UAE, Dubai, Dubai Investment Park (DIP),Apartment,Sale,Unfurnished,Off-Plan,Q2 2026,Verdana Residence 2
1310000.0,4.0,6.0,3250.0, UAE, Dubai, Dubai Investment Park (DIP),Townhouse,Sale,Unfurnished,Off-Plan,Q4 2025,Verdana 2
1557000.0,3.0,5.0,1900.0, UAE, Dubai, Dubailand,Townhouse,Sale,Unfurnished,Off-Plan,Q2 2028,Reportage Hills
800046.0,2.0,1.0,481.0, UAE, Dubai, Al Jaddaf,Apartment,Sale,Unfurnished,Off-Plan,Q4 2025,Binghatti Ivory
813000.0,2.0,1.0,366.0, UAE, Dubai, Al Jaddaf,Apartment,Sale,Unfurnished,Off-Plan,Q3 2025,Creek Views 3
7000000.0,7.0,8.0,9800.0, UAE, Dubai, Nad Al Hamar,Villa,Sale,Unfurnished,Ready,Q3 2025,Nad Al Hamar Avenues
970000.0,1.0,2.0,800.0, UAE, Dubai, Majan,Apartment,Sale,Unfurnished,Off-Plan,Q4 2026,The Haven II Residences
7200000.0,4.0,6.0,4800.0, UAE, Dubai, Mohammed Bin Rashid City,Townhouse,Sale,Unfurnished,Off-Plan,Q4 2027,Altia One
2500000.0,2.0,3.0,1300.0, UAE, Dubai, Meydan City,Apartment,Sale,Unfurnished,Off-Plan,Q3 2024,Azizi Riviera 61
1006000.0,2.0,3.0,2250.0, UAE, Dubai, Dubai Investment Park (DIP),Townhouse,Sale,Unfurnished,Off-Plan,Q4 2025,Verdana 2
620000.0,2.0,3.0,1250.0, UAE, Dubai, Dubai Investment Park (DIP),Apartment,Sale,Unfurnished,Off-Plan,Q4 2025,Verdana Residence
1025000.0,1.0,2.0,805.0, UAE, Dubai, Jebel Ali,Apartment,Sale,Unfurnished,Off-Plan,Q2 2027,Eleve by Deyaar
599999.0,2.0,1.0,381.0, UAE, Dubai, Dubai South,Apartment,Sale,Unfurnished,Off-Plan,Q1 2026,Azizi Venice
975000.0,2.0,1.0,398.0, UAE, Dubai, Business Bay,Apartment,Sale,Unfurnished,Off-Plan,Q3 2026,Binghatti Skyhall
1000000.0,2.0,3.0,800.0, UAE, Dubai, Dubai South,Apartment,Sale,Unfurnished,Off-Plan,Q3 2026,VOI Residence by HVM Living
3600000.0,4.0,3.0,3004.0, UAE, Dubai, Mudon,Townhouse,Sale,Furnished,Off-Plan,Q3 2026,VOI Residence by HVM Living
9000000.0,3.0,4.0,1809.0, UAE, Dubai, Dubai Harbour,Apartment,Sale,Furnished,Off-Plan,Q3 2026,VOI Residence by HVM Living
14700000.0,5.0,6.0,6913.0, UAE, Dubai, The Acres,Villa,Sale,Unfurnished,Off-Plan,Q3 2025,The Acres 3 & Estates
65000000.0,5.0,5.0,10013.0, UAE, Dubai,Al Wasl,Villa,Sale,Unfurnished,Off-Plan,Q3 2025,Santorini
1745125.0,1.0,2.0,873.0, UAE, Dubai, Dubai Investment Park (DIP),Apartment,Sale,Unfurnished,Off-Plan,Q4 2025,Verdana Residence
55000000.0,5.0,5.0,10013.0, UAE, Dubai, Nad Al Sheba,Villa,Sale,Furnished,Ready,Q3 2027,Hillside Residences
906025.0,1.0,2.0,805.0, UAE, Dubai, International City,Apartment,Sale,Unfurnished,Off-Plan,Q4 2025,Silver Park Residency
870181.0,1.0,2.0,773.0, UAE, Dubai, International City,Apartment,Sale,Unfurnished,Off-Plan,Q4 2025,Silver Park Residency
858556.0,1.0,2.0,763.0, UAE, Dubai, International City,Apartment,Sale,Unfurnished,Off-Plan,Q4 2025,Silver Park Residency
1650000.0,1.0,2.0,770.0, UAE, Dubai, Sobha Hartland,Apartment,Sale,Unfurnished,Ready,Q4 2025,Silver Park Residency
65999999.0,6.0,7.0,19663.0, UAE, Dubai, The World Islands,Villa,Sale,Furnished,Off-Plan,Q2 2025,Zuha Island
1875000.0,1.0,2.0,921.0, UAE, Dubai, Bur Dubai,Apartment,Sale,Unfurnished,Ready,Q3 2025,Altia One
620000.0,1.0,1.0,485.0, UAE, Dubai, Dubailand,Apartment,Sale,Unfurnished,Ready,Q3 2025,Altia One
1050000.0,1.0,2.0,737.0, UAE, Dubai, Dubai Studio City,Apartment,Sale,Furnished,Ready,Q3 2025,Laya Heights
1880000.0,2.0,2.0,1259.0, UAE, Dubai, Dubailand,Apartment,Sale,Unfurnished,Off-Plan,Q2 2028,Binghatti Starlight
7200000.0,4.0,6.0,4800.0, UAE, Dubai, Mohammed Bin Rashid City,Townhouse,Sale,Unfurnished,Off-Plan,Q4 2027,The Haven II Residences
1050000.0,1.0,2.0,898.0, UAE, Dubai, Majan,Apartment,Sale,Unfurnished,Ready,Q3 2024,Forum Residences
630000.0,2.0,2.0,1074.0, UAE, Dubai, Dubai Investment Park (DIP),Apartment,Sale,Unfurnished,Off-Plan,Q4 2025,Verdana Residence
1318000.0,4.0,5.0,3282.0, UAE, Dubai, Dubai Investment Park (DIP),Townhouse,Sale,Unfurnished,Off-Plan,Q4 2025,Verdana 2
1750000.0,1.0,1.0,1015.0, UAE, Dubai, DIFC,Apartment,Sale,Unfurnished,Ready,Q4 2025,Verdana 2
4000000.0,2.0,3.0,1777.0, UAE, Dubai, Dubai Marina,Apartment,Sale,Furnished,Ready,Q4 2025,Marina Residence
1575000.0,1.0,1.0,782.0, UAE, Dubai, Dubai Hills Estate,Apartment,Sale,Unfurnished,Off-Plan,Q4 2025,Greenside Residence
2045000.0,2.0,3.0,1200.0, UAE, Dubai, Dubai Science Park,Apartment,Sale,Unfurnished,Off-Plan,Q1 2026,Binghatti Hillviews
1197570.0,1.0,2.0,737.0, UAE, Dubai, Al Jaddaf,Apartment,Sale,Unfurnished,Off-Plan,Q1 2026,Binghatti Hillviews
1275000.0,1.0,2.0,900.0, UAE, Dubai, Dubai Science Park,Apartment,Sale,Unfurnished,Off-Plan,Q1 2026,Binghatti Hillviews
1730000.0,2.0,3.0,1190.0, UAE, Dubai, Al Jaddaf,Apartment,Sale,Unfurnished,Off-Plan,Q1 2026,Binghatti Hillviews
600000.0,2.0,1.0,400.0, UAE, Dubai, Dubai Land Residence Complex,Apartment,Sale,Furnished,Off-Plan,Q1 2027,Cove by Imtiaz
1446000.0,3.0,3.0,1314.0, UAE, Dubai, Dubai Land Residence Complex,Apartment,Sale,Furnished,Off-Plan,Q2 2025,Weybridge Gardens
1150000.0,1.0,2.0,703.0, UAE, Dubai, Wasl Gate,Apartment,Sale,Unfurnished,Off-Plan,Q1 2027,Hammock Park
2250000.0,2.0,3.0,1248.0, UAE, Dubai, Dubai Islands,Apartment,Sale,Unfurnished,Off-Plan,Q4 2026,Bonds Avenue Residences
1560000.0,1.0,2.0,767.0, UAE, Dubai, Dubai Islands,Apartment,Sale,Unfurnished,Off-Plan,Q4 2026,Bonds Avenue Residences
850000.0,2.0,1.0,410.0, UAE, Dubai, Dubai Science Park,Apartment,Sale,Unfurnished,Off-Plan,Q1 2026,Binghatti Hillviews
1615000.0,2.0,3.0,1597.0, UAE, Dubai, Dubai Sports City,Apartment,Sale,Furnished,Off-Plan,Q4 2027,The Community - Sports Arena
1850000.0,3.0,4.0,1766.0, UAE, Dubai, Dubai Sports City,Apartment,Sale,Furnished,Off-Plan,Q4 2027,The Community - Sports Arena
620000.0,2.0,3.0,1310.0, UAE, Dubai, Dubai Investment Park (DIP),Apartment,Sale,Furnished,Off-Plan,Q2 2026,Verdana Residence 2
1440000.0,1.0,2.0,728.0, UAE, Dubai, Al Jaddaf,Apartment,Sale,Unfurnished,Off-Plan,Q3 2025,Creek Views 3
1148000.0,1.0,2.0,790.0, UAE, Dubai, Al Jaddaf,Apartment,Sale,Unfurnished,Off-Plan,Q4 2025,Binghatti Ivory
537000.0,1.0,2.0,732.0, UAE, Dubai, Dubai Investment Park (DIP),Apartment,Sale,Unfurnished,Off-Plan,Q4 2025,Verdana Residence
699000.0,2.0,1.0,455.0, UAE, Dubai, Dubai Studio City,Apartment,Sale,Furnished,Off-Plan,Q4 2025,Laya Courtyard
1251000.0,3.0,5.0,3375.0, UAE, Dubai, Dubai Investment Park (DIP),Townhouse,Sale,Unfurnished,Off-Plan,Q4 2025,Verdana 2
792000.0,2.0,1.0,548.0, UAE, Dubai, Dubai Sports City,Apartment,Sale,Unfurnished,Off-Plan,Q1 2025,Azizi Grand
1003807.0,2.0,3.0,1831.0, UAE, Dubai, Dubai Investment Park (DIP),Townhouse,Sale,Unfurnished,Off-Plan,Q4 2025,Verdana 2
1199500.0,1.0,2.0,838.0, UAE, Dubai, Al Jaddaf,Apartment,Sale,Unfurnished,Off-Plan,Q4 2025,Binghatti Ivory
7400000.0,4.0,6.0,4500.0, UAE, Dubai, Mohammed Bin Rashid City,Townhouse,Sale,Unfurnished,Off-Plan,Q4 2027,Binghatti Ivory
778000.0,1.0,2.0,719.0, UAE, Dubai, Dubai Land Residence Complex,Apartment,Sale,Unfurnished,Off-Plan,Q1 2027,Coventry Gardens
1000000.0,1.0,2.0,780.0, UAE, Dubai, Dubai Studio City,Apartment,Sale,Unfurnished,Off-Plan,Q3 2027,Arisha Terraces
1708000.0,2.0,3.0,1249.0, UAE, Dubai, Al Furjan,Apartment,Sale,Furnished,Off-Plan,Q4 2027,Avenue Residence 7
1387000.0,2.0,3.0,1127.0, UAE, Dubai, Majan,Apartment,Sale,Unfurnished,Off-Plan,Q4 2026,The Haven II Residences
1890000.0,3.0,4.0,2015.0, UAE, Dubai, Dubailand,Townhouse,Sale,Unfurnished,Off-Plan,Q4 2027,Taormina Village 1
1169000.0,1.0,2.0,737.0, UAE, Dubai, Al Jaddaf,Apartment,Sale,Unfurnished,Off-Plan,Q1 2026,Binghatti Starlight
2655000.0,2.0,3.0,1300.0, UAE, Dubai, Dubai Science Park,Apartment,Sale,Unfurnished,Off-Plan,Q1 2026,Binghatti Hillviews
2560000.0,4.0,5.0,2273.0, UAE, Dubai, DAMAC Lagoons,Villa,Sale,Unfurnished,Off-Plan,Q3 2025,Costa Brava
773000.0,2.0,1.0,465.0, UAE, Dubai, Al Jaddaf,Apartment,Sale,Unfurnished,Off-Plan,Q1 2026,Binghatti Starlight
1315000.0,1.0,2.0,870.0, UAE, Dubai, Al Furjan,Apartment,Sale,Furnished,Off-Plan,Q4 2027,Avenue Residence 7
2157000.0,4.0,5.0,2335.0, UAE, Dubai, Dubailand,Townhouse,Sale,Unfurnished,Off-Plan,Q2 2028,Reportage Hills
2157000.0,4.0,5.0,2375.0, UAE, Dubai, Dubailand,Townhouse,Sale,Unfurnished,Off-Plan,Q4 2027,Taormina Village 1
3590000.0,3.0,4.0,1880.0, UAE, Dubai, Meydan City,Apartment,Sale,Unfurnished,Off-Plan,Q4 2024,Taormina Village 1
2612000.0,2.0,3.0,1195.0, UAE, Dubai, Meydan City,Apartment,Sale,Unfurnished,Off-Plan,Q4 2024,Taormina Village 1
3800000.0,3.0,3.0,2339.0, UAE, Dubai, Mudon,Townhouse,Sale,Unfurnished,Ready,Q4 2024,Taormina Village 1
649000.0,2.0,1.0,560.0, UAE, Dubai, Dubai Sports City,Apartment,Sale,Unfurnished,Off-Plan,Q1 2026,Binghatti Haven
890000.0,3.0,4.0,1710.0, UAE, Dubai, Dubai Investment Park (DIP),Apartment,Sale,Unfurnished,Off-Plan,Q4 2025,Verdana Residence
792000.0,2.0,1.0,370.0, UAE, Dubai, Al Jaddaf,Apartment,Sale,Unfurnished,Off-Plan,Q3 2025,Creek Views 3
970000.0,2.0,1.0,450.0, UAE, Dubai, Business Bay,Apartment,Sale,Unfurnished,Off-Plan,Q3 2025,Binghatti Skyrise
2250000.0,1.0,2.0,929.0, UAE, Dubai, Meydan City,Apartment,Sale,Unfurnished,Off-Plan,Q4 2024,Binghatti Skyrise
1400000.0,2.0,3.0,1377.0, UAE, Dubai, Dubai Sports City,Apartment,Sale,Unfurnished,Off-Plan,Q1 2026,Binghatti Haven
2250000.0,1.0,2.0,929.0, UAE, Dubai, Meydan City,Apartment,Sale,Unfurnished,Off-Plan,Q4 2024,The Community - Sports Arena
3000000.0,2.0,3.0,1143.0, UAE, Dubai, Sobha Hartland,Apartment,Sale,Unfurnished,Ready,Q1 2026,Binghatti Haven
620000.0,2.0,3.0,822.0, UAE, Dubai, Dubai Investment Park (DIP),Apartment,Sale,Unfurnished,Off-Plan,Q2 2026,Verdana Residence 2
1180000.0,2.0,3.0,1116.0, UAE, Dubai, Dubai Land Residence Complex,Apartment,Sale,Furnished,Ready,Q2 2026,Durar A
790000.0,1.0,2.0,716.0, UAE, Dubai, Dubai Land Residence Complex,Apartment,Sale,Furnished,Ready,Q2 2026,Durar B
750000.0,1.0,2.0,720.0, UAE, Dubai, Dubai Land Residence Complex,Apartment,Sale,Furnished,Ready,Q2 2026,V Tower
1500000.0,3.0,4.0,1478.0, UAE, Dubai, Dubai Land Residence Complex,Apartment,Sale,Furnished,Ready,Q2 2026,V Tower
460000.0,2.0,1.0,460.0, UAE, Dubai, Dubai Silicon Oasis (DSO),Apartment,Sale,Furnished,Ready,Q2 2026,Arabian Gates
570000.0,1.0,1.0,481.0, UAE, Dubai, Dubailand,Apartment,Sale,Unfurnished,Ready,Q2 2026,Arabian Gates
1001000.0,2.0,3.0,1850.0, UAE, Dubai, Dubai Investment Park (DIP),Townhouse,Sale,Unfurnished,Off-Plan,Q4 2025,Verdana 2
1890000.0,2.0,3.0,1264.0, UAE, Dubai, Al Jaddaf,Apartment,Sale,Unfurnished,Off-Plan,Q4 2025,Binghatti Ivory
650000.0,2.0,1.0,387.0, UAE, Dubai, Jumeirah Village Circle (JVC),Apartment,Sale,Furnished,Off-Plan,Q4 2025,Elitz 2 By Danube
747000.0,2.0,1.0,400.0, UAE, Dubai, Al Jaddaf,Apartment,Sale,Unfurnished,Off-Plan,Q3 2025,Creek Views 3
2004000.0,2.0,3.0,1073.0, UAE, Dubai, Al Jaddaf,Apartment,Sale,Unfurnished,Off-Plan,Q3 2025,Creek Views 3
650000.0,2.0,1.0,560.0, UAE, Dubai, Dubai Sports City,Apartment,Sale,Unfurnished,Off-Plan,Q1 2026,Binghatti Haven
1100000.0,2.0,1.0,374.0, UAE, Dubai, Jumeirah Lake Towers (JLT),Apartment,Sale,Unfurnished,Off-Plan,Q4 2027,Diamondz by Danube
44755000.0,5.0,6.0,15000.0, UAE, Dubai, Mohammed Bin Rashid City,Villa,Sale,Unfurnished,Off-Plan,Q4 2026,Diamondz by Danube
2400000.0,2.0,3.0,1661.0, UAE, Dubai, DIFC,Apartment,Sale,Unfurnished,Ready,Q4 2026,Sky Gardens DIFC
1399999.0,1.0,2.0,784.0, UAE, Dubai, DAMAC Hills,Apartment,Sale,Unfurnished,Off-Plan,Q1 2027,Golf Greens Tower A
1879000.0,1.0,2.0,835.0, UAE, Dubai, Jumeirah Islands,Apartment,Sale,Unfurnished,Off-Plan,Q1 2027,Serenia District
3500000.0,2.0,3.0,1587.0, UAE, Dubai, Business Bay,Apartment,Sale,Unfurnished,Off-Plan,Q2 2026,One by Binghatti
3600000.0,3.0,4.0,1840.0, UAE, Dubai, Al Jaddaf,Apartment,Sale,Unfurnished,Off-Plan,Q3 2025,Creek Views 3
950000.0,1.0,2.0,970.0, UAE, Dubai, Dubai Sports City,Apartment,Sale,Unfurnished,Off-Plan,Q1 2026,Binghatti Haven
2003000.0,2.0,3.0,1073.0, UAE, Dubai, Al Jaddaf,Apartment,Sale,Unfurnished,Off-Plan,Q3 2025,Creek Views 3
1900000.0,1.0,2.0,826.0, UAE, Dubai, Dubai Maritime City,Apartment,Sale,Unfurnished,Off-Plan,Q3 2025,Orise by Beyond
24000000.0,4.0,4.0,20000.0, UAE, Dubai, Umm Suqeim,Villa,Sale,Unfurnished,Ready,Q3 2025,Umm Suqeim 1
675000.0,2.0,1.0,435.0, UAE, Dubai, Jumeirah Village Circle (JVC),Apartment,Sale,Unfurnished,Off-Plan,Q1 2026,Vitality Residence
635000.0,2.0,1.0,625.0, UAE, Dubai, International City,Apartment,Sale,Unfurnished,Off-Plan,Q4 2025,Petalz By Danube
28500000.0,5.0,6.0,9918.0, UAE, Dubai, Dubai Hills Estate,Villa,Sale,Unfurnished,Off-Plan,Q2 2026,Address Villas Hillcrest
800000.0,2.0,1.0,366.0, UAE, Dubai, Al Jaddaf,Apartment,Sale,Unfurnished,Off-Plan,Q3 2025,Creek Views 3
800000.0,2.0,1.0,450.0, UAE, Dubai, Al Jaddaf,Apartment,Sale,Unfurnished,Off-Plan,Q4 2025,Binghatti Ivory
1003800.0,2.0,3.0,1800.0, UAE, Dubai, Dubai Investment Park (DIP),Townhouse,Sale,Unfurnished,Off-Plan,Q4 2025,Verdana 2
628000.0,2.0,1.0,396.0, UAE, Dubai, Dubai South,Apartment,Sale,Unfurnished,Off-Plan,Q2 2026,Azizi Venice 14
3100000.0,3.0,3.0,1952.0, UAE, Dubai, Dubailand,Townhouse,Sale,Unfurnished,Ready,Q2 2026,Azizi Venice 14
2857888.0,2.0,2.0,1222.0, UAE, Dubai, Dubai Creek Harbour,Apartment,Sale,Unfurnished,Off-Plan,Q3 2028,Oria
1895000.0,3.0,4.0,2340.0, UAE, Dubai,Remraam,Apartment,Sale,Unfurnished,Ready,Q3 2028,Oria
2163000.0,1.0,2.0,828.0, UAE, Dubai, Dubai Maritime City,Apartment,Sale,Unfurnished,Off-Plan,Q3 2028,Orise by Beyond
880000.0,2.0,4.0,1539.0, UAE, Dubai, Dubai Investment Park (DIP),Apartment,Sale,Unfurnished,Ready,Q3 2028,Orise by Beyond
1798000.0,1.0,2.0,807.0, UAE, Dubai, Mohammed Bin Rashid City,Apartment,Sale,Unfurnished,Off-Plan,Q3 2027,Naya at District One
780000.0,1.0,2.0,557.0, UAE, Dubai, DAMAC Hills 2 (Akoya by DAMAC),Apartment,Sale,Unfurnished,Off-Plan,Q2 2027,ELO 2
1499999.0,1.0,2.0,548.0, UAE, Dubai, Downtown Dubai,Apartment,Sale,Unfurnished,Ready,Q2 2027,ELO 2
1600000.0,2.0,2.0,1600.0, UAE, Dubai, Deira,Apartment,Sale,Unfurnished,Ready,Q2 2027,Riggat Al Buteen
2399999.0,4.0,4.0,2475.0, UAE, Dubai, DAMAC Hills 2 (Akoya by DAMAC),Townhouse,Sale,Unfurnished,Ready,Q2 2027,Camelia
922222.0,1.0,2.0,780.0, UAE, Dubai, Arjan,Apartment,Sale,Furnished,Off-Plan,Q4 2026,Trinity By Karma
2950000.0,3.0,4.0,2217.0, UAE, Dubai, Mudon,Townhouse,Sale,Unfurnished,Off-Plan,Q4 2025,Trinity By Karma
990000.0,1.0,2.0,727.0, UAE, Dubai, Jumeirah Village Circle (JVC),Apartment,Sale,Unfurnished,Off-Plan,Q1 2026,Binghatti Amberhall
595000.0,2.0,1.0,332.0, UAE, Dubai, Dubai South,Apartment,Sale,Unfurnished,Off-Plan,Q4 2025,AZIZI VENICE 1 
1850000.0,1.0,2.0,888.0, UAE, Dubai, Bukadra,Apartment,Sale,Unfurnished,Off-Plan,Q4 2027,360 Riverside Crescent
1600000.0,1.0,2.0,639.0, UAE, Dubai, Bukadra,Apartment,Sale,Unfurnished,Off-Plan,Q2 2027,330 Riverside Crescent
1700000.0,1.0,2.0,786.0, UAE, Dubai, Bukadra,Apartment,Sale,Unfurnished,Off-Plan,Q4 2029,Skyscape Avenue
960000.0,1.0,2.0,752.0, UAE, Dubai, Dubai Production City (IMPZ),Apartment,Sale,Furnished,Off-Plan,Q2 2026,Binghatti Elite
700000.0,2.0,1.0,583.0, UAE, Dubai, Dubai Land Residence Complex,Apartment,Sale,Unfurnished,Off-Plan,Q4 2028,AG Ark Tower
760000.0,2.0,1.0,408.0, UAE, Dubai, Dubai Land Residence Complex,Apartment,Sale,Unfurnished,Off-Plan,Q3 2028,Peace Lagoons by Peace Homes
2500000.0,4.0,3.0,1550.0, UAE, Dubai, DAMAC Lagoons,Townhouse,Sale,Unfurnished,Off-Plan,Q3 2025,Malta
2700000.0,1.0,2.0,967.0, UAE, Dubai, DIFC,Apartment,Sale,Furnished,Ready,Q3 2025,Index Tower
1540000.0,2.0,3.0,1359.0, UAE, Dubai, Jumeirah Village Circle (JVC),Apartment,Sale,Unfurnished,Off-Plan,Q1 2026,Binghatti Amberhall
384000.0,2.0,1.0,392.0, UAE, Dubai, Dubai Investment Park (DIP),Apartment,Sale,Furnished,Off-Plan,Q2 2026,Verdana Residence 2
384000.0,2.0,1.0,400.0, UAE, Dubai, Dubai Investment Park (DIP),Apartment,Sale,Furnished,Off-Plan,Q2 2026,Verdana Residence 2
1550000.0,1.0,2.0,749.0, UAE, Dubai, Sobha Hartland,Apartment,Sale,Unfurnished,Ready,Q2 2026,Verdana Residence 2
1970000.0,2.0,3.0,1258.0, UAE, Dubai, Dubai Marina,Apartment,Sale,Unfurnished,Ready,Q2 2026,The Torch
1850000.0,1.0,1.0,745.0, UAE, Dubai, Umm Suqeim,Apartment,Sale,Unfurnished,Off-Plan,Q2 2026,The Torch
1002000.0,2.0,3.0,1809.0, UAE, Dubai, Dubai Investment Park (DIP),Townhouse,Sale,Unfurnished,Off-Plan,Q4 2025,Verdana 2
1689000.0,1.0,2.0,704.0, UAE, Dubai, Meydan City,Apartment,Sale,Unfurnished,Off-Plan,Q4 2024,Verdana 2
1842000.0,2.0,3.0,915.0, UAE, Dubai, Meydan City,Apartment,Sale,Unfurnished,Off-Plan,Q4 2024,Verdana 2
4772000.0,3.0,4.0,1620.0, UAE, Dubai, Meydan City,Apartment,Sale,Unfurnished,Off-Plan,Q4 2024,Verdana 2
384000.0,2.0,1.0,390.0, UAE, Dubai, Dubai Investment Park (DIP),Apartment,Sale,Furnished,Off-Plan,Q2 2026,Verdana Residence 2
1060000.0,1.0,1.0,544.0, UAE, Dubai,Motor City,Apartment,Sale,Unfurnished,Off-Plan,Q4 2028,Sobha Solis Tower C
1850000.0,1.0,1.0,745.0, UAE, Dubai, Umm Suqeim,Apartment,Sale,Unfurnished,Off-Plan,Q4 2028,Sobha Solis Tower C
2750000.0,2.0,2.0,1100.0, UAE, Dubai, Umm Suqeim,Apartment,Sale,Unfurnished,Off-Plan,Q4 2028,Sobha Solis Tower C
1404100.0,2.0,3.0,1288.0, UAE, Dubai, Liwan,Apartment,Sale,Unfurnished,Off-Plan,Q1 2026,Celine by Vision
600000.0,2.0,1.0,377.0, UAE, Dubai, Dubai Production City (IMPZ),Apartment,Sale,Unfurnished,Off-Plan,Q2 2026,Binghatti Elite
1583592.0,1.0,1.0,659.0, UAE, Dubai, Bukadra,Apartment,Sale,Unfurnished,Off-Plan,Q4 2027,310 Riverside Crescent
537000.0,1.0,2.0,844.0, UAE, Dubai, Dubai Investment Park (DIP),Apartment,Sale,Unfurnished,Off-Plan,Q2 2026,Verdana Residence 2
2864000.0,2.0,2.0,1244.0, UAE, Dubai, Dubai Islands,Apartment,Sale,Unfurnished,Off-Plan,Q1 2028,Coastal Haven
1278000.0,2.0,3.0,1076.0, UAE, Dubai, Jumeirah Village Triangle (JVT),Apartment,Sale,Unfurnished,Off-Plan,Q4 2026,Lum1nar Tower 2
700000.0,2.0,1.0,402.0, UAE, Dubai, Jumeirah Village Circle (JVC),Apartment,Sale,Unfurnished,Off-Plan,Q1 2026,Binghatti Amberhall
775000.0,2.0,1.0,446.0, UAE, Dubai, Al Jaddaf,Apartment,Sale,Unfurnished,Off-Plan,Q1 2026,Binghatti Ghost
1175000.0,1.0,1.0,770.0, UAE, Dubai, Al Jaddaf,Apartment,Sale,Unfurnished,Off-Plan,Q4 2025,Binghatti Ivory
1490000.0,2.0,3.0,1197.0, UAE, Dubai, Jumeirah Village Circle (JVC),Apartment,Sale,Unfurnished,Off-Plan,Q3 2025,Binghatti Phoenix
503000.0,2.0,1.0,323.0, UAE, Dubai, Jumeirah Village Triangle (JVT),Apartment,Sale,Furnished,Off-Plan,Q3 2025,Binghatti Phoenix
634999.0,1.0,2.0,785.0, UAE, Dubai, Dubai Silicon Oasis (DSO),Apartment,Sale,Unfurnished,Ready,Q3 2025,Sapphire Residence
879000.0,1.0,2.0,890.0, UAE, Dubai, Liwan,Apartment,Sale,Unfurnished,Off-Plan,Q1 2026,Celine by Vision
1360000.0,2.0,3.0,1320.0, UAE, Dubai, Liwan,Apartment,Sale,Unfurnished,Ready,Q1 2026,Celine by Vision
1170000.0,2.0,3.0,1224.0, UAE, Dubai, Dubai Land Residence Complex,Apartment,Sale,Unfurnished,Ready,Q1 2026,Durar A
1350000.0,2.0,3.0,1270.0, UAE, Dubai, Liwan,Apartment,Sale,Unfurnished,Off-Plan,Q1 2026,Celine by Vision
1062777.0,1.0,2.0,731.0, UAE, Dubai, Arjan,Apartment,Sale,Unfurnished,Off-Plan,Q4 2027,Bond Enclave
1033939.0,1.0,1.0,535.0, UAE, Dubai,Motor City,Apartment,Sale,Unfurnished,Off-Plan,Q4 2028,Sobha Solis Tower A
3650000.0,2.0,2.0,2442.0, UAE, Dubai, Dubai Islands,Apartment,Sale,Unfurnished,Off-Plan,Q4 2026,Seaside by Prestige One
13860000.0,5.0,7.0,11254.0, UAE, Dubai,The Oasis by Emaar,Villa,Sale,Furnished,Off-Plan,Q4 2026,Seaside by Prestige One
43380800.0,5.0,5.0,7707.0, UAE, Dubai, Palm Jumeirah,Apartment,Sale,Unfurnished,Off-Plan,Q1 2027,Como Residences
850000.0,1.0,2.0,689.0, UAE, Dubai, Dubai Production City (IMPZ),Apartment,Sale,Unfurnished,Off-Plan,Q2 2027,ELM at Park Five
1026000.0,1.0,2.0,802.0, UAE, Dubai, Jumeirah Village Circle (JVC),Apartment,Sale,Furnished,Off-Plan,Q3 2027,Legado by Prescott
6349940.0,2.0,2.0,1716.0, UAE, Dubai, Dubai Harbour,Apartment,Sale,Unfurnished,Off-Plan,Q4 2026,Sobha Seahaven Tower B & C
2600000.0,2.0,4.0,1877.0, UAE, Dubai, DIFC,Apartment,Sale,Furnished,Ready,Q4 2026,Park Towers
12000000.0,3.0,13.0,1877.0, UAE, Dubai, Al Barsha,Apartment,Sale,Unfurnished,Ready,Q4 2026,Al Barsha 2
145000000.0,7.0,9.0,16465.0, UAE, Dubai,Palm Jumeirah,Villa,Sale,Unfurnished,Ready,Q4 2026,Al Barsha 2
762000.0,2.0,1.0,319.0, UAE, Dubai, Al Satwa,Apartment,Sale,Unfurnished,Off-Plan,Q4 2026,Stamn One
1890000.0,3.0,4.0,2010.0, UAE, Dubai, Dubailand,Townhouse,Sale,Furnished,Off-Plan,Q4 2027,Taormina Village 1
9200000.0,5.0,6.0,5499.0, UAE, Dubai, DAMAC Hills,Villa,Sale,Unfurnished,Ready,Q4 2027,Trump Estates
1290500.0,1.0,2.0,615.0, UAE, Dubai, Al Satwa,Apartment,Sale,Furnished,Off-Plan,Q4 2026,Stamn One
1550000.0,3.0,3.0,1802.0, UAE, Dubai, DAMAC Hills 2 (Akoya by DAMAC),Apartment,Sale,Unfurnished,Ready,Q4 2026,Mimosa
2150000.0,1.0,1.0,742.0, UAE, Dubai, Za'abeel,Apartment,Sale,Unfurnished,Ready,Q4 2026,Mimosa
1650000.0,1.0,2.0,869.0, UAE, Dubai, Jumeirah Village Circle (JVC),Apartment,Sale,Furnished,Ready,Q4 2026,Mimosa
1050000.0,1.0,1.0,692.0, UAE, Dubai, Dubai Marina,Apartment,Sale,Unfurnished,Ready,Q4 2026,Mimosa
2350000.0,1.0,2.0,1036.0, UAE, Dubai, Dubai Marina,Apartment,Sale,Unfurnished,Ready,Q4 2026,Mimosa
3000000.0,2.0,3.0,1467.0, UAE, Dubai, Dubai Marina,Apartment,Sale,Furnished,Ready,Q4 2026,Barcelo Residences
610000.0,2.0,1.0,512.0, UAE, Dubai, Dubai Sports City,Apartment,Sale,Furnished,Ready,Q4 2026,Spirit Tower
1684369.0,3.0,4.0,1265.0, UAE, Dubai, Jumeirah Village Circle (JVC),Apartment,Sale,Unfurnished,Off-Plan,Q1 2026,Palatium Residences
1169369.0,1.0,2.0,809.0, UAE, Dubai, Jumeirah Village Circle (JVC),Apartment,Sale,Unfurnished,Off-Plan,Q1 2026,Palatium Residences
953369.0,1.0,1.0,740.0, UAE, Dubai, Jumeirah Village Circle (JVC),Apartment,Sale,Unfurnished,Off-Plan,Q1 2026,Palatium Residences
1000000.0,1.0,1.0,631.0, UAE, Dubai, Jumeirah Village Circle (JVC),Apartment,Sale,Unfurnished,Ready,Q1 2026,Palatium Residences
1585000.0,1.0,1.0,690.0, UAE, Dubai, Dubai Creek Harbour,Apartment,Sale,Unfurnished,Ready,Q1 2026,Orchid
5500000.0,3.0,4.0,1828.0, UAE, Dubai, Dubai Creek Harbour,Apartment,Sale,Unfurnished,Off-Plan,Q4 2026,The Cove II Building 7
790000.0,2.0,1.0,405.0, UAE, Dubai, Jumeirah Village Circle (JVC),Apartment,Sale,Unfurnished,Off-Plan,Q2 2027,One Park Central
6000000.0,3.0,4.0,2310.0, UAE, Dubai, Dubai Creek Harbour,Apartment,Sale,Unfurnished,Ready,Q2 2027,One Park Central
3650000.0,2.0,2.0,1170.0, UAE, Dubai, Downtown Dubai,Apartment,Sale,Furnished,Ready,Q2 2027,One Park Central
2300000.0,1.0,2.0,1060.0, UAE, Dubai, Downtown Dubai,Apartment,Sale,Unfurnished,Ready,Q2 2027,One Park Central
1400000.0,1.0,2.0,518.0, UAE, Dubai, Sobha Hartland,Apartment,Sale,Unfurnished,Ready,Q2 2027,Hartland Waves
888888.0,1.0,1.0,794.0, UAE, Dubai, Jumeirah Village Circle (JVC),Apartment,Sale,Furnished,Off-Plan,Q4 2025,Neva Residences
1230000.0,1.0,1.0,689.0, UAE, Dubai, Jumeirah Village Circle (JVC),Apartment,Sale,Unfurnished,Ready,Q4 2025,Neva Residences
953755.0,1.0,1.0,690.0, UAE, Dubai, Jumeirah Village Circle (JVC),Apartment,Sale,Furnished,Ready,Q4 2025,Neva Residences
989999.0,1.0,1.0,577.0, UAE, Dubai, Jumeirah Village Circle (JVC),Apartment,Sale,Unfurnished,Ready,Q4 2025,Neva Residences
800000.0,2.0,1.0,403.0, UAE, Dubai, Jumeirah Village Circle (JVC),Apartment,Sale,Unfurnished,Ready,Q4 2025,Neva Residences
2100000.0,3.0,3.0,1765.0, UAE, Dubai, Dubai Marina,Apartment,Sale,Unfurnished,Ready,Q4 2025,The Zen
1730000.0,1.0,2.0,1128.0, UAE, Dubai, Dubai Marina,Apartment,Sale,Unfurnished,Off-Plan,Q2 2025,Marina Living
2990000.0,2.0,2.0,1386.0, UAE, Dubai, Dubai Marina,Apartment,Sale,Furnished,Ready,Q2 2025,Orra Harbour Residences
12000000.0,3.0,13.0,1386.0, UAE, Dubai, Al Barsha,Apartment,Sale,Unfurnished,Ready,Q2 2025,Al Barsha 2
145000000.0,7.0,9.0,16465.0, UAE, Dubai,Palm Jumeirah,Villa,Sale,Unfurnished,Ready,Q2 2025,Al Barsha 2
6250000.0,3.0,4.0,3014.0, UAE, Dubai, Dubai Creek Harbour,Townhouse,Sale,Unfurnished,Off-Plan,Q3 2027,Creek Waters
2100000.0,1.0,1.0,796.0, UAE, Dubai, Mina Rashid,Apartment,Sale,Unfurnished,Off-Plan,Q4 2027,The Community - Sports Arena
1724888.0,2.0,3.0,1527.0, UAE, Dubai, Dubai Sports City,Apartment,Sale,Unfurnished,Off-Plan,Q4 2027,The Community - Sports Arena
910000.0,1.0,2.0,770.0, UAE, Dubai, Dubai Land Residence Complex,Apartment,Sale,Unfurnished,Off-Plan,Q1 2027,Coventry Gardens
770000.0,1.0,2.0,714.0, UAE, Dubai, Dubai Land Residence Complex,Apartment,Sale,Unfurnished,Off-Plan,Q1 2027,Coventry Gardens
875843.0,1.0,2.0,694.0, UAE, Dubai, Dubai Land Residence Complex,Apartment,Sale,Unfurnished,Off-Plan,Q1 2027,Coventry Gardens
1223100.0,2.0,3.0,1037.0, UAE, Dubai, Majan,Apartment,Sale,Furnished,Off-Plan,Q2 2027,Samana Barari Views
1506600.0,2.0,3.0,1194.0, UAE, Dubai, Majan,Apartment,Sale,Furnished,Off-Plan,Q2 2027,Samana Barari Views
820497.0,1.0,2.0,798.0, UAE, Dubai, Dubai Land Residence Complex,Apartment,Sale,Unfurnished,Off-Plan,Q4 2027,Samana IVY Gardens 2
1483335.0,1.0,2.0,811.0, UAE, Dubai, Jumeirah Village Circle (JVC),Apartment,Sale,Unfurnished,Off-Plan,Q4 2026,Sky Livings by Peace Homes
666915.0,2.0,1.0,456.0, UAE, Dubai, Dubai Land Residence Complex,Apartment,Sale,Furnished,Off-Plan,Q1 2027,Cove Edition Residence 4 by Imtiaz
909792.0,1.0,2.0,740.0, UAE, Dubai, Majan,Apartment,Sale,Unfurnished,Off-Plan,Q2 2027,Samana Barari Views
1178550.0,2.0,3.0,1172.0, UAE, Dubai, Dubai Land Residence Complex,Apartment,Sale,Furnished,Off-Plan,Q4 2027,Samana IVY Gardens 2
550000.0,2.0,1.0,700.0, UAE, Dubai, Dubai Land Residence Complex,Apartment,Sale,Furnished,Ready,Q4 2027,Desert Sun
1250000.0,2.0,3.0,1079.0, UAE, Dubai, Majan,Apartment,Sale,Unfurnished,Off-Plan,Q2 2027,Samana Barari Views
1040000.0,1.0,2.0,797.0, UAE, Dubai, Jumeirah Village Circle (JVC),Apartment,Sale,Unfurnished,Off-Plan,Q4 2025,99 Park Place
13900000.0,3.0,4.0,2506.0, UAE, Dubai, Downtown Dubai,Apartment,Sale,Furnished,Ready,Q2 2027,Opera Grand
610000.0,1.0,1.0,688.0, UAE, Dubai, Jebel Ali,Apartment,Sale,Furnished,Ready,Q1 2026,Binghatti Hillviews
950000.0,1.0,2.0,633.0, UAE, Dubai, Jumeirah Village Circle (JVC),Apartment,Sale,Unfurnished,Ready,Q1 2026,Binghatti Hillviews
960000.0,1.0,2.0,634.0, UAE, Dubai, Jumeirah Village Circle (JVC),Apartment,Sale,Unfurnished,Ready,Q2 2027,Forest City Tower
2950000.0,2.0,3.0,1447.0, UAE, Dubai, Jumeirah Beach Residence (JBR),Apartment,Sale,Unfurnished,Ready,Q2 2027,Forest City Tower
2850000.0,2.0,2.0,1236.0, UAE, Dubai, Downtown Dubai,Apartment,Sale,Unfurnished,Ready,Q2 2027,Forest City Tower
1600000.0,1.0,2.0,946.0, UAE, Dubai, Business Bay,Apartment,Sale,Furnished,Ready,Q2 2027,Forest City Tower
820000.0,2.0,1.0,482.0, UAE, Dubai, Meydan City,Apartment,Sale,Unfurnished,Ready,Q2 2027,Forest City Tower
1746150.0,2.0,3.0,1393.0, UAE, Dubai, Al Furjan,Apartment,Sale,Unfurnished,Off-Plan,Q4 2025,Equiti Garden
1535000.0,2.0,3.0,1164.0, UAE, Dubai, Dubai Production City (IMPZ),Apartment,Sale,Unfurnished,Off-Plan,Q2 2028,Samana Resorts 2
4950000.0,3.0,4.0,2785.0, UAE, Dubai, Dubai Hills Estate,Apartment,Sale,Furnished,Ready,Q2 2028,Samana Resorts 2
1487000.0,2.0,3.0,1262.0, UAE, Dubai, Dubai Production City (IMPZ),Apartment,Sale,Unfurnished,Off-Plan,Q4 2027,Samana Lake Views 2
1238000.0,1.0,2.0,790.0, UAE, Dubai, Dubai Production City (IMPZ),Apartment,Sale,Unfurnished,Off-Plan,Q4 2027,Samana Lake Views 2
1124000.0,1.0,2.0,919.0, UAE, Dubai, Dubai Production City (IMPZ),Apartment,Sale,Unfurnished,Off-Plan,Q2 2028,Samana Resorts
710000.0,1.0,2.0,861.0, UAE, Dubai, Dubai Sports City,Apartment,Sale,Furnished,Ready,Q2 2028,Samana Resorts
470000.0,2.0,1.0,430.0, UAE, Dubai, Dubai Sports City,Apartment,Sale,Furnished,Ready,Q2 2028,Samana Resorts
1800000.0,1.0,2.0,767.0, UAE, Dubai, Mohammed Bin Rashid City,Apartment,Sale,Unfurnished,Ready,Q2 2028,District One
1793100.0,2.0,3.0,1544.0, UAE, Dubai, Arjan,Apartment,Sale,Unfurnished,Off-Plan,Q4 2027,Parkside Boulevard by Tabeer
22500000.0,6.0,8.0,8453.0, UAE, Dubai, Mohammed Bin Rashid City,Villa,Sale,Unfurnished,Off-Plan,Q3 2026,Forest City Tower
1700000.0,1.0,1.0,773.0, UAE, Dubai, Mina Rashid,Apartment,Sale,Unfurnished,Off-Plan,Q1 2027,Sunridge
3600000.0,4.0,5.0,3400.0, UAE, Dubai, Arabian Ranches 3,Villa,Sale,Unfurnished,Off-Plan,Q2 2026,Raya
2475000.0,3.0,4.0,1960.0, UAE, Dubai, The Valley by Emaar,Townhouse,Sale,Unfurnished,Off-Plan,Q3 2027,Nima
3250000.0,4.0,5.0,3067.0, UAE, Dubai, The Valley by Emaar,Townhouse,Sale,Unfurnished,Off-Plan,Q4 2025,Orania
3450000.0,3.0,4.0,1564.0, UAE, Dubai, Arabian Ranches 3,Townhouse,Sale,Unfurnished,Ready,Q4 2025,Ruba
8750000.0,3.0,4.0,1865.0, UAE, Dubai, Downtown Dubai,Apartment,Sale,Unfurnished,Ready,Q4 2025,Ruba
2800000.0,2.0,3.0,1089.0, UAE, Dubai, Dubai Creek Harbour,Apartment,Sale,Unfurnished,Ready,Q4 2025,Ruba
2750000.0,2.0,3.0,1089.0, UAE, Dubai, Dubai Creek Harbour,Apartment,Sale,Unfurnished,Ready,Q2 2028,Samana Resorts
4500000.0,2.0,3.0,1409.0, UAE, Dubai, Downtown Dubai,Apartment,Sale,Unfurnished,Off-Plan,Q4 2026,St. Regis Residences Tower 2
16450000.0,5.0,6.0,8609.0, UAE, Dubai, The Oasis by Emaar,Villa,Sale,Unfurnished,Off-Plan,Q4 2027,Palmiera
16500000.0,5.0,6.0,8611.0, UAE, Dubai, The Oasis by Emaar,Villa,Sale,Unfurnished,Off-Plan,Q4 2027,Palmiera
3850000.0,4.0,5.0,2463.0, UAE, Dubai, Arabian Ranches 3,Townhouse,Sale,Unfurnished,Ready,Q4 2027,Joy
4950000.0,2.0,3.0,1083.0, UAE, Dubai, Downtown Dubai,Apartment,Sale,Unfurnished,Off-Plan,Q4 2022,Vida Dubai Mall Tower 2
1700000.0,2.0,2.0,1644.0, UAE, Dubai, Dubai South,Apartment,Sale,Unfurnished,Ready,Q4 2022,Vida Dubai Mall Tower 2
3900000.0,4.0,5.0,3442.0, UAE, Dubai, The Valley by Emaar,Villa,Sale,Unfurnished,Off-Plan,Q1 2027,Rivana
11300000.0,4.0,5.0,10188.0, UAE, Dubai, The Oasis by Emaar,Villa,Sale,Unfurnished,Off-Plan,Q4 2027,Palmiera
710000.0,1.0,2.0,861.0, UAE, Dubai, Dubai Sports City,Apartment,Sale,Furnished,Ready,Q4 2027,Palmiera
2500000.0,3.0,4.0,1906.0, UAE, Dubai, The Valley by Emaar,Villa,Sale,Unfurnished,Off-Plan,Q4 2025,Orania
2800000.0,3.0,4.0,1384.0, UAE, Dubai, Arabian Ranches 3,Townhouse,Sale,Unfurnished,Ready,Q4 2025,Sun
2350000.0,4.0,5.0,2319.0, UAE, Dubai, Dubailand,Townhouse,Sale,Unfurnished,Off-Plan,Q1 2028,DAMAC Sun City
7250000.0,4.0,5.0,8592.0, UAE, Dubai, The Valley by Emaar,Villa,Sale,Unfurnished,Off-Plan,Q3 2026,Farm Gardens
3500000.0,3.0,3.0,2556.0, UAE, Dubai, Reem,Townhouse,Sale,Unfurnished,Ready,Q3 2026,Farm Gardens
470000.0,2.0,1.0,430.0, UAE, Dubai, Dubai Sports City,Apartment,Sale,Furnished,Ready,Q3 2026,Farm Gardens
1800000.0,1.0,2.0,767.0, UAE, Dubai, Mohammed Bin Rashid City,Apartment,Sale,Unfurnished,Ready,Q3 2026,District One
3950000.0,2.0,2.0,1247.0, UAE, Dubai, Downtown Dubai,Apartment,Sale,Unfurnished,Off-Plan,Q4 2026,St. Regis The Residences Tower 1
1957000.0,1.0,1.0,877.0, UAE, Dubai, Dubai Islands,Apartment,Sale,Unfurnished,Off-Plan,Q2 2028,Bay Grove Residences C Building 10
599999.0,1.0,1.0,862.0, UAE, Dubai, Dubai Land Residence Complex,Apartment,Sale,Unfurnished,Ready,Q2 2028,Bay Grove Residences C Building 10
2625000.0,3.0,4.0,1873.0, UAE, Dubai, The Valley by Emaar,Townhouse,Sale,Unfurnished,Ready,Q3 2026,Talia
1788000.0,2.0,3.0,1389.0, UAE, Dubai, Mirdif,Apartment,Sale,Unfurnished,Ready,Q3 2026,Talia
1772250.0,2.0,3.0,1544.0, UAE, Dubai, Arjan,Apartment,Sale,Unfurnished,Off-Plan,Q4 2027,Parkside Boulevard by Tabeer
1206000.0,1.0,2.0,835.0, UAE, Dubai, Arjan,Apartment,Sale,Unfurnished,Off-Plan,Q4 2027,Parkside Boulevard by Tabeer
1459500.0,1.0,2.0,1325.0, UAE, Dubai, Arjan,Apartment,Sale,Unfurnished,Off-Plan,Q4 2027,Parkside Boulevard by Tabeer
900000.0,1.0,2.0,861.0, UAE, Dubai, Dubai Sports City,Apartment,Sale,Unfurnished,Ready,Q4 2027,The Medalist
1407375.0,1.0,2.0,1159.0, UAE, Dubai, Arjan,Apartment,Sale,Unfurnished,Off-Plan,Q4 2027,Parkside Boulevard by Tabeer
3300000.0,1.0,2.0,1542.0, UAE, Dubai, Sobha Hartland,Apartment,Sale,Unfurnished,Ready,Q4 2027,Parkside Boulevard by Tabeer
4300000.0,4.0,4.0,2749.0, UAE, Dubai, Dubai South,Villa,Sale,Unfurnished,Off-Plan,Q2 2028,Hills Park
3455000.0,3.0,4.0,1564.0, UAE, Dubai, Arabian Ranches 3,Townhouse,Sale,Unfurnished,Ready,Q2 2028,Ruba
3900000.0,4.0,5.0,2463.0, UAE, Dubai, Arabian Ranches 3,Townhouse,Sale,Unfurnished,Ready,Q2 2028,Joy
3800000.0,4.0,4.0,2772.0, UAE, Dubai, The Valley by Emaar,Townhouse,Sale,Unfurnished,Ready,Q4 2022,Nara
1700000.0,2.0,2.0,1644.0, UAE, Dubai, Dubai South,Apartment,Sale,Unfurnished,Ready,Q4 2028,Nara
3500000.0,4.0,4.0,2772.0, UAE, Dubai, The Valley by Emaar,Villa,Sale,Unfurnished,Ready,Q1 2028,Nara
3200000.0,3.0,4.0,2238.0, UAE, Dubai, Arabian Ranches 3,Villa,Sale,Unfurnished,Ready,Q2 2028,Bliss
5750000.0,3.0,3.0,1806.0, UAE, Dubai, Za'abeel,Apartment,Sale,Unfurnished,Ready,Q1 2027,Lillia
2700000.0,3.0,4.0,2090.0, UAE, Dubai, The Valley by Emaar,Townhouse,Sale,Unfurnished,Ready,Q3 2027,Talia
3200000.0,4.0,5.0,3067.0, UAE, Dubai, The Valley by Emaar,Townhouse,Sale,Unfurnished,Off-Plan,Q4 2025,Orania
3550000.0,4.0,5.0,2848.0, UAE, Dubai, The Valley by Emaar,Townhouse,Sale,Unfurnished,Off-Plan,Q4 2025,Orania
2550000.0,3.0,4.0,2234.0, UAE, Dubai, The Valley by Emaar,Townhouse,Sale,Unfurnished,Off-Plan,Q3 2027,Nima
3750000.0,2.0,2.0,1136.0, UAE, Dubai, Dubai Marina,Apartment,Sale,Unfurnished,Off-Plan,Q4 2026,Marina Shores
3150000.0,4.0,5.0,2683.0, UAE, Dubai, The Valley by Emaar,Villa,Sale,Unfurnished,Off-Plan,Q3 2027,Nima
3050000.0,4.0,5.0,2976.0, UAE, Dubai, The Valley by Emaar,Villa,Sale,Unfurnished,Off-Plan,Q1 2027,Lillia
2350000.0,3.0,4.0,1906.0, UAE, Dubai, The Valley by Emaar,Townhouse,Sale,Unfurnished,Off-Plan,Q4 2025,Orania
3400000.0,4.0,5.0,4199.0, UAE, Dubai, The Valley by Emaar,Townhouse,Sale,Unfurnished,Off-Plan,Q4 2025,Orania
2800000.0,3.0,4.0,2377.0, UAE, Dubai, The Valley by Emaar,Townhouse,Sale,Unfurnished,Off-Plan,Q3 2027,Nima
1164800.0,1.0,2.0,850.0, UAE, Dubai, Arjan,Apartment,Sale,Unfurnished,Off-Plan,Q4 2027,Parkside Boulevard by Tabeer
3800000.0,4.0,6.0,4200.0, UAE, Dubai, Jumeirah Village Circle (JVC),Townhouse,Sale,Unfurnished,Ready,Q4 2027,Parkside Boulevard by Tabeer
1256212.0,1.0,2.0,926.0, UAE, Dubai, Arjan,Apartment,Sale,Unfurnished,Off-Plan,Q4 2027,Parkside Boulevard by Tabeer
599999.0,1.0,1.0,862.0, UAE, Dubai, Dubai Land Residence Complex,Apartment,Sale,Unfurnished,Ready,Q4 2027,Parkside Boulevard by Tabeer
3500000.0,3.0,3.0,2556.0, UAE, Dubai, Reem,Townhouse,Sale,Unfurnished,Ready,Q3 2027,Joy
3400000.0,3.0,3.0,2556.0, UAE, Dubai, Reem,Townhouse,Sale,Unfurnished,Ready,Q3 2027,Joy
3500000.0,3.0,4.0,1564.0, UAE, Dubai, Arabian Ranches 3,Townhouse,Sale,Unfurnished,Ready,Q3 2027,Ruba
500000.0,2.0,1.0,348.0, UAE, Dubai, Dubai Investment Park (DIP),Apartment,Sale,Unfurnished,Off-Plan,Q2 2026,Verdana Residence 2
4950000.0,2.0,3.0,1231.0, UAE, Dubai, Dubai Harbour,Apartment,Sale,Unfurnished,Off-Plan,Q2 2026,DAMAC Bay 2 by Cavalli
695000.0,1.0,2.0,603.0, UAE, Dubai, Dubai Land Residence Complex,Apartment,Sale,Unfurnished,Off-Plan,Q3 2026,AG Square
1899999.0,2.0,3.0,1539.0, UAE, Dubai, Arjan,Apartment,Sale,Unfurnished,Ready,Q3 2026,Welcome Residency
1149999.0,1.0,2.0,785.0, UAE, Dubai, Dubai South,Apartment,Sale,Unfurnished,Off-Plan,Q2 2026,Azizi Venice 14
3649999.0,4.0,5.0,2219.0, UAE, Dubai, The Valley by Emaar,Villa,Sale,Unfurnished,Ready,Q2 2026,Nara
3200000.0,5.0,4.0,2356.0, UAE, Dubai, DAMAC Lagoons,Townhouse,Sale,Unfurnished,Off-Plan,Q3 2025,Nice
6199999.0,6.0,5.0,4572.0, UAE, Dubai, DAMAC Lagoons,Villa,Sale,Unfurnished,Off-Plan,Q3 2025,Venice
3100000.0,3.0,4.0,1771.0, UAE, Dubai, Dubailand,Townhouse,Sale,Unfurnished,Ready,Q3 2025,Venice
20000000.0,4.0,5.0,5062.0, UAE, Dubai,Dubai Internet City,Apartment,Sale,Unfurnished,Off-Plan,Q3 2025,Venice
2588800.0,2.0,2.0,1377.0, UAE, Dubai, Expo City,Apartment,Sale,Unfurnished,Off-Plan,Q1 2028,Sidr Residences
2621336.0,2.0,3.0,1557.0, UAE, Dubai,Business Bay,Apartment,Sale,Unfurnished,Off-Plan,Q1 2028,Sidr Residences
12625000.0,4.0,4.0,2661.0, UAE, Dubai, Umm Suqeim,Apartment,Sale,Unfurnished,Ready,Q1 2028,Madinat Jumeirah Living
1468144.0,1.0,2.0,699.0, UAE, Dubai,Business Bay,Apartment,Sale,Unfurnished,Off-Plan,Q1 2028,Madinat Jumeirah Living
4432430.0,3.0,5.0,2715.0, UAE, Dubai,Business Bay,Apartment,Sale,Unfurnished,Off-Plan,Q1 2028,Madinat Jumeirah Living
3000000.0,3.0,3.0,2994.0, UAE, Dubai, Jumeirah Village Circle (JVC),Apartment,Sale,Unfurnished,Ready,Q1 2028,Madinat Jumeirah Living
1550000.0,2.0,2.0,984.0, UAE, Dubai, Jumeirah Village Circle (JVC),Apartment,Sale,Unfurnished,Ready,Q1 2028,Madinat Jumeirah Living
3762000.0,3.0,3.0,1492.0, UAE, Dubai, Jumeirah Lake Towers (JLT),Apartment,Sale,Unfurnished,Off-Plan,Q3 2027,Madinat Jumeirah Living
1850050.0,1.0,1.0,740.0, UAE, Dubai, Ras Al Khor,Apartment,Sale,Unfurnished,Off-Plan,Q4 2029,The Element
1001646.0,1.0,1.0,541.0, UAE, Dubai, Motor City,Apartment,Sale,Unfurnished,Off-Plan,Q4 2029,Sobha Orbis
5500000.0,6.0,7.0,4727.0, UAE, Dubai, DAMAC Lagoons,Villa,Sale,Unfurnished,Off-Plan,Q3 2025,Santorini
1150000.0,2.0,3.0,1160.0, UAE, Dubai, Dubai Land Residence Complex,Apartment,Sale,Unfurnished,Ready,Q3 2025,Durar A
1241000.0,2.0,3.0,1560.0, UAE, Dubai, Dubai Land Residence Complex,Apartment,Sale,Unfurnished,Ready,Q3 2025,Durar A
559999.0,1.0,1.0,690.0, UAE, Dubai, Jebel Ali,Apartment,Sale,Unfurnished,Ready,Q3 2025,Durar A
627206.0,2.0,1.0,386.0, UAE, Dubai, Dubai Sports City,Apartment,Sale,Unfurnished,Off-Plan,Q2 2026,Condor Golf Links 18
679771.0,2.0,1.0,394.0, UAE, Dubai, Dubai Sports City,Apartment,Sale,Unfurnished,Off-Plan,Q2 2026,Condor Golf Links 18
666212.0,2.0,1.0,386.0, UAE, Dubai, Dubai Sports City,Apartment,Sale,Unfurnished,Off-Plan,Q2 2026,Condor Golf Links 18
676614.0,2.0,1.0,392.0, UAE, Dubai, Dubai Sports City,Apartment,Sale,Unfurnished,Off-Plan,Q2 2026,Condor Golf Links 18
814000.0,2.0,1.0,529.0, UAE, Dubai, Dubai Land Residence Complex,Apartment,Sale,Unfurnished,Off-Plan,Q3 2027,Samana Park Meadows
1974000.0,1.0,2.0,969.0, UAE, Dubai, Business Bay,Apartment,Sale,Unfurnished,Off-Plan,Q1 2026,Royal Regency
1281000.0,2.0,1.0,491.0, UAE, Dubai, Business Bay,Apartment,Sale,Unfurnished,Off-Plan,Q1 2026,Royal Regency
2044354.0,1.0,2.0,1291.0, UAE, Dubai, Meydan City,Apartment,Sale,Unfurnished,Off-Plan,Q3 2024,The 100
1430000.0,2.0,3.0,1250.0, UAE, Dubai, Dubai Land Residence Complex,Apartment,Sale,Unfurnished,Off-Plan,Q4 2028,AG AUM Residence
1249999.0,1.0,2.0,585.0, UAE, Dubai, Motor City,Apartment,Sale,Unfurnished,Off-Plan,Q4 2025,The Community Motor City
995112.0,1.0,1.0,784.0, UAE, Dubai, Dubai Land Residence Complex,Apartment,Sale,Unfurnished,Off-Plan,Q4 2027,Samana IVY Gardens 2
1550000.0,2.0,2.0,1114.0, UAE, Dubai, Arjan,Apartment,Sale,Furnished,Ready,Q4 2027,Jewelz by Danube
1630000.0,2.0,3.0,1361.0, UAE, Dubai, Liwan,Apartment,Sale,Unfurnished,Ready,Q4 2027,Jewelz by Danube
2500000.0,4.0,3.0,1555.0, UAE, Dubai, DAMAC Lagoons,Townhouse,Sale,Unfurnished,Off-Plan,Q4 2025,Marbella
3995000.0,3.0,4.0,2449.0, UAE, Dubai, Dubai Marina,Apartment,Sale,Unfurnished,Ready,Q4 2025,Marbella
1415888.0,2.0,2.0,957.0, UAE, Dubai, Town Square,Apartment,Sale,Furnished,Off-Plan,Q4 2027,Odessa
1038888.0,1.0,1.0,827.0, UAE, Dubai, Town Square,Apartment,Sale,Furnished,Off-Plan,Q4 2027,Odessa
780000.0,2.0,1.0,386.0, UAE, Dubai, Dubai Silicon Oasis (DSO),Apartment,Sale,Furnished,Off-Plan,Q3 2028,Timez By Danube
2623000.0,2.0,2.0,2674.0, UAE, Dubai, Dubai Science Park,Apartment,Sale,Furnished,Off-Plan,Q3 2028,Opalz By Danube
1290888.0,2.0,2.0,1079.0, UAE, Dubai, Town Square,Apartment,Sale,Unfurnished,Off-Plan,Q2 2027,Berkshire Park
1600000.0,1.0,2.0,922.0, UAE, Dubai, Dubai Marina,Apartment,Sale,Unfurnished,Ready,Q2 2027,Berkshire Park
1800000.0,1.0,2.0,792.0, UAE, Dubai, Dubai Marina,Apartment,Sale,Unfurnished,Off-Plan,Q2 2025,Marina Living
2875000.0,2.0,3.0,1090.0, UAE, Dubai, Dubai Marina,Apartment,Sale,Furnished,Off-Plan,Q2 2027,Aeternitas Tower
800000.0,1.0,2.0,587.0, UAE, Dubai, Arjan,Apartment,Sale,Unfurnished,Ready,Q2 2027,Samana Hills
1765000.0,1.0,2.0,749.0, UAE, Dubai, Dubai Marina,Apartment,Sale,Unfurnished,Off-Plan,Q2 2025,Marina Living
2000000.0,1.0,2.0,736.0, UAE, Dubai, Dubai Marina,Apartment,Sale,Furnished,Off-Plan,Q2 2025,Marina Living
3550000.0,2.0,2.0,1207.0, UAE, Dubai, Dubai Marina,Apartment,Sale,Furnished,Ready,Q2 2025,Marina Living
1650000.0,1.0,1.0,727.0, UAE, Dubai, Dubai Hills Estate,Apartment,Sale,Furnished,Off-Plan,Q1 2028,Club Drive Tower A
4730000.0,3.0,4.0,1592.0, UAE, Dubai, Dubai Hills Estate,Apartment,Sale,Furnished,Off-Plan,Q1 2028,Club Drive Tower A
3420000.0,2.0,2.0,1183.0, UAE, Dubai, Dubai Hills Estate,Apartment,Sale,Furnished,Off-Plan,Q1 2028,Club Drive Tower A
2650000.0,2.0,2.0,1040.0, UAE, Dubai, Dubai Hills Estate,Apartment,Sale,Furnished,Off-Plan,Q4 2028,Park Lane Building 1
1800000.0,1.0,1.0,696.0, UAE, Dubai, Dubai Hills Estate,Apartment,Sale,Furnished,Off-Plan,Q4 2026,Park Lane Building 1
1650000.0,1.0,1.0,696.0, UAE, Dubai, Dubai Creek Harbour,Apartment,Sale,Unfurnished,Ready,Q4 2026,Park Lane Building 1
5800000.0,3.0,5.0,2327.0, UAE, Dubai, Dubai Creek Harbour,Apartment,Sale,Unfurnished,Ready,Q4 2026,Park Lane Building 1
1400000.0,2.0,3.0,974.0, UAE, Dubai, Town Square,Apartment,Sale,Unfurnished,Off-Plan,Q3 2026,Symphony on the Park
2890000.0,1.0,2.0,810.0, UAE, Dubai, Downtown Dubai,Apartment,Sale,Furnished,Ready,Q3 2026,Elite 1 Downtown Residence
2000000.0,1.0,2.0,827.0, UAE, Dubai, Downtown Dubai,Apartment,Sale,Unfurnished,Ready,Q3 2026,Elite 1 Downtown Residence
2850000.0,2.0,2.0,1031.0, UAE, Dubai, Downtown Dubai,Apartment,Sale,Furnished,Ready,Q3 2026,Elite 1 Downtown Residence
3000000.0,1.0,1.0,751.0, UAE, Dubai, Downtown Dubai,Apartment,Sale,Furnished,Off-Plan,Q4 2022,Vida Dubai Mall Tower 1
9000000.0,3.0,4.0,2019.0, UAE, Dubai, Downtown Dubai,Apartment,Sale,Furnished,Ready,Q4 2022,Vida Dubai Mall Tower 1
2480000.0,1.0,2.0,1170.0, UAE, Dubai, Business Bay,Apartment,Sale,Furnished,Ready,Q4 2022,SLS Dubai Hotel & Residences
598000.0,2.0,1.0,405.0, UAE, Dubai, Arjan,Apartment,Sale,Furnished,Ready,Q4 2022,Miraclz Tower by Danube
1916150.0,1.0,2.0,912.0, UAE, Dubai, Sobha Hartland,Apartment,Sale,Unfurnished,Ready,Q4 2022,Waves Grande
1350000.0,1.0,2.0,971.0, UAE, Dubai, Dubai Marina,Apartment,Sale,Furnished,Ready,Q4 2022,Marina Pearl
1400000.0,1.0,2.0,918.0, UAE, Dubai, Dubai Marina,Apartment,Sale,Unfurnished,Ready,Q4 2022,Ocean Heights
650000.0,1.0,2.0,650.0, UAE, Dubai, Dubai Silicon Oasis (DSO),Apartment,Sale,Furnished,Ready,Q4 2022,Al Falak Residence
1000000.0,2.0,1.0,507.0, UAE, Dubai, Business Bay,Apartment,Sale,Furnished,Ready,Q4 2022,Hamilton Residency
955000.0,1.0,2.0,983.0, UAE, Dubai, Jumeirah Village Circle (JVC),Apartment,Sale,Furnished,Ready,Q4 2022,Hamilton Residency
6000000.0,3.0,4.0,2524.0, UAE, Dubai, Palm Jumeirah,Apartment,Sale,Unfurnished,Ready,Q4 2022,Hamilton Residency
2799000.0,2.0,3.0,1511.0, UAE, Dubai, Business Bay,Apartment,Sale,Unfurnished,Ready,Q4 2022,Hamilton Residency
2900000.0,2.0,3.0,2033.0, UAE, Dubai, Dubailand,Apartment,Sale,Furnished,Off-Plan,Q2 2029,Hamilton Residency
1500000.0,1.0,2.0,836.0, UAE, Dubai, Dubailand,Apartment,Sale,Furnished,Off-Plan,Q2 2029,Hamilton Residency
4300000.0,3.0,5.0,2290.0, UAE, Dubai, Dubailand,Apartment,Sale,Unfurnished,Off-Plan,Q2 2029,Hamilton Residency
480000.0,2.0,1.0,444.0, UAE, Dubai, Dubai Silicon Oasis (DSO),Apartment,Sale,Unfurnished,Ready,Q2 2029,Cordoba Palace
600000.0,2.0,1.0,345.0, UAE, Dubai, Dubai Studio City,Apartment,Sale,Unfurnished,Ready,Q2 2029,Samana Golf Avenue
1100000.0,1.0,2.0,722.0, UAE, Dubai, Jumeirah Lake Towers (JLT),Apartment,Sale,Unfurnished,Ready,Q2 2029,Samana Golf Avenue
1950000.0,4.0,5.0,1208.0, UAE, Dubai, DAMAC Hills 2 (Akoya by DAMAC),Townhouse,Sale,Furnished,Off-Plan,Q3 2027,Violet 4
551760.0,2.0,1.0,431.0, UAE, Dubai, Dubai Land Residence Complex,Apartment,Sale,Furnished,Off-Plan,Q1 2027,Coventry Gardens
1188000.0,1.0,2.0,791.0, UAE, Dubai, Jumeirah Village Circle (JVC),Apartment,Sale,Unfurnished,Off-Plan,Q4 2025,Terrazzo Residences
500000.0,2.0,1.0,484.0, UAE, Dubai, Discovery Gardens,Apartment,Sale,Furnished,Ready,Q4 2025,Terrazzo Residences
580000.0,2.0,1.0,364.0, UAE, Dubai, Jumeirah Village Circle (JVC),Apartment,Sale,Unfurnished,Off-Plan,Q4 2025,Levanto
740700.0,1.0,2.0,718.0, UAE, Dubai, International City,Apartment,Sale,Furnished,Off-Plan,Q3 2025,4B Living
1050000.0,1.0,2.0,916.0, UAE, Dubai, Al Furjan,Apartment,Sale,Unfurnished,Ready,Q3 2025,Equiti Arcade
850000.0,1.0,2.0,835.0, UAE, Dubai, Jumeirah Village Circle (JVC),Apartment,Sale,Unfurnished,Ready,Q3 2025,Equiti Arcade
45000000.0,7.0,7.0,14832.0, UAE, Dubai, Bukadra,Villa,Sale,Unfurnished,Off-Plan,Q3 2025,Equiti Arcade
2500000.0,2.0,2.0,1148.0, UAE, Dubai, Sobha Hartland,Apartment,Sale,Furnished,Ready,Q3 2025,Creek Vistas Grande
795000.0,1.0,3.0,879.0, UAE, Dubai, Dubai South,Apartment,Sale,Unfurnished,Ready,Q3 2025,Creek Vistas Grande
3100000.0,5.0,6.0,3178.0, UAE, Dubai, Dubailand,Townhouse,Sale,Unfurnished,Off-Plan,Q4 2028,DAMAC Islands
580000.0,2.0,1.0,493.0, UAE, Dubai, Dubai Silicon Oasis (DSO),Apartment,Sale,Unfurnished,Ready,Q4 2028,Binghatti Stars
2432000.0,1.0,1.0,822.0, UAE, Dubai, Business Bay,Apartment,Sale,Unfurnished,Off-Plan,Q1 2027,Canal Heights 2
1300000.0,2.0,2.0,1445.0, UAE, Dubai, Dubai Silicon Oasis (DSO),Apartment,Sale,Unfurnished,Ready,Q1 2027,Oasis High Park
2400000.0,4.0,3.0,2210.0, UAE, Dubai, Dubailand,Villa,Sale,Unfurnished,Off-Plan,Q4 2028,DAMAC Islands
1357822.0,2.0,2.0,1024.0, UAE, Dubai, Dubai South,Apartment,Sale,Furnished,Off-Plan,Q2 2025,Manam Prime
3090000.0,5.0,6.0,3176.0, UAE, Dubai, Dubailand,Townhouse,Sale,Unfurnished,Off-Plan,Q4 2028,Manam Prime
3500000.0,3.0,5.0,1583.0, UAE, Dubai, Sobha Hartland,Apartment,Sale,Unfurnished,Off-Plan,Q4 2025,The Crest Tower D
1300000.0,1.0,2.0,807.0, UAE, Dubai, Jumeirah Village Circle (JVC),Apartment,Sale,Unfurnished,Ready,Q4 2025,The Crest Tower D
2380888.0,2.0,2.0,1318.0, UAE, Dubai, Mina Rashid,Apartment,Sale,Unfurnished,Off-Plan,Q3 2027,Clearpoint Building 1
4200000.0,3.0,5.0,2738.0, UAE, Dubai, Jumeirah Village Circle (JVC),Villa,Sale,Unfurnished,Ready,Q3 2027,JVC District 11
1300000.0,2.0,1.0,354.0, UAE, Dubai, Palm Jumeirah,Apartment,Sale,Furnished,Ready,Q3 2027,Seven Palm
4000000.0,4.0,5.0,2304.0, UAE, Dubai, Al Furjan,Villa,Sale,Unfurnished,Ready,Q3 2027,Seven Palm
4850000.0,3.0,4.0,2182.0, UAE, Dubai, Palm Jumeirah,Apartment,Sale,Unfurnished,Ready,Q3 2027,Seven Palm
1559600.0,3.0,4.0,1356.0, UAE, Dubai, Dubai Land Residence Complex,Apartment,Sale,Unfurnished,Off-Plan,Q4 2028,AG Ark Tower
1223300.0,1.0,2.0,670.0, UAE, Dubai, Motor City,Apartment,Sale,Unfurnished,Off-Plan,Q4 2028,Sobha Orbis Tower E
1500000.0,1.0,2.0,792.0, UAE, Dubai, Sobha Hartland,Apartment,Sale,Unfurnished,Ready,Q4 2028,Sobha Orbis Tower E
1496647.0,1.0,2.0,817.0, UAE, Dubai, Dubai Land Residence Complex,Apartment,Sale,Unfurnished,Off-Plan,Q3 2028,Peace Lagoons by Peace Homes
1875000.0,2.0,3.0,1329.0, UAE, Dubai, Dubai Marina,Apartment,Sale,Unfurnished,Ready,Q3 2028,Elite Residence
2780164.0,3.0,4.0,2036.0, UAE, Dubai, Al Furjan,Apartment,Sale,Unfurnished,Off-Plan,Q4 2027,Avenue Residence 7
601500.0,2.0,1.0,447.0, UAE, Dubai, Liwan,Apartment,Sale,Unfurnished,Off-Plan,Q1 2026,Celine by Vision
3500000.0,3.0,4.0,2845.0, UAE, Dubai, Dubai South,Villa,Sale,Unfurnished,Ready,Q1 2026,Celine by Vision
1223989.0,2.0,3.0,1250.0, UAE, Dubai, Dubai Land Residence Complex,Apartment,Sale,Unfurnished,Ready,Q1 2026,4Direction Residence 1
5500000.0,5.0,7.0,4200.0, UAE, Dubai, Dubai South,Villa,Sale,Unfurnished,Ready,Q1 2026,4Direction Residence 1
3380120.0,2.0,3.0,1690.0, UAE, Dubai, DIFC,Apartment,Sale,Unfurnished,Ready,Q1 2026,Sky Gardens DIFC
2400000.0,2.0,2.0,967.0, UAE, Dubai, Business Bay,Apartment,Sale,Furnished,Ready,Q1 2026,MAG 318
9699000.0,3.0,5.0,2427.0, UAE, Dubai, Downtown Dubai,Apartment,Sale,Furnished,Ready,Q1 2026,MAG 318
14500000.0,3.0,4.0,3029.0, UAE, Dubai, Palm Jumeirah,Apartment,Sale,Unfurnished,Off-Plan,Q4 2025,Serenia Living Tower 2
990000.0,2.0,2.0,1181.0, UAE, Dubai, Dubai Sports City,Apartment,Sale,Unfurnished,Ready,Q4 2025,Zenith Towers
4900000.0,5.0,7.0,4199.0, UAE, Dubai, Dubai South,Villa,Sale,Unfurnished,Ready,Q4 2025,Zenith Towers
3800000.0,3.0,4.0,1915.0, UAE, Dubai, Jumeirah Beach Residence (JBR),Apartment,Sale,Unfurnished,Ready,Q4 2025,Rimal
650000.0,2.0,1.0,388.0, UAE, Dubai, Dubai Studio City,Apartment,Sale,Furnished,Off-Plan,Q1 2025,Samana Santorini
2698343.0,2.0,4.0,1635.0, UAE, Dubai, Sobha Hartland,Apartment,Sale,Unfurnished,Ready,Q1 2025,Gemini Splendor
1250000.0,3.0,4.0,1435.0, UAE, Dubai, Dubai Production City (IMPZ),Apartment,Sale,Unfurnished,Ready,Q1 2025,Gemini Splendor
1200000.0,3.0,4.0,1360.0, UAE, Dubai, Dubai Production City (IMPZ),Apartment,Sale,Unfurnished,Ready,Q1 2025,Gemini Splendor
415000.0,1.0,2.0,743.0, UAE, Dubai, International City,Apartment,Sale,Unfurnished,Ready,Q1 2025,Gemini Splendor
3326500.0,2.0,2.0,1663.0, UAE, Dubai, DIFC,Apartment,Sale,Unfurnished,Ready,Q1 2025,Sky Gardens DIFC
785000.0,1.0,2.0,925.0, UAE, Dubai, Dubai Land Residence Complex,Apartment,Sale,Unfurnished,Ready,Q1 2025,Etlala Residence
3000000.0,2.0,3.0,1410.0, UAE, Dubai, Mohammed Bin Rashid City,Townhouse,Sale,Unfurnished,Ready,Q1 2025,Etlala Residence
3200000.0,3.0,4.0,1906.0, UAE, Dubai, Dubai South,Villa,Sale,Unfurnished,Off-Plan,Q2 2028,Etlala Residence
1650000.0,2.0,2.0,1251.0, UAE, Dubai, Al Furjan,Apartment,Sale,Unfurnished,Off-Plan,Q4 2025,Azizi Central
450000.0,1.0,2.0,742.0, UAE, Dubai, International City,Apartment,Sale,Unfurnished,Ready,Q4 2025,Azizi Central
970400.0,2.0,1.0,366.0, UAE, Dubai, Al Jaddaf,Apartment,Sale,Unfurnished,Off-Plan,Q3 2025,Creek Views 3
699000.0,2.0,1.0,340.0, UAE, Dubai, Dubai South,Apartment,Sale,Unfurnished,Off-Plan,Q1 2026,Azizi Venice
1199829.0,1.0,1.0,806.0, UAE, Dubai, Al Furjan,Apartment,Sale,Unfurnished,Off-Plan,Q4 2027,Reef 999
1788800.0,2.0,2.0,1224.0, UAE, Dubai, Al Furjan,Apartment,Sale,Furnished,Off-Plan,Q4 2026,Pristine by Zoya
1565000.0,2.0,2.0,1212.0, UAE, Dubai, Al Furjan,Apartment,Sale,Unfurnished,Off-Plan,Q3 2027,Celeste Heights by Zimaya Properties
3899999.0,3.0,3.0,1747.0, UAE, Dubai, Business Bay,Apartment,Sale,Furnished,Ready,Q3 2027,Celeste Heights by Zimaya Properties
1125000.0,1.0,1.0,856.0, UAE, Dubai, Al Furjan,Apartment,Sale,Furnished,Off-Plan,Q3 2027,Celeste Heights by Zimaya Properties
2075000.0,3.0,3.0,1832.0, UAE, Dubai, Al Furjan,Apartment,Sale,Furnished,Off-Plan,Q3 2027,Celeste Heights by Zimaya Properties
999900.0,2.0,1.0,350.0, UAE, Dubai, Business Bay,Apartment,Sale,Furnished,Ready,Q3 2027,The First Collection Business Bay
1270000.0,2.0,1.0,379.0, UAE, Dubai, Business Bay,Apartment,Sale,Furnished,Ready,Q3 2027,UPSIDE
1999999.0,1.0,2.0,1297.0, UAE, Dubai, Downtown Dubai,Apartment,Sale,Unfurnished,Ready,Q3 2027,UPSIDE
1482819.0,1.0,2.0,899.0, UAE, Dubai, Sobha Hartland,Apartment,Sale,Unfurnished,Ready,Q3 2027,Gemini Splendor
1479089.0,1.0,2.0,896.0, UAE, Dubai, Sobha Hartland,Apartment,Sale,Unfurnished,Ready,Q3 2027,Gemini Splendor
4000000.0,2.0,3.0,2037.0, UAE, Dubai, DIFC,Apartment,Sale,Unfurnished,Ready,Q3 2027,Gemini Splendor
5500000.0,3.0,4.0,1874.0, UAE, Dubai, Umm Suqeim,Apartment,Sale,Unfurnished,Off-Plan,Q1 2026,Lamaa Building 1
450000.0,2.0,1.0,550.0, UAE, Dubai,Barsha Heights (Tecom),Apartment,Sale,Furnished,Ready,Q1 2026,Lamaa Building 1
1381959.0,1.0,2.0,825.0, UAE, Dubai, Mohammed Bin Rashid City,Apartment,Sale,Unfurnished,Off-Plan,Q2 2027,The Collection by NASER
1768000.0,3.0,3.0,1814.0, UAE, Dubai, Living Legends,Apartment,Sale,Unfurnished,Off-Plan,Q2 2027,Rapunzel Tower
1436000.0,2.0,3.0,1401.0, UAE, Dubai, Living Legends,Apartment,Sale,Unfurnished,Off-Plan,Q2 2027,Rapunzel Tower
1836923.0,2.0,3.0,1504.0, UAE, Dubai, Jumeirah Village Circle (JVC),Apartment,Sale,Unfurnished,Off-Plan,Q4 2025,99 Park Place
980000.0,2.0,1.0,656.0, UAE, Dubai, Culture Village (Jaddaf Waterfront),Apartment,Sale,Furnished,Ready,Q4 2025,99 Park Place
1176000.0,1.0,2.0,779.0, UAE, Dubai, Arjan,Apartment,Sale,Unfurnished,Off-Plan,Q4 2027,Parkside Boulevard by Tabeer
1690000.0,2.0,3.0,1108.0, UAE, Dubai, Jumeirah Village Circle (JVC),Apartment,Sale,Unfurnished,Ready,Q4 2027,Parkside Boulevard by Tabeer
1800000.0,2.0,2.0,1164.0, UAE, Dubai, Jumeirah Village Circle (JVC),Apartment,Sale,Unfurnished,Off-Plan,Q3 2025,Binghatti Phoenix
1250000.0,1.0,2.0,828.0, UAE, Dubai, Arjan,Apartment,Sale,Unfurnished,Off-Plan,Q4 2024,Marquis Galleria
2060173.0,3.0,2.0,1519.0, UAE, Dubai, Arjan,Apartment,Sale,Unfurnished,Off-Plan,Q1 2025,48 Parkside
1550000.0,2.0,3.0,1115.0, UAE, Dubai, Arjan,Apartment,Sale,Furnished,Ready,Q4 2027,Jewelz by Danube
925000.0,1.0,2.0,699.0, UAE, Dubai, Al Furjan,Apartment,Sale,Furnished,Ready,Q4 2027,Jewelz by Danube
12000000.0,3.0,3.0,1923.0, UAE, Dubai, Jumeirah Beach Residence (JBR),Apartment,Sale,Furnished,Ready,Q4 2027,Jewelz by Danube
550000.0,2.0,1.0,389.0, UAE, Dubai, Arjan,Apartment,Sale,Furnished,Ready,Q4 2027,Miraclz Tower by Danube
1999999.0,2.0,3.0,1391.0, UAE, Dubai, Arjan,Apartment,Sale,Unfurnished,Ready,Q4 2027,Miraclz Tower by Danube
1600000.0,2.0,3.0,1106.0, UAE, Dubai, Arjan,Apartment,Sale,Furnished,Ready,Q4 2027,Jewelz by Danube
880000.0,1.0,2.0,758.0, UAE, Dubai, Arjan,Apartment,Sale,Furnished,Ready,Q4 2027,Miraclz Tower by Danube
2810000.0,3.0,4.0,2204.0, UAE, Dubai, Arjan,Apartment,Sale,Unfurnished,Off-Plan,Q1 2028,The Central Downtown Tower B
1411000.0,2.0,2.0,1031.0, UAE, Dubai, Dubai Investment Park (DIP),Apartment,Sale,Unfurnished,Off-Plan,Q2 2028,Marine 4
941000.0,1.0,2.0,706.0, UAE, Dubai, Dubai Investment Park (DIP),Apartment,Sale,Unfurnished,Off-Plan,Q2 2028,Marine 1
1500000.0,2.0,3.0,1150.0, UAE, Dubai, Arjan,Apartment,Sale,Unfurnished,Off-Plan,Q4 2026,One Beverly
4499000.0,6.0,6.0,3963.0, UAE, Dubai, Al Quoz,Villa,Sale,Unfurnished,Ready,Q4 2026,One Beverly
610000.0,2.0,1.0,406.0, UAE, Dubai, Arjan,Apartment,Sale,Furnished,Ready,Q4 2026,Jewelz by Danube
9000000.0,3.0,4.0,1870.0, UAE, Dubai, Downtown Dubai,Apartment,Sale,Unfurnished,Ready,Q4 2026,Jewelz by Danube
880000.0,1.0,2.0,758.0, UAE, Dubai, Arjan,Apartment,Sale,Furnished,Ready,Q4 2026,Miraclz Tower by Danube
1750000.0,2.0,3.0,1347.0, UAE, Dubai, Jumeirah Village Circle (JVC),Apartment,Sale,Unfurnished,Off-Plan,Q3 2026,Belle Reve by Zimaya
2150000.0,2.0,3.0,1135.0, UAE, Dubai, Jumeirah Village Circle (JVC),Apartment,Sale,Unfurnished,Ready,Q3 2026,Belle Reve by Zimaya
570000.0,2.0,1.0,407.0, UAE, Dubai, DAMAC Hills,Apartment,Sale,Unfurnished,Ready,Q3 2026,Belle Reve by Zimaya
660000.0,2.0,1.0,478.0, UAE, Dubai, Arjan,Apartment,Sale,Unfurnished,Ready,Q3 2026,Belle Reve by Zimaya
5300000.0,3.0,4.0,1783.0, UAE, Dubai, Mohammed Bin Rashid City,Apartment,Sale,Furnished,Ready,Q3 2026,Belle Reve by Zimaya
940000.0,1.0,2.0,850.0, UAE, Dubai,Majan,Apartment,Sale,Unfurnished,Off-Plan,Q3 2026,Belle Reve by Zimaya
1663999.0,2.0,3.0,1300.0, UAE, Dubai, Arjan,Apartment,Sale,Unfurnished,Ready,Q3 2026,Al Ghaf 1 Residence
920000.0,1.0,1.0,561.0, UAE, Dubai, Arjan,Apartment,Sale,Unfurnished,Ready,Q3 2026,Vincitore Benessere
1100000.0,1.0,1.0,572.0, UAE, Dubai, Arjan,Apartment,Sale,Unfurnished,Ready,Q3 2026,Vincitore Benessere
1010101.0,1.0,2.0,797.0, UAE, Dubai, Jumeirah Village Circle (JVC),Apartment,Sale,Unfurnished,Off-Plan,Q4 2025,99 Park Place
2100000.0,1.0,2.0,746.0, UAE, Dubai, Jumeirah Lake Towers (JLT),Apartment,Sale,Unfurnished,Off-Plan,Q4 2027,Diamondz by Danube
26000000.0,6.0,6.0,17920.0, UAE, Dubai, Mohammed Bin Rashid City,Villa,Sale,Unfurnished,Off-Plan,Q1 2027,Diamondz by Danube
2450000.0,3.0,4.0,1554.0, UAE, Dubai, Dubai South,Villa,Sale,Unfurnished,Ready,Q1 2027,Diamondz by Danube
1100000.0,1.0,1.0,708.0, UAE, Dubai, Dubai South,Apartment,Sale,Furnished,Off-Plan,Q1 2026,Azizi Venice
2920000.0,3.0,4.0,1573.0, UAE, Dubai, Dubai South,Apartment,Sale,Unfurnished,Off-Plan,Q3 2029,Azizi Venice
790000.0,2.0,1.0,392.0, UAE, Dubai, Majan,Apartment,Sale,Unfurnished,Off-Plan,Q2 2027,Samana Barari Views
730000.0,2.0,1.0,371.0, UAE, Dubai, Motor City,Apartment,Sale,Unfurnished,Off-Plan,Q4 2025,Takaya
7200000.0,5.0,5.0,6458.0, UAE, Dubai,Al Furjan,Villa,Sale,Unfurnished,Ready,Q4 2025,Takaya
1250000.0,1.0,2.0,718.0, UAE, Dubai, Jumeirah Village Circle (JVC),Apartment,Sale,Unfurnished,Off-Plan,Q4 2025,10 Oxford
700000.0,2.0,1.0,501.0, UAE, Dubai, Jumeirah Village Circle (JVC),Apartment,Sale,Unfurnished,Off-Plan,Q3 2026,Belle Reve by Zimaya
558000.0,1.0,1.0,743.0, UAE, Dubai, Dubai Investment Park (DIP),Apartment,Sale,Unfurnished,Off-Plan,Q4 2025,Verdana Residence
1830000.0,3.0,4.0,1657.0, UAE, Dubai, International City,Villa,Sale,Unfurnished,Ready,Q4 2025,Verdana Residence
5500000.0,3.0,2.0,1581.0, UAE, Dubai, Downtown Dubai,Apartment,Sale,Unfurnished,Ready,Q4 2025,Verdana Residence
6000000.0,2.0,2.0,1271.0, UAE, Dubai, Downtown Dubai,Apartment,Sale,Furnished,Ready,Q4 2025,Kempinski The Boulevard
11900000.0,3.0,4.0,2060.0, UAE, Dubai, Bluewaters Island,Apartment,Sale,Furnished,Ready,Q4 2025,Kempinski The Boulevard
2400000.0,1.0,2.0,937.0, UAE, Dubai, Dubai Marina,Apartment,Sale,Furnished,Ready,Q4 2025,Marina Terrace
2200000.0,2.0,1.0,524.0, UAE, Dubai, Palm Jumeirah,Apartment,Sale,Furnished,Ready,Q4 2025,The Palm Tower
1095000.0,1.0,2.0,928.0, UAE, Dubai, Jumeirah Village Circle (JVC),Apartment,Sale,Unfurnished,Off-Plan,Q2 2025,Riviera Chalet
1190000.0,1.0,2.0,513.0, UAE, Dubai, Business Bay,Apartment,Sale,Furnished,Ready,Q2 2025,Vera Residences
2000000.0,2.0,2.0,908.0, UAE, Dubai, Business Bay,Apartment,Sale,Furnished,Ready,Q2 2025,Vera Residences
1299999.0,1.0,2.0,751.0, UAE, Dubai, Jumeirah Village Circle (JVC),Apartment,Sale,Furnished,Off-Plan,Q3 2029,Elitz 2 By Danube
770000.0,2.0,1.0,315.0, UAE, Dubai, Meydan City,Apartment,Sale,Furnished,Ready,Q3 2029,Elitz 2 By Danube
10022000.0,4.0,4.0,3326.0, UAE, Dubai, Dubai Marina,Apartment,Sale,Unfurnished,Off-Plan,Q2 2028,Six Senses Residences Dubai Marina
4137000.0,1.0,1.0,1303.0, UAE, Dubai, Dubai Harbour,Apartment,Sale,Unfurnished,Off-Plan,Q1 2027,DAMAC BAY
9108000.0,2.0,2.0,1893.0, UAE, Dubai, Dubai Harbour,Apartment,Sale,Unfurnished,Off-Plan,Q1 2027,DAMAC BAY
4074000.0,2.0,1.0,1304.0, UAE, Dubai, Dubai Harbour,Apartment,Sale,Unfurnished,Off-Plan,Q1 2027,DAMAC BAY
6900000.0,4.0,6.0,4200.0, UAE, Dubai, Dubai South,Villa,Sale,Unfurnished,Ready,Q1 2027,DAMAC BAY
5700000.0,4.0,5.0,5876.0, UAE, Dubai, Dubai South,Villa,Sale,Unfurnished,Ready,Q1 2027,DAMAC BAY
1540000.0,2.0,2.0,1341.0, UAE, Dubai, Dubai Sports City,Apartment,Sale,Unfurnished,Off-Plan,Q3 2026,Fairway Residences by Prescott
2356888.0,2.0,2.0,1104.0, UAE, Dubai, Expo City,Apartment,Sale,Unfurnished,Off-Plan,Q1 2029,Terra Heights Building 2
16436000.0,4.0,4.0,4598.0, UAE, Dubai, Al Wasl,Apartment,Sale,Unfurnished,Off-Plan,Q4 2028,City Walk Crestlane 2 Building A
2000000.0,1.0,2.0,829.0, UAE, Dubai, Business Bay,Apartment,Sale,Unfurnished,Off-Plan,Q1 2027,CANAL CROWN
1100000.0,2.0,2.0,882.0, UAE, Dubai, Dubailand,Apartment,Sale,Unfurnished,Ready,Q1 2027,CANAL CROWN
2450000.0,3.0,4.0,1553.0, UAE, Dubai, Dubai South,Villa,Sale,Unfurnished,Ready,Q1 2027,CANAL CROWN
1600000.0,1.0,2.0,524.0, UAE, Dubai, Meydan City,Apartment,Sale,Furnished,Ready,Q1 2027,CANAL CROWN
680000.0,2.0,1.0,373.0, UAE, Dubai, Jumeirah Village Circle (JVC),Apartment,Sale,Unfurnished,Off-Plan,Q3 2026,Havelock Heights
4500000.0,4.0,6.0,3185.0, UAE, Dubai, Dubai South,Villa,Sale,Unfurnished,Ready,Q3 2026,Havelock Heights
4300000.0,3.0,5.0,2712.0, UAE, Dubai, Motor City,Villa,Sale,Furnished,Ready,Q3 2026,Havelock Heights
834000.0,3.0,4.0,1299.0, UAE, Dubai, Dubai Investment Park (DIP),Apartment,Sale,Unfurnished,Off-Plan,Q4 2025,Verdana Residence
600000.0,1.0,1.0,689.0, UAE, Dubai, Dubai Sports City,Apartment,Sale,Unfurnished,Ready,Q4 2025,Verdana Residence
430000.0,2.0,1.0,495.0, UAE, Dubai, Dubai Production City (IMPZ),Apartment,Sale,Unfurnished,Ready,Q4 2025,Verdana Residence
950000.0,2.0,3.0,1325.0, UAE, Dubai, Dubai Production City (IMPZ),Apartment,Sale,Unfurnished,Ready,Q4 2025,Verdana Residence
330000.0,2.0,1.0,484.0, UAE, Dubai, International City,Apartment,Sale,Unfurnished,Ready,Q4 2025,Verdana Residence
625000.0,1.0,2.0,853.0, UAE, Dubai, Dubai Silicon Oasis (DSO),Apartment,Sale,Unfurnished,Ready,Q4 2025,Verdana Residence
415000.0,2.0,1.0,488.0, UAE, Dubai, Dubai Silicon Oasis (DSO),Apartment,Sale,Unfurnished,Ready,Q4 2025,Verdana Residence
1064744.0,1.0,2.0,712.0, UAE, Dubai, Jumeirah Village Circle (JVC),Apartment,Sale,Unfurnished,Off-Plan,Q1 2027,Oak Yard
399999.0,2.0,1.0,365.0, UAE, Dubai, Dubai Production City (IMPZ),Apartment,Sale,Unfurnished,Ready,Q1 2027,Oak Yard
330000.0,2.0,1.0,484.0, UAE, Dubai, International City,Apartment,Sale,Unfurnished,Ready,Q1 2027,Oak Yard
450000.0,2.0,1.0,469.0, UAE, Dubai, International City,Apartment,Sale,Unfurnished,Ready,Q1 2027,Oak Yard
450000.0,2.0,1.0,500.0, UAE, Dubai, Dubai Production City (IMPZ),Apartment,Sale,Unfurnished,Ready,Q1 2027,Oak Yard
3200000.0,3.0,4.0,1909.0, UAE, Dubai, Al Furjan,Townhouse,Sale,Unfurnished,Ready,Q1 2027,Oak Yard
700000.0,2.0,1.0,385.0, UAE, Dubai, Meydan City,Apartment,Sale,Furnished,Ready,Q1 2027,Oak Yard
2450000.0,1.0,2.0,1079.0, UAE, Dubai, Dubai Marina,Apartment,Sale,Furnished,Ready,Q1 2027,Stella Maris
803988.0,1.0,2.0,699.0, UAE, Dubai, Dubai Land Residence Complex,Apartment,Sale,Unfurnished,Off-Plan,Q4 2028,AG AUM Residence
850889.0,1.0,2.0,710.0, UAE, Dubai, Dubai Land Residence Complex,Apartment,Sale,Unfurnished,Off-Plan,Q4 2028,AG AUM Residence
1331926.0,2.0,3.0,1158.0, UAE, Dubai, Dubai Land Residence Complex,Apartment,Sale,Unfurnished,Off-Plan,Q4 2028,AG AUM Residence
1025000.0,1.0,2.0,718.0, UAE, Dubai, Jumeirah Village Circle (JVC),Apartment,Sale,Unfurnished,Off-Plan,Q1 2028,Graygate Residences
2230000.0,4.0,5.0,2194.0, UAE, Dubai, Dubailand,Villa,Sale,Unfurnished,Off-Plan,Q4 2028,DAMAC Islands
925000.0,2.0,1.0,714.0, UAE, Dubai, Dubai Marina,Apartment,Sale,Unfurnished,Ready,Q4 2028,DAMAC Islands
18500000.0,6.0,8.0,11171.0, UAE, Dubai, Dubai South,Villa,Sale,Unfurnished,Off-Plan,Q4 2027,DAMAC Islands
14000000.0,5.0,7.0,8401.0, UAE, Dubai, Dubai South,Villa,Sale,Unfurnished,Off-Plan,Q4 2027,DAMAC Islands
13000000.0,5.0,7.0,8418.0, UAE, Dubai, Dubai South,Villa,Sale,Unfurnished,Off-Plan,Q2 2026,DAMAC Islands
4600000.0,4.0,6.0,3172.0, UAE, Dubai, Dubai South,Villa,Sale,Unfurnished,Ready,Q2 2026,DAMAC Islands
1200000.0,2.0,2.0,1133.0, UAE, Dubai, Dubai Studio City,Apartment,Sale,Unfurnished,Ready,Q2 2026,DAMAC Islands
714080.0,1.0,2.0,714.0, UAE, Dubai, International City,Apartment,Sale,Unfurnished,Off-Plan,Q4 2025,Silver Park Residency
980000.0,1.0,2.0,762.0, UAE, Dubai, Arjan,Apartment,Sale,Furnished,Off-Plan,Q1 2028,The Central Downtown Tower A
1990000.0,2.0,3.0,958.0, UAE, Dubai, Al Satwa,Apartment,Sale,Unfurnished,Off-Plan,Q3 2026,Jardin Astral
2010000.0,2.0,3.0,958.0, UAE, Dubai, Al Satwa,Apartment,Sale,Unfurnished,Off-Plan,Q3 2026,Jardin Astral
1450000.0,3.0,3.0,2383.0, UAE, Dubai, International City,Townhouse,Sale,Unfurnished,Ready,Q3 2026,Jardin Astral
1650000.0,1.0,1.0,778.0, UAE, Dubai, Dubai Creek Harbour,Apartment,Sale,Unfurnished,Ready,Q3 2026,Jardin Astral
7250000.0,4.0,5.0,6135.0, UAE, Dubai, Al Furjan,Villa,Sale,Unfurnished,Off-Plan,Q4 2024,Jardin Astral
2250000.0,3.0,4.0,1582.0, UAE, Dubai, Dubai South,Townhouse,Sale,Unfurnished,Ready,Q4 2024,Jardin Astral
7190000.0,4.0,5.0,6291.0, UAE, Dubai, Al Furjan,Villa,Sale,Unfurnished,Off-Plan,Q4 2024,Jardin Astral
1000000.0,1.0,2.0,781.0, UAE, Dubai, Discovery Gardens,Apartment,Sale,Unfurnished,Off-Plan,Q4 2026,HAVELOCK RESIDENCES
699999.0,2.0,1.0,375.0, UAE, Dubai, Jumeirah Village Circle (JVC),Apartment,Sale,Unfurnished,Off-Plan,Q3 2026,Havelock Heights
3500000.0,3.0,5.0,2868.0, UAE, Dubai, Dubai South,Villa,Sale,Unfurnished,Ready,Q3 2026,Havelock Heights
625000.0,2.0,1.0,414.0, UAE, Dubai, Discovery Gardens,Apartment,Sale,Unfurnished,Off-Plan,Q2 2026,Beverly Gardens
750000.0,2.0,1.0,506.0, UAE, Dubai, Jumeirah Village Circle (JVC),Apartment,Sale,Unfurnished,Off-Plan,Q1 2028,One Sky Park by IMAN
1100000.0,1.0,2.0,789.0, UAE, Dubai, Jumeirah Village Circle (JVC),Apartment,Sale,Unfurnished,Off-Plan,Q3 2026,Havelock Heights
630000.0,2.0,1.0,419.0, UAE, Dubai, Arjan,Apartment,Sale,Unfurnished,Ready,Q3 2026,Beverly Boulevard
1050000.0,1.0,2.0,865.0, UAE, Dubai, Dubai Silicon Oasis (DSO),Apartment,Sale,Unfurnished,Ready,Q3 2026,Mas Tower
1095000.0,1.0,2.0,695.0, UAE, Dubai, Jumeirah Village Circle (JVC),Apartment,Sale,Unfurnished,Ready,Q3 2026,Mas Tower
650000.0,1.0,2.0,782.0, UAE, Dubai, Dubai Silicon Oasis (DSO),Apartment,Sale,Unfurnished,Ready,Q3 2026,Jade Residence
645000.0,2.0,1.0,314.0, UAE, Dubai, Meydan City,Apartment,Sale,Unfurnished,Ready,Q3 2026,Jade Residence
1905450.0,2.0,4.0,1327.0, UAE, Dubai, Al Furjan,Apartment,Sale,Unfurnished,Off-Plan,Q4 2027,Avenue Residence 7
685000.0,2.0,1.0,403.0, UAE, Dubai, Jumeirah Village Circle (JVC),Apartment,Sale,Furnished,Ready,Q4 2027,Avenue Residence 7
4400000.0,4.0,6.0,3358.0, UAE, Dubai, Dubai South,Townhouse,Sale,Unfurnished,Off-Plan,Q4 2024,Avenue Residence 7
470000.0,2.0,1.0,376.0, UAE, Dubai, Dubai Land Residence Complex,Apartment,Sale,Furnished,Off-Plan,Q4 2026,AG 9ine
702000.0,2.0,1.0,412.0, UAE, Dubai, Liwan,Apartment,Sale,Unfurnished,Off-Plan,Q2 2028,Empire Lake Views
950000.0,1.0,2.0,633.0, UAE, Dubai, Jumeirah Village Circle (JVC),Apartment,Sale,Unfurnished,Ready,Q2 2028,Empire Lake Views
1800000.0,2.0,2.0,1466.0, UAE, Dubai, Dubailand,Villa,Sale,Unfurnished,Ready,Q2 2028,Empire Lake Views
1770000.0,3.0,3.0,1816.0, UAE, Dubai,Majan,Apartment,Sale,Unfurnished,Off-Plan,Q2 2028,Empire Lake Views
36650888.0,5.0,6.0,5257.0, UAE, Dubai, Dubai Harbour,Apartment,Sale,Unfurnished,Off-Plan,Q2 2028,Empire Lake Views
9250000.0,2.0,3.0,2015.0, UAE, Dubai, Za'abeel,Apartment,Sale,Unfurnished,Ready,Q2 2028,Empire Lake Views
470000.0,2.0,1.0,510.0, UAE, Dubai, Discovery Gardens,Apartment,Sale,Unfurnished,Ready,Q2 2028,Empire Lake Views
17308888.0,4.0,5.0,4803.0, UAE, Dubai, Downtown Dubai,Apartment,Sale,Unfurnished,Off-Plan,Q2 2028,Address Grand Downtown
38000888.0,5.0,6.0,9608.0, UAE, Dubai, Downtown Dubai,Apartment,Sale,Unfurnished,Off-Plan,Q2 2028,Address Grand Downtown
11000888.0,3.0,4.0,4106.0, UAE, Dubai, Downtown Dubai,Apartment,Sale,Unfurnished,Off-Plan,Q2 2028,Address Grand Downtown
600000.0,2.0,1.0,391.0, UAE, Dubai, Jebel Ali,Apartment,Sale,Furnished,Ready,Q2 2028,Address Grand Downtown
750000.0,1.0,2.0,850.0, UAE, Dubai, Living Legends,Apartment,Sale,Unfurnished,Ready,Q2 2028,Cleopatra Tower
1100000.0,2.0,2.0,883.0, UAE, Dubai, Town Square,Apartment,Sale,Unfurnished,Ready,Q2 2028,Cleopatra Tower
16500000.0,5.0,5.0,5677.0, UAE, Dubai, Tilal Al Ghaf,Villa,Sale,Unfurnished,Ready,Q2 2028,Cleopatra Tower
1750000.0,2.0,1.0,746.0, UAE, Dubai, Dubai Hills Estate,Apartment,Sale,Unfurnished,Ready,Q2 2028,Cleopatra Tower
1300000.0,1.0,1.0,492.0, UAE, Dubai, Dubai Hills Estate,Apartment,Sale,Furnished,Ready,Q2 2028,Cleopatra Tower
1900000.0,2.0,3.0,1337.0, UAE, Dubai, Jumeirah Village Circle (JVC),Apartment,Sale,Unfurnished,Ready,Q2 2028,Cleopatra Tower
7450000.0,4.0,4.0,6134.0, UAE, Dubai, Jumeirah Village Circle (JVC),Villa,Sale,Unfurnished,Ready,Q2 2028,Circle Villas
575000.0,1.0,1.0,688.0, UAE, Dubai, Liwan,Apartment,Sale,Unfurnished,Ready,Q2 2028,Circle Villas
3300000.0,4.0,4.0,2556.0, UAE, Dubai, Dubai South,Villa,Sale,Unfurnished,Ready,Q2 2028,Circle Villas
1300000.0,1.0,2.0,684.0, UAE, Dubai, Dubai Marina,Apartment,Sale,Furnished,Ready,Q2 2028,Manchester Tower
2260884.0,2.0,3.0,2503.0, UAE, Dubai, Jumeirah Village Circle (JVC),Apartment,Sale,Unfurnished,Off-Plan,Q1 2025,Stonehenge Residences
770000.0,1.0,1.0,478.0, UAE, Dubai, Town Square,Apartment,Sale,Furnished,Ready,Q1 2025,UNA Apartments
750000.0,1.0,2.0,895.0, UAE, Dubai, Jumeirah Village Circle (JVC),Apartment,Sale,Unfurnished,Ready,Q1 2025,UNA Apartments
419999.0,2.0,1.0,353.0, UAE, Dubai, International City,Apartment,Sale,Unfurnished,Ready,Q1 2025,UNA Apartments
600000.0,1.0,2.0,664.0, UAE, Dubai, Jumeirah Village Circle (JVC),Apartment,Sale,Unfurnished,Ready,Q1 2025,UNA Apartments
925000.0,1.0,2.0,831.0, UAE, Dubai, Jumeirah Village Circle (JVC),Apartment,Sale,Furnished,Ready,Q1 2025,UNA Apartments
2000000.0,2.0,3.0,1459.0, UAE, Dubai, Jumeirah Village Circle (JVC),Apartment,Sale,Unfurnished,Ready,Q1 2025,UNA Apartments
550000.0,2.0,1.0,426.0, UAE, Dubai, Dubai Land Residence Complex,Apartment,Sale,Furnished,Ready,Q1 2025,V Tower
930000.0,1.0,2.0,651.0, UAE, Dubai, Jumeirah Village Circle (JVC),Apartment,Sale,Unfurnished,Ready,Q1 2025,V Tower
680000.0,2.0,1.0,328.0, UAE, Dubai, Meydan City,Apartment,Sale,Unfurnished,Ready,Q1 2025,V Tower
1400000.0,2.0,3.0,1330.0, UAE, Dubai, Jumeirah Village Circle (JVC),Apartment,Sale,Unfurnished,Ready,Q1 2025,V Tower
650000.0,1.0,2.0,664.0, UAE, Dubai, Jumeirah Village Circle (JVC),Apartment,Sale,Unfurnished,Ready,Q1 2025,V Tower
4350000.0,2.0,3.0,1302.0, UAE, Dubai, Dubai Hills Estate,Apartment,Sale,Furnished,Ready,Q1 2025,V Tower
875000.0,1.0,2.0,748.0, UAE, Dubai, Jumeirah Village Circle (JVC),Apartment,Sale,Furnished,Ready,Q1 2025,V Tower
700000.0,1.0,2.0,799.0, UAE, Dubai, Discovery Gardens,Apartment,Sale,Unfurnished,Ready,Q1 2025,V Tower
850000.0,1.0,2.0,1109.0, UAE, Dubai, Dubai Sports City,Apartment,Sale,Unfurnished,Ready,Q1 2025,V Tower
2099999.0,3.0,3.0,1557.0, UAE, Dubai, Al Furjan,Apartment,Sale,Furnished,Ready,Q1 2025,V Tower
3815777.0,3.0,4.0,1525.0, UAE, Dubai, Bur Dubai,Apartment,Sale,Unfurnished,Off-Plan,Q4 2028,Avenue Park Tower A
11000000.0,4.0,6.0,3206.0, UAE, Dubai, Mohammed Bin Rashid City,Villa,Sale,Unfurnished,Ready,Q4 2028,District One
4900000.0,3.0,5.0,3160.0, UAE, Dubai, Jumeirah Golf Estates,Townhouse,Sale,Unfurnished,Off-Plan,Q2 2025,Jouri Hills
4100000.0,2.0,2.0,1199.0, UAE, Dubai, Al Wasl,Apartment,Sale,Unfurnished,Off-Plan,Q3 2026,Erin
2300000.0,1.0,1.0,799.0, UAE, Dubai, Jumeirah,Apartment,Sale,Unfurnished,Off-Plan,Q4 2024,Le Ciel Tower 3
3000000.0,1.0,2.0,1320.0, UAE, Dubai, Al Wasl,Apartment,Sale,Furnished,Ready,Q4 2024,Le Ciel Tower 3
7000000.0,4.0,6.0,4376.0, UAE, Dubai, Jumeirah Golf Estates,Townhouse,Sale,Unfurnished,Off-Plan,Q2 2025,Jouri Hills
325000.0,2.0,1.0,483.0, UAE, Dubai, International City,Apartment,Sale,Unfurnished,Ready,Q2 2025,Jouri Hills
2100000.0,3.0,3.0,1583.0, UAE, Dubai, Dubai Marina,Apartment,Sale,Furnished,Ready,Q2 2025,Marina Pinnacle
1500000.0,3.0,3.0,2400.0, UAE, Dubai, International City,Townhouse,Sale,Unfurnished,Ready,Q2 2025,Marina Pinnacle
1490000.0,3.0,3.0,2384.0, UAE, Dubai, International City,Townhouse,Sale,Unfurnished,Ready,Q2 2025,Marina Pinnacle
1780000.0,3.0,4.0,1657.0, UAE, Dubai, International City,Townhouse,Sale,Unfurnished,Ready,Q2 2025,Marina Pinnacle
4451888.0,2.0,3.0,2663.0, UAE, Dubai, Dubai Creek Harbour,Apartment,Sale,Unfurnished,Ready,Q2 2025,Marina Pinnacle
1600000.0,2.0,1.0,160.0, UAE, Dubai, Dubai Marina,Apartment,Sale,Unfurnished,Off-Plan,Q2 2025,Ciel
3100000.0,3.0,4.0,2001.0, UAE, Dubai, Dubailand,Townhouse,Sale,Unfurnished,Ready,Q2 2025,Ciel
550000.0,2.0,1.0,357.0, UAE, Dubai, Dubai Studio City,Apartment,Sale,Unfurnished,Off-Plan,Q2 2025,Azizi Beach Oasis (Mirage 1)
1700000.0,1.0,2.0,941.0, UAE, Dubai, Business Bay,Apartment,Sale,Furnished,Ready,Q2 2025,Azizi Beach Oasis (Mirage 1)
980000.0,2.0,1.0,663.0, UAE, Dubai, Culture Village (Jaddaf Waterfront),Apartment,Sale,Unfurnished,Ready,Q2 2025,Azizi Beach Oasis (Mirage 1)
750000.0,1.0,2.0,1130.0, UAE, Dubai, Jumeirah Village Circle (JVC),Apartment,Sale,Furnished,Ready,Q2 2025,Azizi Beach Oasis (Mirage 1)
4950000.0,3.0,4.0,1691.0, UAE, Dubai, Meydan City,Apartment,Sale,Unfurnished,Off-Plan,Q2 2025,Azizi Beach Oasis (Mirage 1)
555000.0,2.0,1.0,452.0, UAE, Dubai, Arjan,Apartment,Sale,Furnished,Ready,Q2 2025,Azizi Beach Oasis (Mirage 1)
2300000.0,2.0,2.0,959.0, UAE, Dubai, Dubai Hills Estate,Apartment,Sale,Unfurnished,Ready,Q2 2025,Azizi Beach Oasis (Mirage 1)
540000.0,2.0,1.0,380.0, UAE, Dubai, Jumeirah Village Triangle (JVT),Apartment,Sale,Furnished,Off-Plan,Q1 2026,Lilium Tower
1050000.0,1.0,1.0,819.0, UAE, Dubai, DAMAC Hills,Apartment,Sale,Furnished,Ready,Q1 2026,Lilium Tower
1575000.0,1.0,1.0,1024.0, UAE, Dubai, Dubai Marina,Apartment,Sale,Furnished,Ready,Q1 2026,Lilium Tower
3850000.0,4.0,3.0,2767.0, UAE, Dubai, Dubailand,Villa,Sale,Unfurnished,Ready,Q1 2026,Lilium Tower
2400000.0,4.0,5.0,2282.0, UAE, Dubai, DAMAC Lagoons,Townhouse,Sale,Unfurnished,Off-Plan,Q4 2025,Ibiza
49500000.0,6.0,8.0,18406.0, UAE, Dubai, Jumeirah Golf Estates,Villa,Sale,Furnished,Ready,Q4 2025,Hillside
760000.0,1.0,2.0,839.0, UAE, Dubai, Discovery Gardens,Apartment,Sale,Unfurnished,Ready,Q4 2025,Hillside
780000.0,1.0,2.0,806.0, UAE, Dubai, Dubai Sports City,Apartment,Sale,Unfurnished,Ready,Q4 2025,Hillside
3120000.0,2.0,2.0,1227.0, UAE, Dubai, Meydan City,Apartment,Sale,Unfurnished,Off-Plan,Q4 2025,Hillside
780000.0,1.0,2.0,845.0, UAE, Dubai, Dubai Sports City,Apartment,Sale,Unfurnished,Ready,Q4 2025,Hillside
699000.0,1.0,2.0,800.0, UAE, Dubai, Dubai Sports City,Apartment,Sale,Unfurnished,Ready,Q4 2025,Bermuda Views
620000.0,1.0,2.0,751.0, UAE, Dubai, Jebel Ali,Apartment,Sale,Furnished,Ready,Q4 2025,Bermuda Views
500000.0,2.0,1.0,481.0, UAE, Dubai, Dubai Sports City,Apartment,Sale,Furnished,Ready,Q4 2025,Bermuda Views
550000.0,2.0,1.0,495.0, UAE, Dubai, Discovery Gardens,Apartment,Sale,Furnished,Ready,Q4 2025,Bermuda Views
484999.0,2.0,1.0,506.0, UAE, Dubai, Majan,Apartment,Sale,Unfurnished,Ready,Q4 2025,Madison Residences Columbus
575000.0,2.0,1.0,528.0, UAE, Dubai, Discovery Gardens,Apartment,Sale,Unfurnished,Ready,Q4 2025,Madison Residences Columbus
1510000.0,3.0,3.0,2366.0, UAE, Dubai, International City,Townhouse,Sale,Furnished,Ready,Q4 2025,Madison Residences Columbus
1870000.0,3.0,4.0,1657.0, UAE, Dubai, International City,Villa,Sale,Unfurnished,Ready,Q4 2025,Warsan Village
3300000.0,4.0,4.0,2553.0, UAE, Dubai, Dubai South,Villa,Sale,Unfurnished,Ready,Q4 2025,Warsan Village
1950000.0,3.0,5.0,1657.0, UAE, Dubai, International City,Townhouse,Sale,Unfurnished,Ready,Q4 2025,Warsan Village
550000.0,2.0,1.0,495.0, UAE, Dubai, Discovery Gardens,Apartment,Sale,Furnished,Ready,Q4 2025,Warsan Village
950000.0,1.0,2.0,757.0, UAE, Dubai, Al Jaddaf,Apartment,Sale,Unfurnished,Ready,Q4 2025,Binghatti Avenue
2300000.0,3.0,4.0,2150.0, UAE, Dubai, The Valley by Emaar,Townhouse,Sale,Unfurnished,Off-Plan,Q1 2027,Lillia
3950000.0,4.0,5.0,3466.0, UAE, Dubai, The Valley by Emaar,Villa,Sale,Unfurnished,Off-Plan,Q1 2027,Rivana
1200000.0,1.0,2.0,810.0, UAE, Dubai, Al Furjan,Apartment,Sale,Furnished,Ready,Q1 2027,Rivana
2034722.0,2.0,3.0,1595.0, UAE, Dubai, Majan,Apartment,Sale,Unfurnished,Off-Plan,Q1 2025,Deansgate by ADE
919999.0,2.0,2.0,1271.0, UAE, Dubai, Dubai Land Residence Complex,Apartment,Sale,Unfurnished,Ready,Q1 2025,Deansgate by ADE
8000000.0,2.0,3.0,2035.0, UAE, Dubai, Downtown Dubai,Apartment,Sale,Unfurnished,Ready,Q1 2025,Burj Khalifa
925000.0,1.0,2.0,834.0, UAE, Dubai, Dubai Land Residence Complex,Apartment,Sale,Unfurnished,Ready,Q1 2025,4Direction Residence 1
4200000.0,1.0,2.0,1223.0, UAE, Dubai, Palm Jumeirah,Apartment,Sale,Furnished,Ready,Q1 2025,FIVE Palm Jumeirah
2200000.0,2.0,3.0,1139.0, UAE, Dubai, Downtown Dubai,Apartment,Sale,Furnished,Ready,Q1 2025,Upper Crest (Burjside Terrace)
3045000.0,3.0,4.0,1450.0, UAE, Dubai, Business Bay,Apartment,Sale,Unfurnished,Ready,Q1 2025,Canal Bay
1199999.0,1.0,1.0,471.0, UAE, Dubai, Business Bay,Apartment,Sale,Furnished,Ready,Q1 2025,Zada Tower
16500000.0,4.0,5.0,2716.0, UAE, Dubai, Bluewaters Island,Apartment,Sale,Unfurnished,Ready,Q1 2025,Zada Tower
3951492.0,3.0,4.0,1895.0, UAE, Dubai,Motor City,Apartment,Sale,Unfurnished,Off-Plan,Q4 2028,Sobha Solis Tower A
3700000.0,3.0,4.0,2970.0, UAE, Dubai, Dubai Marina,Apartment,Sale,Unfurnished,Ready,Q4 2028,23 Marina
1850000.0,1.0,1.0,936.0, UAE, Dubai, Downtown Dubai,Apartment,Sale,Furnished,Ready,Q4 2028,23 Marina
10000000.0,3.0,4.0,1828.0, UAE, Dubai, Bluewaters Island,Apartment,Sale,Unfurnished,Ready,Q4 2028,23 Marina
11300000.0,4.0,4.0,3772.0, UAE, Dubai, Arabian Ranches,Villa,Sale,Unfurnished,Ready,Q4 2028,23 Marina
545000.0,2.0,1.0,496.0, UAE, Dubai, Discovery Gardens,Apartment,Sale,Unfurnished,Ready,Q4 2028,23 Marina
520000.0,2.0,1.0,493.0, UAE, Dubai, Discovery Gardens,Apartment,Sale,Unfurnished,Ready,Q4 2028,23 Marina
1752282.0,3.0,4.0,2549.0, UAE, Dubai, International City,Apartment,Sale,Unfurnished,Ready,Q4 2028,23 Marina
850000.0,1.0,2.0,847.0, UAE, Dubai, Al Furjan,Apartment,Sale,Unfurnished,Ready,Q4 2028,Samia Azizi
600000.0,1.0,2.0,699.0, UAE, Dubai, Dubai Silicon Oasis (DSO),Apartment,Sale,Unfurnished,Ready,Q4 2028,Imperial
1098195.0,2.0,3.0,1394.0, UAE, Dubai, International City,Apartment,Sale,Unfurnished,Ready,Q4 2028,Imperial
1102381.0,2.0,3.0,1394.0, UAE, Dubai, International City,Apartment,Sale,Unfurnished,Ready,Q4 2028,Imperial
2600000.0,4.0,5.0,1505.0, UAE, Dubai, Dubai Investment Park (DIP),Villa,Sale,Unfurnished,Off-Plan,Q4 2027,Imperial
12600000.0,5.0,5.0,4250.0, UAE, Dubai, Dubai Hills Estate,Villa,Sale,Unfurnished,Ready,Q4 2027,Imperial
8400000.0,5.0,6.0,6210.0, UAE, Dubai, Green Community,Villa,Sale,Unfurnished,Ready,Q4 2027,Green Community West
4500000.0,4.0,5.0,3653.0, UAE, Dubai, Dubai South,Townhouse,Sale,Unfurnished,Off-Plan,Q4 2024,Green Community West
500000.0,2.0,1.0,484.0, UAE, Dubai, Discovery Gardens,Apartment,Sale,Unfurnished,Ready,Q4 2024,Green Community West
485000.0,2.0,1.0,473.0, UAE, Dubai, Discovery Gardens,Apartment,Sale,Unfurnished,Ready,Q4 2024,Green Community West
1800000.0,2.0,4.0,1473.0, UAE, Dubai, DAMAC Hills,Apartment,Sale,Unfurnished,Ready,Q4 2024,Green Community West
1850000.0,2.0,3.0,1138.0, UAE, Dubai, Arjan,Apartment,Sale,Unfurnished,Ready,Q4 2024,Samana Park Views
1795000.0,2.0,3.0,1178.0, UAE, Dubai, Dubai Marina,Apartment,Sale,Unfurnished,Ready,Q4 2024,Samana Park Views
2220000.0,3.0,3.0,1491.0, UAE, Dubai, Jumeirah Village Circle (JVC),Apartment,Sale,Furnished,Ready,Q4 2024,Samana Park Views
1549000.0,2.0,2.0,1214.0, UAE, Dubai, Dubai South,Apartment,Sale,Unfurnished,Ready,Q4 2024,Samana Park Views
1095980.0,2.0,3.0,1095.0, UAE, Dubai, International City,Apartment,Sale,Unfurnished,Off-Plan,Q4 2025,Silver Park Residency
534750.0,2.0,1.0,465.0, UAE, Dubai, International City,Apartment,Sale,Unfurnished,Off-Plan,Q4 2025,Silver Park Residency
1349999.0,1.0,1.0,1619.0, UAE, Dubai, Jumeirah Village Circle (JVC),Apartment,Sale,Furnished,Ready,Q4 2025,Silver Park Residency
2500000.0,1.0,1.0,776.0, UAE, Dubai, Palm Jumeirah,Apartment,Sale,Furnished,Ready,Q4 2025,FIVE Palm Jumeirah
2150000.0,1.0,2.0,659.0, UAE, Dubai, Palm Jumeirah,Apartment,Sale,Furnished,Ready,Q4 2025,Seven Palm
981782.0,2.0,1.0,382.0, UAE, Dubai, Al Satwa,Apartment,Sale,Unfurnished,Off-Plan,Q3 2026,Brand Centro
1850000.0,2.0,1.0,755.0, UAE, Dubai, Dubai Hills Estate,Apartment,Sale,Unfurnished,Ready,Q3 2026,Brand Centro
700000.0,1.0,2.0,684.0, UAE, Dubai, Dubai Sports City,Apartment,Sale,Unfurnished,Ready,Q3 2026,Brand Centro
1500000.0,2.0,1.0,667.0, UAE, Dubai, Dubai Marina,Apartment,Sale,Furnished,Ready,Q3 2026,Millennium Place
1400000.0,1.0,2.0,1054.0, UAE, Dubai, Al Furjan,Apartment,Sale,Unfurnished,Ready,Q3 2026,Topaz Avenue
1650000.0,1.0,2.0,729.0, UAE, Dubai, Dubai Marina,Apartment,Sale,Unfurnished,Ready,Q3 2026,Panoramic
1770000.0,3.0,5.0,1881.0, UAE, Dubai, DAMAC Hills 2 (Akoya by DAMAC),Townhouse,Sale,Unfurnished,Ready,Q3 2026,Aster
5199999.0,3.0,4.0,3201.0, UAE, Dubai, Mirdif,Villa,Sale,Unfurnished,Ready,Q3 2026,Mushrif Village
1849999.0,3.0,3.0,1963.0, UAE, Dubai, DAMAC Hills 2 (Akoya by DAMAC),Townhouse,Sale,Unfurnished,Ready,Q3 2026,Zinnia
1049999.0,1.0,1.0,468.0, UAE, Dubai, Business Bay,Apartment,Sale,Furnished,Ready,Q3 2026,Zada Tower
2250000.0,1.0,1.0,790.0, UAE, Dubai, Umm Suqeim,Apartment,Sale,Unfurnished,Ready,Q3 2026,Zada Tower
1100000.0,1.0,1.0,601.0, UAE, Dubai, Jumeirah Village Circle (JVC),Apartment,Sale,Furnished,Off-Plan,Q4 2025,Zada Tower
3845205.0,3.0,4.0,2197.0, UAE, Dubai, Al Sufouh,Apartment,Sale,Furnished,Ready,Q4 2025,Zada Tower
1408770.0,1.0,2.0,854.0, UAE, Dubai, Al Sufouh,Apartment,Sale,Furnished,Ready,Q4 2025,Zada Tower
2172243.0,2.0,3.0,1278.0, UAE, Dubai, Al Sufouh,Apartment,Sale,Furnished,Ready,Q4 2025,Zada Tower
1314021.0,2.0,2.0,1068.0, UAE, Dubai, Dubai South,Apartment,Sale,Unfurnished,Off-Plan,Q2 2025,Manam Prime
1100000.0,2.0,1.0,410.0, UAE, Dubai, Business Bay,Apartment,Sale,Furnished,Ready,Q2 2025,Manam Prime
3850000.0,2.0,3.0,1286.0, UAE, Dubai, Dubai Harbour,Apartment,Sale,Unfurnished,Off-Plan,Q4 2025,Beach Mansion Tower 2
5750000.0,2.0,3.0,2056.0, UAE, Dubai, Downtown Dubai,Apartment,Sale,Unfurnished,Ready,Q4 2025,Burj Khalifa
8252000.0,3.0,3.0,1914.0, UAE, Dubai, Dubai Harbour,Apartment,Sale,Unfurnished,Off-Plan,Q4 2025,DAMAC Bay 2 by Cavalli
1695888.0,1.0,1.0,804.0, UAE, Dubai, Dubai Hills Estate,Apartment,Sale,Unfurnished,Off-Plan,Q1 2029,Vida Residences Club Point
2674613.0,2.0,3.0,1457.0, UAE, Dubai, Dubai Islands,Apartment,Sale,Furnished,Off-Plan,Q4 2026,Sunset Bay by Imtiaz
1700000.0,2.0,3.0,1196.0, UAE, Dubai, Jumeirah Village Circle (JVC),Apartment,Sale,Unfurnished,Off-Plan,Q3 2025,Parkwood Residences
2450000.0,3.0,3.0,1482.0, UAE, Dubai, The Valley by Emaar,Townhouse,Sale,Unfurnished,Off-Plan,Q3 2026,Elora
1750000.0,1.0,1.0,775.0, UAE, Dubai, Business Bay,Apartment,Sale,Unfurnished,Ready,Q3 2026,Urban Oasis by Missoni
499000.0,2.0,1.0,462.0, UAE, Dubai, Dubai Land Residence Complex,Apartment,Sale,Unfurnished,Off-Plan,Q3 2026,AG Square
1350000.0,1.0,1.0,495.0, UAE, Dubai, Bukadra,Apartment,Sale,Unfurnished,Off-Plan,Q2 2027,330 Riverside Crescent
2700000.0,3.0,5.0,2539.0, UAE, Dubai, Dubai Silicon Oasis (DSO),Apartment,Sale,Unfurnished,Ready,Q2 2027,Sunshine Residence
1823249.0,2.0,2.0,985.0, UAE, Dubai, Motor City,Apartment,Sale,Unfurnished,Off-Plan,Q2 2027,Sunshine Residence
2040000.0,1.0,1.0,726.0, UAE, Dubai, Dubai Maritime City,Apartment,Sale,Furnished,Off-Plan,Q1 2027,Oceanz 2
550000.0,2.0,1.0,526.0, UAE, Dubai, Jumeirah Village Circle (JVC),Apartment,Sale,Furnished,Ready,Q1 2027,Oceanz 2
1950000.0,2.0,3.0,1489.0, UAE, Dubai, Jumeirah Lake Towers (JLT),Apartment,Sale,Unfurnished,Ready,Q1 2027,Oceanz 2
3700000.0,2.0,3.0,2455.0, UAE, Dubai, Dubai Marina,Apartment,Sale,Unfurnished,Ready,Q1 2027,Emirates Crown
1272946.0,1.0,1.0,858.0, UAE, Dubai, Nad Al Sheba,Apartment,Sale,Unfurnished,Off-Plan,Q4 2025,The Roof Residence
20000000.0,5.0,7.0,7400.0, UAE, Dubai,Jumeirah Park,Villa,Sale,Unfurnished,Ready,Q4 2025,The Roof Residence
700000.0,2.0,1.0,553.0, UAE, Dubai, Jumeirah Village Circle (JVC),Apartment,Sale,Unfurnished,Ready,Q4 2025,The Roof Residence
800000.0,1.0,1.0,667.0, UAE, Dubai, Jumeirah Village Circle (JVC),Apartment,Sale,Unfurnished,Ready,Q4 2025,The Roof Residence
1267514.0,1.0,1.0,860.0, UAE, Dubai, Nad Al Sheba,Apartment,Sale,Unfurnished,Off-Plan,Q4 2025,The Roof Residence
1277249.0,1.0,2.0,861.0, UAE, Dubai, Nad Al Sheba,Apartment,Sale,Unfurnished,Off-Plan,Q4 2025,The Roof Residence
1854446.0,1.0,1.0,843.0, UAE, Dubai, Bukadra,Apartment,Sale,Unfurnished,Off-Plan,Q4 2027,350 Riverside Crescent
1650000.0,2.0,2.0,902.0, UAE, Dubai, Business Bay,Apartment,Sale,Unfurnished,Ready,Q4 2027,Vera Residences
1900000.0,1.0,1.0,1210.0, UAE, Dubai, Business Bay,Apartment,Sale,Furnished,Ready,Q4 2027,Vera Residences
1582888.0,1.0,2.0,947.0, UAE, Dubai, Jumeirah Village Circle (JVC),Apartment,Sale,Unfurnished,Ready,Q4 2027,Vera Residences
1716000.0,2.0,2.0,1331.0, UAE, Dubai, Jumeirah Village Circle (JVC),Apartment,Sale,Unfurnished,Off-Plan,Q1 2027,Cello Residences Tower B
1385000.0,2.0,1.0,374.0, UAE, Dubai, Business Bay,Apartment,Sale,Furnished,Off-Plan,Q2 2028,Bayz 101
1490000.0,2.0,2.0,1177.0, UAE, Dubai, Al Jaddaf,Apartment,Sale,Furnished,Ready,Q2 2028,Binghatti Gateway
2950000.0,3.0,4.0,1982.0, UAE, Dubai, Dubailand,Townhouse,Sale,Unfurnished,Off-Plan,Q1 2026,Binghatti Gateway
2200000.0,2.0,2.0,1094.0, UAE, Dubai, Dubai Marina,Apartment,Sale,Furnished,Ready,Q1 2026,Studio One Tower
725000.0,2.0,1.0,515.0, UAE, Dubai, Jumeirah Village Circle (JVC),Apartment,Sale,Furnished,Ready,Q1 2026,Studio One Tower
3285000.0,5.0,6.0,2364.0, UAE, Dubai, DAMAC Lagoons,Townhouse,Sale,Unfurnished,Off-Plan,Q3 2025,Nice
1775250.0,1.0,1.0,789.0, UAE, Dubai, Bukadra,Apartment,Sale,Unfurnished,Off-Plan,Q4 2029,Skyscape Aura
2450000.0,4.0,3.0,1550.0, UAE, Dubai, DAMAC Lagoons,Townhouse,Sale,Unfurnished,Off-Plan,Q3 2025,Malta
3800000.0,5.0,4.0,1550.0, UAE, Dubai, DAMAC Lagoons,Townhouse,Sale,Unfurnished,Off-Plan,Q4 2026,Morocco
1820000.0,1.0,2.0,746.0, UAE, Dubai, Bukadra,Apartment,Sale,Unfurnished,Off-Plan,Q2 2027,330 Riverside Crescent
1695000.0,1.0,1.0,768.0, UAE, Dubai, Sobha Hartland,Apartment,Sale,Unfurnished,Off-Plan,Q4 2025,The Highbury
2099999.0,1.0,2.0,710.0, UAE, Dubai, Bukadra,Apartment,Sale,Unfurnished,Off-Plan,Q4 2027,310 Riverside Crescent
1293004.0,1.0,1.0,670.0, UAE, Dubai, Motor City,Apartment,Sale,Unfurnished,Off-Plan,Q4 2028,Sobha Orbis Tower E
1033940.0,1.0,1.0,536.0, UAE, Dubai,Motor City,Apartment,Sale,Unfurnished,Off-Plan,Q4 2028,Sobha Solis Tower A
2084888.0,2.0,3.0,1097.0, UAE, Dubai, Expo City,Apartment,Sale,Furnished,Off-Plan,Q1 2029,Terra Heights Building 2
1210000.0,1.0,2.0,924.0, UAE, Dubai, Dubai Production City (IMPZ),Apartment,Sale,Unfurnished,Off-Plan,Q2 2028,Samana Resorts
1275000.0,1.0,2.0,904.0, UAE, Dubai, Business Bay,Apartment,Sale,Furnished,Ready,Q2 2028,Avanti Tower
1100000.0,2.0,2.0,1005.0, UAE, Dubai, Remraam,Apartment,Sale,Furnished,Ready,Q2 2028,Avanti Tower
1390000.0,1.0,1.0,529.0, UAE, Dubai, Bukadra,Apartment,Sale,Furnished,Off-Plan,Q4 2027,350 Riverside Crescent
1341529.0,2.0,2.0,1125.0, UAE, Dubai, Dubai South,Apartment,Sale,Unfurnished,Off-Plan,Q2 2025,Manam Prime
2690000.0,3.0,3.0,2347.0, UAE, Dubai, The Valley by Emaar,Townhouse,Sale,Unfurnished,Off-Plan,Q3 2027,Nima
1189413.0,2.0,3.0,1353.0, UAE, Dubai, Discovery Gardens,Apartment,Sale,Unfurnished,Ready,Q3 2027,Nima
1281715.0,2.0,3.0,1444.0, UAE, Dubai, Discovery Gardens,Apartment,Sale,Unfurnished,Ready,Q3 2027,Nima
14696888.0,4.0,6.0,7296.0, UAE, Dubai, The Oasis by Emaar,Villa Compound,Sale,Unfurnished,Off-Plan,Q3 2029,Ostra Palace Villas
2200000.0,3.0,4.0,1854.0, UAE, Dubai, Dubai South,Villa,Sale,Unfurnished,Ready,Q3 2029,Ostra Palace Villas
1064000.0,1.0,2.0,873.0, UAE, Dubai, Dubai Land Residence Complex,Apartment,Sale,Unfurnished,Off-Plan,Q1 2027,Milos by Karma
750000.0,2.0,1.0,450.0, UAE, Dubai, Arjan,Apartment,Sale,Unfurnished,Off-Plan,Q4 2025,Gardens 2
3850000.0,1.0,2.0,1336.0, UAE, Dubai, Dubai Islands,Apartment,Sale,Unfurnished,Off-Plan,Q4 2026,Rixos Dubai Islands Hotel & Residences
1199999.0,1.0,2.0,811.0, UAE, Dubai, Business Bay,Apartment,Sale,Furnished,Ready,Q4 2026,Elite Business Bay Residence
1350000.0,1.0,2.0,884.0, UAE, Dubai, Al Furjan,Apartment,Sale,Unfurnished,Off-Plan,Q2 2025,Avenue Residence 5
1228557.0,2.0,2.0,1024.0, UAE, Dubai, Dubai South,Apartment,Sale,Unfurnished,Off-Plan,Q2 2025,Manam Prime
2750000.0,3.0,3.0,2077.0, UAE, Dubai, Al Jaddaf,Apartment,Sale,Furnished,Ready,Q2 2025,Binghatti Avenue
1752862.0,2.0,3.0,1261.0, UAE, Dubai, Jumeirah Village Triangle (JVT),Apartment,Sale,Furnished,Off-Plan,Q4 2026,Lum1nar Tower 2
4200000.0,3.0,5.0,2314.0, UAE, Dubai, Dubai Marina,Apartment,Sale,Furnished,Ready,Q4 2026,Trident Bayside
1250000.0,1.0,1.0,698.0, UAE, Dubai, Dubai Marina,Apartment,Sale,Furnished,Ready,Q4 2026,Continental Tower
2500000.0,2.0,3.0,1629.0, UAE, Dubai, Jumeirah Village Circle (JVC),Apartment,Sale,Unfurnished,Ready,Q4 2026,Continental Tower
3450000.0,3.0,4.0,3140.0, UAE, Dubai, Jumeirah Village Circle (JVC),Apartment,Sale,Unfurnished,Ready,Q4 2026,Continental Tower
1035000.0,1.0,1.0,795.0, UAE, Dubai, Jumeirah Village Circle (JVC),Apartment,Sale,Furnished,Ready,Q4 2026,Continental Tower
500000.0,2.0,1.0,434.0, UAE, Dubai, Dubai Sports City,Apartment,Sale,Furnished,Ready,Q4 2026,Continental Tower
1100000.0,1.0,1.0,744.0, UAE, Dubai, Jumeirah Village Circle (JVC),Apartment,Sale,Unfurnished,Off-Plan,Q4 2024,Binghatti Azure
4100000.0,1.0,2.0,823.0, UAE, Dubai, Dubai Harbour,Apartment,Sale,Unfurnished,Off-Plan,Q1 2027,DAMAC BAY
727592.0,1.0,1.0,677.0, UAE, Dubai, Dubai South,Apartment,Sale,Furnished,Off-Plan,Q2 2025,Manam Prime
650000.0,1.0,2.0,714.0, UAE, Dubai, Dubai Production City (IMPZ),Apartment,Sale,Unfurnished,Ready,Q2 2025,Manam Prime
1600000.0,1.0,1.0,695.0, UAE, Dubai, Business Bay,Apartment,Sale,Furnished,Ready,Q2 2025,Manam Prime
1650000.0,1.0,1.0,662.0, UAE, Dubai, Ras Al Khor,Apartment,Sale,Unfurnished,Off-Plan,Q4 2026,Sobha One Tower B
1050000.0,1.0,2.0,733.0, UAE, Dubai, Jumeirah Village Circle (JVC),Apartment,Sale,Unfurnished,Off-Plan,Q4 2024,Binghatti Azure
1250000.0,2.0,2.0,882.0, UAE, Dubai, Jumeirah Village Circle (JVC),Apartment,Sale,Unfurnished,Off-Plan,Q4 2025,Levanto
1269504.0,2.0,2.0,1059.0, UAE, Dubai, Dubai South,Apartment,Sale,Unfurnished,Off-Plan,Q2 2025,Manam Prime
11000000.0,6.0,7.0,5003.0, UAE, Dubai, Nad Al Sheba,Villa,Sale,Unfurnished,Ready,Q2 2025,Manam Prime
22000000.0,6.0,8.0,12013.0, UAE, Dubai, Nad Al Sheba,Villa,Sale,Unfurnished,Ready,Q2 2025,Manam Prime
24000000.0,5.0,5.0,10233.0, UAE, Dubai, Nad Al Sheba,Villa,Sale,Unfurnished,Ready,Q2 2025,Manam Prime
28500000.0,5.0,7.0,9849.0, UAE, Dubai, Nad Al Sheba,Villa,Sale,Unfurnished,Ready,Q2 2025,Manam Prime
725000.0,2.0,1.0,386.0, UAE, Dubai, Meydan City,Apartment,Sale,Furnished,Ready,Q2 2025,Manam Prime
750000.0,1.0,2.0,792.0, UAE, Dubai, Dubai Sports City,Apartment,Sale,Furnished,Ready,Q2 2025,Manam Prime
1545000.0,2.0,2.0,1363.0, UAE, Dubai, Dubai Land Residence Complex,Apartment,Sale,Furnished,Off-Plan,Q1 2027,Cove Living Residence By Imtiaz
3393888.0,2.0,2.0,1152.0, UAE, Dubai, Dubai Creek Harbour,Apartment,Sale,Unfurnished,Ready,Q1 2027,Cove Living Residence By Imtiaz
3753888.0,3.0,3.0,1613.0, UAE, Dubai, Dubai Creek Harbour,Apartment,Sale,Unfurnished,Off-Plan,Q3 2026,Mangrove Building 1
4300000.0,3.0,4.0,3850.0, UAE, Dubai, The Valley by Emaar,Villa,Sale,Unfurnished,Off-Plan,Q2 2027,Alana
1800000.0,1.0,2.0,771.0, UAE, Dubai, Dubai Creek Harbour,Apartment,Sale,Unfurnished,Off-Plan,Q4 2026,The Cove II Building 4
5800000.0,3.0,3.0,1426.0, UAE, Dubai, Dubai Creek Harbour,Apartment,Sale,Unfurnished,Ready,Q4 2026,The Cove II Building 4
17500000.0,4.0,4.0,2463.0, UAE, Dubai, Dubai Harbour,Apartment,Sale,Unfurnished,Off-Plan,Q3 2028,Address Bayview Tower 1
630000.0,2.0,1.0,330.0, UAE, Dubai, Meydan City,Apartment,Sale,Unfurnished,Ready,Q3 2028,Address Bayview Tower 1
10000000.0,5.0,6.0,6566.0, UAE, Dubai, Arabian Ranches 3,Villa,Sale,Unfurnished,Off-Plan,Q1 2025,Address Bayview Tower 1
3500000.0,4.0,4.0,2979.0, UAE, Dubai, Town Square,Townhouse,Sale,Unfurnished,Ready,Q1 2025,Sama Townhouses
1750000.0,1.0,1.0,614.0, UAE, Dubai, Dubai Hills Estate,Apartment,Sale,Unfurnished,Ready,Q1 2025,Golf Suites
1850000.0,1.0,2.0,779.0, UAE, Dubai, Dubai Maritime City,Apartment,Sale,Unfurnished,Off-Plan,Q4 2026,Mar Casa
600000.0,2.0,1.0,439.0, UAE, Dubai, Jumeirah Village Circle (JVC),Apartment,Sale,Furnished,Ready,Q4 2026,Mar Casa
1500000.0,1.0,2.0,829.0, UAE, Dubai, Dubailand,Apartment,Sale,Unfurnished,Off-Plan,Q2 2029,Mar Casa
6000000.0,3.0,3.0,3777.0, UAE, Dubai, The Springs,Villa,Sale,Unfurnished,Ready,Q2 2029,The Springs 12
4000000.0,2.0,3.0,2229.0, UAE, Dubai, The Springs,Villa,Sale,Furnished,Ready,Q2 2029,The Springs 10
3300000.0,2.0,3.0,1861.0, UAE, Dubai, The Springs,Villa,Sale,Unfurnished,Ready,Q2 2029,The Springs 3
5700000.0,3.0,3.0,2745.0, UAE, Dubai, The Springs,Villa,Sale,Unfurnished,Ready,Q2 2029,The Springs 1
1272456.0,1.0,1.0,857.0, UAE, Dubai, Nad Al Sheba,Apartment,Sale,Unfurnished,Off-Plan,Q4 2025,The Roof Residence
1800000.0,1.0,2.0,642.0, UAE, Dubai, Dubai Creek Harbour,Apartment,Sale,Unfurnished,Ready,Q4 2025,Creek Palace
1250000.0,1.0,2.0,678.0, UAE, Dubai, Jumeirah Village Circle (JVC),Apartment,Sale,Furnished,Off-Plan,Q4 2024,Binghatti Azure
1250000.0,1.0,2.0,905.0, UAE, Dubai, Jumeirah Village Circle (JVC),Apartment,Sale,Unfurnished,Ready,Q4 2024,Binghatti Azure
2883000.0,1.0,2.0,742.0, UAE, Dubai, Downtown Dubai,Apartment,Sale,Unfurnished,Off-Plan,Q2 2026,Society House
700000.0,2.0,1.0,513.0, UAE, Dubai, Jumeirah Village Circle (JVC),Apartment,Sale,Unfurnished,Ready,Q2 2026,Society House
1650000.0,2.0,1.0,548.0, UAE, Dubai, Palm Jumeirah,Apartment,Sale,Unfurnished,Ready,Q2 2026,Society House
4150000.0,2.0,1.0,2180.0, UAE, Dubai, Palm Jumeirah,Apartment,Sale,Unfurnished,Ready,Q2 2026,Society House
1785000.0,2.0,3.0,1226.0, UAE, Dubai, Dubai Production City (IMPZ),Apartment,Sale,Furnished,Ready,Q2 2026,Society House
3300000.0,4.0,5.0,3920.0, UAE, Dubai, Jumeirah Village Circle (JVC),Villa,Sale,Furnished,Ready,Q2 2026,Society House
3800000.0,2.0,2.0,1748.0, UAE, Dubai, Dubai Marina,Apartment,Sale,Unfurnished,Off-Plan,Q2 2028,Kempinski Residences Marina
2792888.0,2.0,3.0,1071.0, UAE, Dubai, Dubai Hills Estate,Apartment,Sale,Unfurnished,Off-Plan,Q1 2029,Parkwood Tower B
18500888.0,4.0,5.0,4802.0, UAE, Dubai, Downtown Dubai,Apartment,Sale,Unfurnished,Off-Plan,Q2 2028,Address Grand Downtown
23000000.0,2.0,3.0,2657.0, UAE, Dubai, Palm Jumeirah,Apartment,Sale,Unfurnished,Off-Plan,Q4 2026,Armani Beach Residences
33632800.0,3.0,4.0,6502.0, UAE, Dubai, Palm Jumeirah,Apartment,Sale,Furnished,Off-Plan,Q1 2027,Como Residences
4136000.0,1.0,2.0,1174.0, UAE, Dubai, Dubai Harbour,Apartment,Sale,Unfurnished,Off-Plan,Q4 2027,W Residences Dubai Harbour
714000.0,2.0,1.0,392.0, UAE, Dubai, Jumeirah Village Circle (JVC),Apartment,Sale,Furnished,Ready,Q4 2027,W Residences Dubai Harbour
7400000.0,5.0,6.0,7900.0, UAE, Dubai, Mudon,Villa,Sale,Unfurnished,Ready,Q4 2027,Rahat
3605000.0,2.0,2.0,986.0, UAE, Dubai, Bluewaters Island,Apartment,Sale,Unfurnished,Off-Plan,Q1 2027,Rahat
2409600.0,1.0,2.0,813.0, UAE, Dubai, Al Wasl,Apartment,Sale,Unfurnished,Off-Plan,Q4 2025,Laurel
3754000.0,1.0,2.0,794.0, UAE, Dubai, Dubai Harbour,Apartment,Sale,Unfurnished,Off-Plan,Q4 2025,DAMAC BAY 2
4419665.0,1.0,2.0,1071.0, UAE, Dubai, Dubai Internet City,Apartment,Sale,Unfurnished,Off-Plan,Q1 2028,Iconic Residence
4899000.0,3.0,4.0,2307.0, UAE, Dubai, Jumeirah Beach Residence (JBR),Apartment,Sale,Unfurnished,Ready,Q1 2028,Iconic Residence
12000000.0,5.0,6.0,6169.0, UAE, Dubai, Jumeirah Lake Towers (JLT),Penthouse,Sale,Furnished,Ready,Q1 2028,Iconic Residence
1355000.0,2.0,1.0,197.0, UAE, Dubai, Dubai Marina,Apartment,Sale,Furnished,Off-Plan,Q2 2025,Ciel
9206000.0,3.0,4.0,2010.0, UAE, Dubai, Dubai Harbour,Apartment,Sale,Unfurnished,Off-Plan,Q2 2025,DAMAC BAY 2
6474000.0,2.0,3.0,1405.0, UAE, Dubai, Dubai Harbour,Apartment,Sale,Unfurnished,Off-Plan,Q2 2025,DAMAC BAY 2
2810000.0,1.0,2.0,805.0, UAE, Dubai, Bluewaters Island,Apartment,Sale,Unfurnished,Off-Plan,Q1 2027,DAMAC BAY 2
2000000.0,2.0,3.0,1373.0, UAE, Dubai, Downtown Dubai,Apartment,Sale,Unfurnished,Ready,Q1 2027,Burj Al Nujoom
12000000.0,2.0,3.0,1600.0, UAE, Dubai, Bluewaters Island,Apartment,Sale,Unfurnished,Ready,Q1 2027,Burj Al Nujoom
3905000.0,1.0,2.0,826.0, UAE, Dubai, Dubai Harbour,Apartment,Sale,Unfurnished,Off-Plan,Q1 2027,DAMAC BAY 2
4500000.0,2.0,3.0,1189.0, UAE, Dubai, Downtown Dubai,Apartment,Sale,Unfurnished,Ready,Q1 2027,DAMAC BAY 2
2100000.0,1.0,2.0,851.0, UAE, Dubai, Jumeirah Lake Towers (JLT),Apartment,Sale,Unfurnished,Ready,Q1 2027,Banyan Tree Residences
2650000.0,1.0,2.0,1083.0, UAE, Dubai, Dubai Media City,Apartment,Sale,Furnished,Ready,Q1 2027,Avani Palm View Dubai Hotel & Suites
1200000.0,1.0,2.0,774.0, UAE, Dubai, Al Furjan,Apartment,Sale,Unfurnished,Ready,Q1 2027,PG Upper House
18500000.0,4.0,5.0,5046.0, UAE, Dubai, Palm Jumeirah,Villa,Sale,Unfurnished,Ready,Q1 2027,PG Upper House
11232000.0,2.0,4.0,2039.0, UAE, Dubai, Business Bay,Apartment,Sale,Unfurnished,Off-Plan,Q2 2025,Jumeirah Living Business Bay
1900000.0,1.0,1.0,642.0, UAE, Dubai, Dubai Creek Harbour,Apartment,Sale,Unfurnished,Ready,Q2 2025,Creek Palace
2700000.0,1.0,2.0,774.0, UAE, Dubai, Downtown Dubai,Apartment,Sale,Furnished,Ready,Q2 2025,Vida Residence Downtown
1390000.0,1.0,1.0,551.0, UAE, Dubai, Ras Al Khor,Apartment,Sale,Unfurnished,Off-Plan,Q4 2026,Sobha One Tower D
638000.0,2.0,1.0,450.0, UAE, Dubai, Dubai Studio City,Apartment,Sale,Furnished,Off-Plan,Q2 2025,Azizi Vista
2900000.0,2.0,3.0,1364.0, UAE, Dubai, Dubai Hills Estate,Apartment,Sale,Unfurnished,Ready,Q2 2025,Azizi Vista
700000.0,2.0,1.0,467.0, UAE, Dubai, Dubai Science Park,Apartment,Sale,Furnished,Ready,Q2 2025,Bella Rose
1299999.0,1.0,2.0,920.0, UAE, Dubai, Jumeirah Village Circle (JVC),Apartment,Sale,Unfurnished,Ready,Q2 2025,Bella Rose
1900000.0,2.0,1.0,542.0, UAE, Dubai, Business Bay,Apartment,Sale,Unfurnished,Ready,Q2 2025,Trillionaire Residences by Binghatti
2500000.0,2.0,3.0,1444.0, UAE, Dubai, Dubai Marina,Apartment,Sale,Furnished,Ready,Q2 2025,Dorra Bay
3500000.0,3.0,4.0,2643.0, UAE, Dubai, Reem,Villa,Sale,Unfurnished,Ready,Q2 2025,Dorra Bay
6300000.0,3.0,5.0,2291.0, UAE, Dubai, Dubai Media City,Apartment,Sale,Furnished,Ready,Q2 2025,Avani Palm View Dubai Hotel & Suites
5800000.0,3.0,4.0,2416.0, UAE, Dubai, Al Wasl,Apartment,Sale,Unfurnished,Off-Plan,Q4 2025,Laurel
2500000.0,1.0,2.0,936.0, UAE, Dubai, Palm Jumeirah,Apartment,Sale,Furnished,Ready,Q4 2025,Azizi Mina
5500000.0,2.0,3.0,1944.0, UAE, Dubai, Palm Jumeirah,Apartment,Sale,Furnished,Ready,Q4 2025,FIVE Palm Jumeirah
4900000.0,4.0,4.0,2937.0, UAE, Dubai, Tilal Al Ghaf,Townhouse,Sale,Unfurnished,Off-Plan,Q3 2024,Aura
3500000.0,3.0,3.0,1938.0, UAE, Dubai, The Valley by Emaar,Villa,Sale,Unfurnished,Off-Plan,Q3 2028,Velora 2
5750000.0,3.0,4.0,1426.0, UAE, Dubai, Dubai Creek Harbour,Apartment,Sale,Furnished,Ready,Q3 2028,Velora 2
2900000.0,1.0,2.0,729.0, UAE, Dubai, Dubai Creek Harbour,Apartment,Sale,Furnished,Ready,Q3 2028,Velora 2
6750000.0,4.0,4.0,3074.0, UAE, Dubai, Dubai Creek Harbour,Apartment,Sale,Furnished,Ready,Q3 2028,Velora 2
3600000.0,2.0,2.0,1389.0, UAE, Dubai, Dubai Creek Harbour,Apartment,Sale,Unfurnished,Off-Plan,Q4 2026,The Cove II Building 8
1100000.0,1.0,2.0,667.0, UAE, Dubai, Jumeirah Village Circle (JVC),Apartment,Sale,Unfurnished,Ready,Q4 2026,The Cove II Building 8
1500000.0,3.0,4.0,1208.0, UAE, Dubai, DAMAC Hills 2 (Akoya by DAMAC),Townhouse,Sale,Furnished,Ready,Q4 2026,Aquilegia
1330000.0,2.0,2.0,969.0, UAE, Dubai, Dubai Production City (IMPZ),Apartment,Sale,Furnished,Ready,Q4 2026,Aquilegia
1100000.0,1.0,2.0,696.0, UAE, Dubai, Jumeirah Village Circle (JVC),Apartment,Sale,Unfurnished,Ready,Q4 2026,Aquilegia
2400000.0,2.0,2.0,1592.0, UAE, Dubai, Jumeirah Village Circle (JVC),Apartment,Sale,Furnished,Ready,Q4 2026,Aquilegia
494999.0,2.0,1.0,469.0, UAE, Dubai, Dubai Sports City,Apartment,Sale,Furnished,Ready,Q4 2026,Aquilegia
3000000.0,1.0,2.0,790.0, UAE, Dubai, Business Bay,Apartment,Sale,Unfurnished,Ready,Q4 2026,Trillionaire Residences by Binghatti
18000000.0,3.0,4.0,7821.0, UAE, Dubai, Palm Jumeirah,Apartment,Sale,Furnished,Ready,Q4 2026,Trillionaire Residences by Binghatti
1026000.0,1.0,2.0,744.0, UAE, Dubai, Majan,Apartment,Sale,Unfurnished,Off-Plan,Q1 2027,Jade Tower
11500000.0,2.0,3.0,2100.0, UAE, Dubai, Palm Jumeirah,Apartment,Sale,Unfurnished,Ready,Q1 2027,Ellington Beach House
1180000.0,1.0,2.0,974.0, UAE, Dubai, Business Bay,Apartment,Sale,Unfurnished,Ready,Q1 2027,Ellington Beach House
1267514.0,1.0,1.0,854.0, UAE, Dubai, Nad Al Sheba,Apartment,Sale,Unfurnished,Off-Plan,Q4 2025,The Roof Residence
1780000.0,1.0,2.0,717.0, UAE, Dubai, Dubai Marina,Apartment,Sale,Unfurnished,Ready,Q4 2025,Marina Star
1598000.0,1.0,1.0,674.0, UAE, Dubai, Business Bay,Apartment,Sale,Unfurnished,Off-Plan,Q2 2025,Peninsula Three
7499900.0,2.0,3.0,1800.0, UAE, Dubai, Za'abeel,Apartment,Sale,Unfurnished,Ready,Q2 2025,Peninsula Three
3950000.0,4.0,4.0,2908.0, UAE, Dubai, Mudon,Villa,Sale,Unfurnished,Off-Plan,Q3 2026,Peninsula Three
2349999.0,3.0,5.0,1574.0, UAE, Dubai, Al Furjan,Apartment,Sale,Furnished,Ready,Q3 2026,Zazen Gardens
749999.0,2.0,1.0,427.0, UAE, Dubai, Business Bay,Apartment,Sale,Unfurnished,Ready,Q3 2026,Safeer Tower 1
1250000.0,1.0,2.0,674.0, UAE, Dubai, DAMAC Hills,Apartment,Sale,Furnished,Off-Plan,Q1 2027,Golf Greens Tower A
820000.0,1.0,2.0,589.0, UAE, Dubai, Arjan,Apartment,Sale,Unfurnished,Ready,Q1 2027,Samana Hills
1700000.0,1.0,1.0,678.0, UAE, Dubai, Dubai Creek Harbour,Apartment,Sale,Unfurnished,Ready,Q1 2027,Samana Hills
800000.0,2.0,1.0,415.0, UAE, Dubai, Mohammed Bin Rashid City,Apartment,Sale,Unfurnished,Ready,Q1 2027,Samana Hills
1800000.0,2.0,3.0,1240.0, UAE, Dubai, Arjan,Apartment,Sale,Unfurnished,Off-Plan,Q1 2025,Joya Dorado
1250000.0,2.0,3.0,1223.0, UAE, Dubai, Jumeirah Village Circle (JVC),Apartment,Sale,Unfurnished,Ready,Q1 2025,Joya Dorado
529000.0,2.0,1.0,302.0, UAE, Dubai, Jumeirah Village Circle (JVC),Apartment,Sale,Unfurnished,Ready,Q1 2025,Joya Dorado
1900000.0,3.0,4.0,1461.0, UAE, Dubai, Jumeirah Village Circle (JVC),Apartment,Sale,Unfurnished,Ready,Q1 2025,Joya Dorado
550000.0,1.0,1.0,420.0, UAE, Dubai, DAMAC Hills 2 (Akoya by DAMAC),Apartment,Sale,Furnished,Ready,Q1 2025,Navitas Hotel and Residences
1550000.0,2.0,2.0,1091.0, UAE, Dubai, Jumeirah Village Circle (JVC),Apartment,Sale,Unfurnished,Off-Plan,Q1 2025,Samana Waves
930000.0,1.0,2.0,1024.0, UAE, Dubai, Dubai Sports City,Apartment,Sale,Unfurnished,Ready,Q1 2025,Arena Apartments
1650000.0,1.0,2.0,653.0, UAE, Dubai, Dubai Hills Estate,Apartment,Sale,Unfurnished,Off-Plan,Q3 2026,Park Horizon Tower 2
2500000.0,1.0,1.0,688.0, UAE, Dubai, Al Wasl,Apartment,Sale,Unfurnished,Off-Plan,Q3 2026,Park Horizon Tower 2
7500000.0,3.0,4.0,2403.0, UAE, Dubai, Al Wasl,Apartment,Sale,Furnished,Ready,Q3 2026,Park Horizon Tower 2
6670000.0,3.0,5.0,2246.0, UAE, Dubai, Al Wasl,Apartment,Sale,Unfurnished,Ready,Q3 2026,Park Horizon Tower 2
5200000.0,1.0,1.0,1029.0, UAE, Dubai, Business Bay,Apartment,Sale,Unfurnished,Ready,Q3 2026,The Opus
6200000.0,4.0,6.0,3212.0, UAE, Dubai, Dubai Marina,Apartment,Sale,Furnished,Ready,Q3 2026,Elite Residence
4300000.0,2.0,2.0,1143.0, UAE, Dubai, Dubai Harbour,Apartment,Sale,Furnished,Ready,Q3 2026,Elite Residence
3200000.0,1.0,2.0,855.0, UAE, Dubai, Jumeirah Beach Residence (JBR),Apartment,Sale,Furnished,Ready,Q3 2026,Elite Residence
430000.0,2.0,1.0,353.0, UAE, Dubai, International City,Apartment,Sale,Unfurnished,Ready,Q3 2026,Elite Residence
3349999.0,3.0,4.0,2165.0, UAE, Dubai, Arabian Ranches 3,Townhouse,Sale,Unfurnished,Ready,Q3 2026,Bliss
1420000.0,1.0,2.0,719.0, UAE, Dubai, Dubai Marina,Apartment,Sale,Furnished,Ready,Q3 2026,Barcelo Residences
3400000.0,2.0,3.0,1315.0, UAE, Dubai, Dubai Hills Estate,Apartment,Sale,Unfurnished,Ready,Q3 2026,Barcelo Residences
2050000.0,3.0,4.0,1594.0, UAE, Dubai, Dubai Waterfront,Townhouse,Sale,Unfurnished,Ready,Q3 2026,Badrah
865000.0,1.0,2.0,754.0, UAE, Dubai, Al Furjan,Apartment,Sale,Furnished,Ready,Q3 2026,Farishta Azizi
3800000.0,3.0,4.0,3362.0, UAE, Dubai, Mudon,Townhouse,Sale,Furnished,Ready,Q3 2026,Farishta Azizi
2950000.0,2.0,3.0,1269.0, UAE, Dubai, Business Bay,Apartment,Sale,Unfurnished,Ready,Q4 2025,Nobles Tower
1277249.0,1.0,1.0,861.0, UAE, Dubai, Nad Al Sheba,Apartment,Sale,Unfurnished,Off-Plan,Q4 2025,The Roof Residence
950000.0,1.0,2.0,931.0, UAE, Dubai, Jumeirah Village Circle (JVC),Apartment,Sale,Furnished,Ready,Q4 2025,The Roof Residence
4600000.0,4.0,5.0,3370.0, UAE, Dubai, Motor City,Townhouse,Sale,Unfurnished,Ready,Q4 2025,The Roof Residence
575000.0,2.0,1.0,424.0, UAE, Dubai, Al Furjan,Apartment,Sale,Unfurnished,Ready,Q4 2025,Candace Acacia
1319999.0,1.0,2.0,1560.0, UAE, Dubai, Al Furjan,Apartment,Sale,Unfurnished,Ready,Q4 2025,Candace Acacia
13500000.0,4.0,6.0,3386.0, UAE, Dubai, Umm Suqeim,Apartment,Sale,Unfurnished,Ready,Q3 2024,Jadeel -Madinat Jumeirah Living 
6650000.0,3.0,4.0,2041.0, UAE, Dubai, Dubai Harbour,Apartment,Sale,Unfurnished,Off-Plan,Q4 2025,Beach Mansion Tower 1
4160000.0,2.0,2.0,1574.0, UAE, Dubai, Umm Suqeim,Apartment,Sale,Unfurnished,Off-Plan,Q4 2026,Elara Building 2
2740000.0,1.0,1.0,729.0, UAE, Dubai, Umm Suqeim,Apartment,Sale,Unfurnished,Off-Plan,Q4 2026,Elara Building 2
1695000.0,1.0,1.0,626.0, UAE, Dubai, Business Bay,Apartment,Sale,Furnished,Off-Plan,Q1 2027,Rove Home Marasi Drive
1138000.0,2.0,4.0,1343.0, UAE, Dubai, Jumeirah Village Circle (JVC),Apartment,Sale,Unfurnished,Ready,Q1 2027,Rove Home Marasi Drive
43999999.0,5.0,8.0,11452.0, UAE, Dubai,Dubai Hills Estate,Villa,Sale,Unfurnished,Ready,Q1 2027,Rove Home Marasi Drive
3788000.0,2.0,3.0,1316.0, UAE, Dubai, Jumeirah,Apartment,Sale,Unfurnished,Ready,Q1 2027,Rove Home Marasi Drive
2699990.0,1.0,2.0,1275.0, UAE, Dubai, DIFC,Apartment,Sale,Furnished,Ready,Q1 2027,Rove Home Marasi Drive
4400000.0,2.0,3.0,1220.0, UAE, Dubai, Jumeirah,Apartment,Sale,Furnished,Ready,Q1 2027,Rove Home Marasi Drive
2300000.0,1.0,1.0,674.0, UAE, Dubai, Jumeirah,Apartment,Sale,Unfurnished,Ready,Q1 2027,Rove Home Marasi Drive
4570000.0,2.0,2.0,1756.0, UAE, Dubai, Al Wasl,Apartment,Sale,Unfurnished,Ready,Q1 2027,Rove Home Marasi Drive
1436000.0,2.0,3.0,1402.0, UAE, Dubai,Majan,Apartment,Sale,Unfurnished,Off-Plan,Q1 2027,Rove Home Marasi Drive
1025000.0,1.0,2.0,850.0, UAE, Dubai,Majan,Apartment,Sale,Unfurnished,Off-Plan,Q1 2027,Rove Home Marasi Drive
1050000.0,1.0,2.0,645.0, UAE, Dubai, Jumeirah Village Circle (JVC),Apartment,Sale,Unfurnished,Ready,Q1 2027,Rove Home Marasi Drive
649999.0,2.0,1.0,528.0, UAE, Dubai, DAMAC Hills,Apartment,Sale,Unfurnished,Ready,Q1 2027,Rove Home Marasi Drive
1100000.0,2.0,1.0,514.0, UAE, Dubai, Business Bay,Apartment,Sale,Furnished,Ready,Q1 2027,Rove Home Marasi Drive
1750000.0,1.0,2.0,780.0, UAE, Dubai, Jumeirah Beach Residence (JBR),Apartment,Sale,Furnished,Ready,Q1 2027,Rove Home Marasi Drive
19500000.0,4.0,5.0,7440.0, UAE, Dubai, Dubai Hills Estate,Villa,Sale,Unfurnished,Off-Plan,Q2 2024,Golf Place 2
3000000.0,2.0,3.0,1474.0, UAE, Dubai, Business Bay,Apartment,Sale,Furnished,Ready,Q2 2024,Nobles Tower
4000000.0,3.0,4.0,2744.0, UAE, Dubai, Al Furjan,Townhouse,Sale,Unfurnished,Ready,Q2 2024,Nobles Tower
550000.0,2.0,1.0,480.0, UAE, Dubai, Dubai Studio City,Apartment,Sale,Unfurnished,Ready,Q2 2024,GHAPH Studio
975000.0,2.0,3.0,1209.0, UAE, Dubai, Dubai Sports City,Apartment,Sale,Unfurnished,Ready,Q2 2024,Golf View
2850000.0,2.0,2.0,1635.0, UAE, Dubai, Bur Dubai,Apartment,Sale,Unfurnished,Ready,Q2 2024,Golf View
722000.0,1.0,2.0,686.0, UAE, Dubai, International City,Apartment,Sale,Furnished,Off-Plan,Q2 2024,Golf View
2300000.0,2.0,2.0,1108.0, UAE, Dubai, Bur Dubai,Apartment,Sale,Unfurnished,Off-Plan,Q1 2027,Park Views Residences B
640000.0,2.0,1.0,352.0, UAE, Dubai, Meydan City,Apartment,Sale,Unfurnished,Ready,Q1 2027,Park Views Residences B
1825000.0,1.0,1.0,681.0, UAE, Dubai, Dubai Creek Harbour,Apartment,Sale,Unfurnished,Ready,Q1 2027,Lotus
3800000.0,2.0,2.0,1103.0, UAE, Dubai, Dubai Creek Harbour,Apartment,Sale,Furnished,Ready,Q1 2027,Lotus
3500000.0,2.0,2.0,1189.0, UAE, Dubai, Downtown Dubai,Apartment,Sale,Unfurnished,Ready,Q1 2027,Lotus
1350000.0,1.0,1.0,474.0, UAE, Dubai, Dubai Hills Estate,Apartment,Sale,Unfurnished,Ready,Q1 2027,Lotus
1600000.0,1.0,1.0,675.0, UAE, Dubai, Dubai Hills Estate,Apartment,Sale,Unfurnished,Off-Plan,Q2 2026,Hills Park
749777.0,2.0,1.0,432.0, UAE, Dubai, Liwan,Apartment,Sale,Unfurnished,Off-Plan,Q2 2028,Empire Lake Views
1330000.0,3.0,3.0,1680.0, UAE, Dubai, DAMAC Hills 2 (Akoya by DAMAC),Townhouse,Sale,Unfurnished,Ready,Q2 2028,Vardon
740000.0,2.0,1.0,413.0, UAE, Dubai, Liwan,Apartment,Sale,Furnished,Off-Plan,Q2 2028,Empire Lake Views
1890000.0,2.0,3.0,1801.0, UAE, Dubai, Motor City,Apartment,Sale,Furnished,Ready,Q1 2027,Coventry Gardens
1250000.0,1.0,2.0,920.0, UAE, Dubai, Business Bay,Apartment,Sale,Furnished,Ready,Q1 2027,The Residences at Business Central
7569888.0,2.0,3.0,1470.0, UAE, Dubai, Dubai Harbour,Apartment,Sale,Unfurnished,Off-Plan,Q3 2029,The Bristol Emaar Beachfront
5750000.0,2.0,3.0,1715.0, UAE, Dubai, Downtown Dubai,Apartment,Sale,Unfurnished,Ready,Q3 2029,Burj Khalifa
2050000.0,2.0,3.0,1674.0, UAE, Dubai, Jumeirah Village Circle (JVC),Apartment,Sale,Unfurnished,Ready,Q3 2029,Burj Khalifa
820000.0,2.0,1.0,571.0, UAE, Dubai, City of Arabia,Apartment,Sale,Furnished,Off-Plan,Q1 2026,MAG 330
2750000.0,2.0,3.0,1206.0, UAE, Dubai, Sobha Hartland,Apartment,Sale,Unfurnished,Ready,Q1 2026,Creek Vistas Grande
2650000.0,5.0,5.0,3939.0, UAE, Dubai, Al Quoz,Apartment,Sale,Unfurnished,Ready,Q1 2026,Creek Vistas Grande
1250000.0,2.0,1.0,408.0, UAE, Dubai, Business Bay,Apartment,Sale,Unfurnished,Off-Plan,Q3 2024,Peninsula Two
1025000.0,1.0,2.0,572.0, UAE, Dubai, Jumeirah Village Circle (JVC),Apartment,Sale,Unfurnished,Ready,Q3 2024,Peninsula Two
599999.0,2.0,1.0,521.0, UAE, Dubai, Jumeirah Village Circle (JVC),Apartment,Sale,Unfurnished,Ready,Q3 2024,Peninsula Two
570000.0,1.0,2.0,584.0, UAE, Dubai, Jumeirah Village Circle (JVC),Apartment,Sale,Unfurnished,Ready,Q3 2024,Peninsula Two
5500000.0,4.0,5.0,5050.0, UAE, Dubai, Nad Al Sheba,Villa,Sale,Furnished,Ready,Q3 2024,Peninsula Two
5645000.0,2.0,2.0,1292.0, UAE, Dubai, Dubai Harbour,Apartment,Sale,Unfurnished,Off-Plan,Q1 2027,DAMAC BAY
1850000.0,1.0,2.0,703.0, UAE, Dubai, Downtown Dubai,Apartment,Sale,Unfurnished,Off-Plan,Q1 2028,Volta
765000.0,2.0,1.0,493.0, UAE, Dubai, Jumeirah Village Circle (JVC),Apartment,Sale,Furnished,Ready,Q1 2028,Volta
425000.0,1.0,2.0,731.0, UAE, Dubai, International City,Apartment,Sale,Unfurnished,Ready,Q1 2028,Volta
3100000.0,3.0,4.0,2044.0, UAE, Dubai, Mudon,Townhouse,Sale,Unfurnished,Ready,Q1 2028,Volta
1200000.0,1.0,1.0,590.0, UAE, Dubai, Culture Village (Jaddaf Waterfront),Apartment,Sale,Unfurnished,Ready,Q1 2028,Boutique XII
1250000.0,1.0,2.0,1087.0, UAE, Dubai, Business Bay,Apartment,Sale,Unfurnished,Ready,Q1 2028,Windsor Manor
800000.0,2.0,1.0,392.0, UAE, Dubai, Jumeirah Village Triangle (JVT),Apartment,Sale,Furnished,Ready,Q1 2028,Windsor Manor
1050000.0,1.0,1.0,614.0, UAE, Dubai, Business Bay,Apartment,Sale,Unfurnished,Ready,Q1 2028,Mayfair Residency
890000.0,1.0,2.0,860.0, UAE, Dubai, Dubai Silicon Oasis (DSO),Apartment,Sale,Unfurnished,Ready,Q1 2028,Altia Residence
1220000.0,2.0,3.0,1433.0, UAE, Dubai, Discovery Gardens,Apartment,Sale,Unfurnished,Ready,Q1 2028,Altia Residence
656610.0,2.0,1.0,407.0, UAE, Dubai, Dubai Silicon Oasis (DSO),Apartment,Sale,Unfurnished,Off-Plan,Q3 2026,Oasis Loft
799998.0,2.0,1.0,439.0, UAE, Dubai, Jumeirah Village Circle (JVC),Apartment,Sale,Furnished,Off-Plan,Q2 2026,Helvetia Residences
1490375.0,1.0,2.0,893.0, UAE, Dubai, Dubai Silicon Oasis (DSO),Apartment,Sale,Furnished,Off-Plan,Q3 2025,Altia One
2650000.0,2.0,2.0,1179.0, UAE, Dubai, Dubai Creek Harbour,Apartment,Sale,Furnished,Ready,Q3 2025,Altia One
1200000.0,2.0,3.0,1153.0, UAE, Dubai, Dubai Land Residence Complex,Apartment,Sale,Unfurnished,Ready,Q3 2025,Durar A
450000.0,2.0,1.0,675.0, UAE, Dubai, Dubai Land Residence Complex,Apartment,Sale,Unfurnished,Ready,Q3 2025,Durar A
840000.0,2.0,1.0,1019.0, UAE, Dubai, Jumeirah Village Circle (JVC),Apartment,Sale,Unfurnished,Ready,Q3 2025,Durar A
715000.0,1.0,2.0,968.0, UAE, Dubai, Discovery Gardens,Apartment,Sale,Unfurnished,Ready,Q3 2025,Durar A
860000.0,1.0,2.0,738.0, UAE, Dubai, Jumeirah Village Circle (JVC),Apartment,Sale,Unfurnished,Ready,Q4 2025,Petalz By Danube
3080000.0,6.0,6.0,3713.0, UAE, Dubai, Jumeirah Village Circle (JVC),Villa,Sale,Furnished,Ready,Q4 2025,Petalz By Danube
2699999.0,3.0,3.0,1732.0, UAE, Dubai, Dubailand,Townhouse,Sale,Unfurnished,Ready,Q4 2025,Petalz By Danube
620000.0,2.0,1.0,373.0, UAE, Dubai, Jumeirah Village Circle (JVC),Apartment,Sale,Furnished,Ready,Q4 2025,Petalz By Danube
550000.0,2.0,1.0,487.0, UAE, Dubai, Dubai Silicon Oasis (DSO),Apartment,Sale,Unfurnished,Ready,Q4 2025,Binghatti Crystals
3100000.0,2.0,3.0,1491.0, UAE, Dubai, Downtown Dubai,Apartment,Sale,Unfurnished,Ready,Q4 2025,Binghatti Crystals
750000.0,1.0,2.0,974.0, UAE, Dubai, Dubai Silicon Oasis (DSO),Apartment,Sale,Unfurnished,Ready,Q4 2025,Silicon Star
2200000.0,2.0,2.0,1268.0, UAE, Dubai, Jumeirah Beach Residence (JBR),Apartment,Sale,Unfurnished,Ready,Q2 2025,Samana Mykonos
6000000.0,3.0,4.0,3049.0, UAE, Dubai,The Acres,Villa,Sale,Unfurnished,Off-Plan,Q4 2027,Samana Mykonos
1200000.0,1.0,1.0,763.0, UAE, Dubai, Jumeirah Village Circle (JVC),Apartment,Sale,Furnished,Off-Plan,Q4 2027,Elitz 3 By Danube 
550000.0,2.0,1.0,487.0, UAE, Dubai, Dubai Silicon Oasis (DSO),Apartment,Sale,Unfurnished,Ready,Q4 2027,Binghatti Crystals
3300000.0,3.0,4.0,1818.0, UAE, Dubai, Dubailand,Townhouse,Sale,Unfurnished,Ready,Q4 2027,Binghatti Crystals
695000.0,1.0,2.0,604.0, UAE, Dubai, Dubai Land Residence Complex,Apartment,Sale,Unfurnished,Off-Plan,Q3 2026,AG Square
2500000.0,1.0,1.0,884.0, UAE, Dubai, Jumeirah,Apartment,Sale,Unfurnished,Ready,Q3 2026,AG Square
5000000.0,3.0,3.0,453.0, UAE, Dubai, Dubai Marina,Apartment,Sale,Unfurnished,Ready,Q2 2026,Condor Golf Links 18
799000.0,2.0,1.0,527.0, UAE, Dubai, Dubai Land Residence Complex,Apartment,Sale,Unfurnished,Off-Plan,Q3 2027,Samana Park Meadows
617123.0,2.0,1.0,469.0, UAE, Dubai, Dubai Land Residence Complex,Apartment,Sale,Unfurnished,Off-Plan,Q1 2027,Coventry Gardens
5300000.0,4.0,6.0,3252.0, UAE, Dubai, Arabian Ranches 3,Villa,Sale,Unfurnished,Off-Plan,Q2 2025,June
949999.0,1.0,1.0,703.0, UAE, Dubai,Motor City,Apartment,Sale,Unfurnished,Off-Plan,Q2 2025,June
1300000.0,2.0,3.0,1158.0, UAE, Dubai, Dubai Land Residence Complex,Apartment,Sale,Unfurnished,Off-Plan,Q4 2028,AG AUM Residence
559999.0,1.0,1.0,690.0, UAE, Dubai, Jebel Ali,Apartment,Sale,Unfurnished,Ready,Q4 2028,AG AUM Residence
2700000.0,3.0,4.0,2442.0, UAE, Dubai, The Valley by Emaar,Townhouse,Sale,Unfurnished,Off-Plan,Q3 2027,Nima
1768000.0,3.0,3.0,1814.0, UAE, Dubai, Living Legends,Apartment,Sale,Unfurnished,Off-Plan,Q3 2027,Rapunzel Tower
741000.0,2.0,1.0,378.0, UAE, Dubai, Dubai Silicon Oasis (DSO),Apartment,Sale,Unfurnished,Off-Plan,Q4 2027,Oasiz 1 by Danube
801000.0,2.0,1.0,380.0, UAE, Dubai, Dubai Silicon Oasis (DSO),Apartment,Sale,Unfurnished,Off-Plan,Q4 2027,Oasiz 1 by Danube
2900000.0,3.0,3.0,2216.0, UAE, Dubai, Mudon,Villa,Sale,Unfurnished,Off-Plan,Q4 2025,Oasiz 1 by Danube
797000.0,2.0,1.0,380.0, UAE, Dubai, Dubai Silicon Oasis (DSO),Apartment,Sale,Unfurnished,Off-Plan,Q4 2027,Oasiz 1 by Danube
764000.0,2.0,1.0,378.0, UAE, Dubai, Dubai Silicon Oasis (DSO),Apartment,Sale,Unfurnished,Off-Plan,Q4 2027,Oasiz 1 by Danube
762000.0,2.0,1.0,378.0, UAE, Dubai, Dubai Silicon Oasis (DSO),Apartment,Sale,Unfurnished,Off-Plan,Q4 2027,Oasiz 1 by Danube
720000.0,2.0,1.0,378.0, UAE, Dubai, Dubai Silicon Oasis (DSO),Apartment,Sale,Unfurnished,Off-Plan,Q4 2027,Oasiz 1 by Danube
781000.0,2.0,1.0,380.0, UAE, Dubai, Dubai Silicon Oasis (DSO),Apartment,Sale,Unfurnished,Off-Plan,Q4 2027,Oasiz 1 by Danube
1500000.0,1.0,1.0,1055.0, UAE, Dubai, Business Bay,Apartment,Sale,Furnished,Ready,Q4 2027,Oasiz 1 by Danube
1050000.0,1.0,2.0,641.0, UAE, Dubai, Jumeirah Village Circle (JVC),Apartment,Sale,Unfurnished,Ready,Q4 2027,Oasiz 1 by Danube
10500000.0,5.0,7.0,5813.0, UAE, Dubai, The Meadows,Villa,Sale,Unfurnished,Ready,Q4 2027,The Meadows 2
500000.0,1.0,2.0,648.0, UAE, Dubai, International City,Apartment,Sale,Unfurnished,Ready,Q4 2027,The Meadows 2
9800000.0,3.0,4.0,1970.0, UAE, Dubai, Dubai Harbour,Apartment,Sale,Unfurnished,Off-Plan,Q4 2026,Address Residences The Bay
220000000.0,8.0,10.0,47099.0, UAE, Dubai, Mohammed Bin Rashid City,Villa,Sale,Unfurnished,Ready,Q4 2026,District One
2664888.0,2.0,3.0,1041.0, UAE, Dubai,Dubai Marina,Apartment,Sale,Furnished,Off-Plan,Q4 2027,Vanguard by Frank Muller
1750000.0,1.0,1.0,619.0, UAE, Dubai, Sobha Hartland,Apartment,Sale,Furnished,Ready,Q4 2027,Hartland Waves
1300000.0,1.0,1.0,618.0, UAE, Dubai, Business Bay,Apartment,Sale,Unfurnished,Off-Plan,Q4 2026,The EDGE Tower A
900000.0,2.0,3.0,1303.0, UAE, Dubai, Jebel Ali,Apartment,Sale,Unfurnished,Ready,Q4 2026,The EDGE Tower A
1500000.0,1.0,2.0,1070.0, UAE, Dubai, Business Bay,Apartment,Sale,Furnished,Ready,Q4 2026,The EDGE Tower A
964239.0,1.0,2.0,783.0, UAE, Dubai, Majan,Apartment,Sale,Unfurnished,Off-Plan,Q4 2026,The Haven II Residences
2090000.0,1.0,1.0,595.0, UAE, Dubai, Downtown Dubai,Apartment,Sale,Furnished,Ready,Q4 2026,Burj Royale
2300000.0,1.0,2.0,958.0, UAE, Dubai, Dubai Marina,Apartment,Sale,Furnished,Ready,Q4 2026,Burj Royale
2560000.0,2.0,3.0,1337.0, UAE, Dubai, Jumeirah Lake Towers (JLT),Apartment,Sale,Furnished,Ready,Q4 2026,Burj Royale
1392000.0,1.0,2.0,788.0, UAE, Dubai, DAMAC Lagoons,Apartment,Sale,Unfurnished,Off-Plan,Q4 2027,Lagoon Views 13
4100000.0,1.0,2.0,1073.0, UAE, Dubai, DIFC,Apartment,Sale,Unfurnished,Off-Plan,Q3 2026,DIFC Living
963445.0,1.0,2.0,783.0, UAE, Dubai, Majan,Apartment,Sale,Unfurnished,Off-Plan,Q4 2026,The Haven II Residences
22580828.0,2.0,3.0,4213.0, UAE, Dubai, Palm Jumeirah,Apartment,Sale,Unfurnished,Off-Plan,Q1 2026,Ocean House
4300000.0,3.0,4.0,1686.0, UAE, Dubai, Dubai Creek Harbour,Apartment,Sale,Unfurnished,Ready,Q1 2026,17 Icon Bay
2700000.0,3.0,4.0,1728.0, UAE, Dubai, Dubailand,Villa,Sale,Furnished,Ready,Q1 2026,17 Icon Bay
987000.0,1.0,2.0,689.0, UAE, Dubai, Dubai South,Apartment,Sale,Unfurnished,Off-Plan,Q1 2026,AZIZI VENICE 7
1127369.0,1.0,2.0,800.0, UAE, Dubai, Jumeirah Village Circle (JVC),Apartment,Sale,Unfurnished,Off-Plan,Q1 2026,Palatium Residences
1416369.0,2.0,2.0,1206.0, UAE, Dubai, Jumeirah Village Circle (JVC),Apartment,Sale,Unfurnished,Off-Plan,Q1 2026,Palatium Residences
3900000.0,3.0,3.0,1890.0, UAE, Dubai, Dubai Marina,Apartment,Sale,Furnished,Ready,Q1 2026,Time Place
991148.0,1.0,2.0,786.0, UAE, Dubai, Majan,Apartment,Sale,Unfurnished,Off-Plan,Q4 2026,The Haven II Residences
1383000.0,1.0,2.0,797.0, UAE, Dubai, DAMAC Lagoons,Apartment,Sale,Unfurnished,Off-Plan,Q4 2027,Lagoon Views 13
929000.0,1.0,1.0,1182.0, UAE, Dubai, Remraam,Apartment,Sale,Unfurnished,Ready,Q4 2027,Lagoon Views 13
1700000.0,1.0,1.0,655.0, UAE, Dubai, Dubai Hills Estate,Apartment,Sale,Unfurnished,Off-Plan,Q3 2026,Park Horizon Tower 1
43000000.0,5.0,6.0,6702.0, UAE, Dubai, Palm Jumeirah,Villa,Sale,Furnished,Ready,Q3 2026,Park Horizon Tower 1
32999998.0,6.0,9.0,10545.0, UAE, Dubai, Mohammed Bin Rashid City,Villa,Sale,Unfurnished,Off-Plan,Q4 2027,District One West
11000000.0,5.0,6.0,6889.0, UAE, Dubai, Jebel Ali,Villa,Sale,Unfurnished,Off-Plan,Q4 2025,Jebel Ali Village
2450000.0,2.0,2.0,1305.0, UAE, Dubai, Jumeirah Village Circle (JVC),Apartment,Sale,Unfurnished,Ready,Q4 2025,Jebel Ali Village
1368000.0,1.0,2.0,718.0, UAE, Dubai, DAMAC Lagoons,Apartment,Sale,Unfurnished,Off-Plan,Q4 2027,Lagoon Views 13
640000.0,2.0,1.0,359.0, UAE, Dubai, Dubai South,Apartment,Sale,Unfurnished,Off-Plan,Q4 2027,AZIZI VENICE 9 
1364818.0,2.0,3.0,1127.0, UAE, Dubai, Majan,Apartment,Sale,Unfurnished,Off-Plan,Q4 2026,The Haven II Residences
2130000.0,2.0,2.0,1097.0, UAE, Dubai, Expo City,Apartment,Sale,Unfurnished,Off-Plan,Q1 2029,Terra Heights Building 3
1800000.0,1.0,2.0,1079.0, UAE, Dubai, Dubai Marina,Apartment,Sale,Unfurnished,Ready,Q1 2029,Marina Terrace
1600000.0,1.0,2.0,801.0, UAE, Dubai, Dubai Marina,Apartment,Sale,Furnished,Ready,Q1 2029,Marina Arcade Tower
1364948.0,2.0,3.0,1128.0, UAE, Dubai, Majan,Apartment,Sale,Unfurnished,Off-Plan,Q4 2026,The Haven II Residences
1460000.0,1.0,1.0,734.0, UAE, Dubai, Expo City,Apartment,Sale,Unfurnished,Off-Plan,Q1 2029,Terra Heights Building 2
730000.0,1.0,2.0,642.0, UAE, Dubai, Dubai Production City (IMPZ),Apartment,Sale,Furnished,Ready,Q1 2029,Terra Heights Building 2
1175000.0,1.0,2.0,1035.0, UAE, Dubai, Dubai Marina,Apartment,Sale,Unfurnished,Ready,Q1 2029,The Zen
1000000.0,1.0,2.0,816.0, UAE, Dubai, Dubai South,Apartment,Sale,Furnished,Ready,Q1 2029,The Zen
560000.0,2.0,1.0,418.0, UAE, Dubai, Majan,Apartment,Sale,Unfurnished,Off-Plan,Q2 2027,Samana Barari Views
725000.0,2.0,1.0,372.0, UAE, Dubai, Al Jaddaf,Apartment,Sale,Unfurnished,Ready,Q2 2027,Samana Barari Views
9450000.0,5.0,5.0,6458.0, UAE, Dubai, Al Furjan,Villa,Sale,Unfurnished,Ready,Q2 2027,Samana Barari Views
3800000.0,4.0,5.0,2200.0, UAE, Dubai, Al Furjan,Townhouse,Sale,Unfurnished,Off-Plan,Q2 2027,Al Furjan West
490000.0,2.0,1.0,574.0, UAE, Dubai, Jumeirah Village Circle (JVC),Apartment,Sale,Furnished,Ready,Q2 2027,Al Furjan West
1750000.0,1.0,2.0,822.0, UAE, Dubai, Sobha Hartland,Apartment,Sale,Unfurnished,Ready,Q2 2027,Creek Vistas Grande
1100000.0,2.0,1.0,667.0, UAE, Dubai, Business Bay,Apartment,Sale,Furnished,Ready,Q2 2027,Creek Vistas Grande
11000000.0,3.0,4.0,2043.0, UAE, Dubai, Bluewaters Island,Apartment,Sale,Unfurnished,Off-Plan,Q1 2027,Creek Vistas Grande
700000.0,2.0,1.0,404.0, UAE, Dubai, DAMAC Hills,Apartment,Sale,Furnished,Ready,Q1 2027,Creek Vistas Grande
4000000.0,4.0,5.0,2015.0, UAE, Dubai, Mohammed Bin Rashid City,Villa,Sale,Unfurnished,Off-Plan,Q1 2027,THE FIELDS AT D11 - MBRMC
6450000.0,2.0,2.0,1654.0, UAE, Dubai, Dubai Harbour,Apartment,Sale,Unfurnished,Ready,Q1 2027,THE FIELDS AT D11 - MBRMC
999000.0,2.0,1.0,704.0, UAE, Dubai, Business Bay,Apartment,Sale,Unfurnished,Ready,Q1 2027,Fairview Residency
1750000.0,2.0,1.0,735.0, UAE, Dubai, Dubai Hills Estate,Apartment,Sale,Unfurnished,Ready,Q1 2027,Fairview Residency
750000.0,2.0,1.0,413.0, UAE, Dubai, Business Bay,Apartment,Sale,Unfurnished,Ready,Q1 2027,Fairview Residency
1100000.0,1.0,2.0,950.0, UAE, Dubai, Dubai Production City (IMPZ),Apartment,Sale,Unfurnished,Ready,Q1 2027,Fairview Residency
2250000.0,2.0,3.0,1493.0, UAE, Dubai, Dubai Marina,Apartment,Sale,Unfurnished,Ready,Q1 2027,Marina Crown
3925000.0,3.0,5.0,1569.0, UAE, Dubai, Sobha Hartland,Apartment,Sale,Unfurnished,Off-Plan,Q1 2027,The Crest
5500000.0,2.0,3.0,1745.0, UAE, Dubai, Palm Jumeirah,Apartment,Sale,Furnished,Ready,Q1 2027,The Crest
530000.0,2.0,1.0,445.0, UAE, Dubai, Dubai South,Apartment,Sale,Furnished,Ready,Q1 2027,The Crest
3900000.0,3.0,5.0,2037.0, UAE, Dubai, Downtown Dubai,Apartment,Sale,Unfurnished,Ready,Q1 2027,Bahwan Tower
1586000.0,1.0,2.0,965.0, UAE, Dubai, Dubai Sports City,Apartment,Sale,Unfurnished,Off-Plan,Q1 2026,MAG 777
8400000.0,5.0,6.0,6016.0, UAE, Dubai, Green Community,Villa,Sale,Unfurnished,Ready,Q1 2026,MAG 777
2900000.0,3.0,5.0,1733.0, UAE, Dubai, Dubailand,Townhouse,Sale,Unfurnished,Off-Plan,Q1 2026,MAG 777
5344680.0,2.0,3.0,1365.0, UAE, Dubai, Palm Jumeirah,Apartment,Sale,Furnished,Off-Plan,Q4 2026,Palm Beach Towers 3
950000.0,1.0,2.0,569.0, UAE, Dubai, Dubailand,Townhouse,Sale,Unfurnished,Off-Plan,Q1 2027,Rukan Lofts Phase 3
10500000.0,4.0,4.0,3350.0, UAE, Dubai, Dubai Creek Harbour,Penthouse,Sale,Furnished,Ready,Q1 2027,Rukan Lofts Phase 3
2844000.0,2.0,3.0,1303.0, UAE, Dubai, Dubai Islands,Apartment,Sale,Unfurnished,Off-Plan,Q2 2028,Bay Grove Residences C Building 8
1500000.0,1.0,2.0,744.0, UAE, Dubai, Dubai Marina,Apartment,Sale,Unfurnished,Ready,Q2 2028,Marina Heights Tower
670000.0,2.0,1.0,446.0, UAE, Dubai, Dubai Land Residence Complex,Apartment,Sale,Unfurnished,Off-Plan,Q2 2026,IVY Gardens by Samana
780000.0,1.0,1.0,478.0, UAE, Dubai, Town Square,Apartment,Sale,Furnished,Ready,Q2 2026,UNA Apartments
7200000.0,4.0,4.0,2410.0, UAE, Dubai, Dubai Marina,Apartment,Sale,Unfurnished,Off-Plan,Q4 2026,Marina Shores
1115000.0,1.0,2.0,757.0, UAE, Dubai, Arjan,Apartment,Sale,Unfurnished,Off-Plan,Q1 2025,48 Parkside
2520000.0,1.0,1.0,806.0, UAE, Dubai, Business Bay,Apartment,Sale,Furnished,Off-Plan,Q4 2029,Bayz 102 by Danube
1770000.0,2.0,1.0,407.0, UAE, Dubai, The World Islands,Apartment,Sale,Unfurnished,Off-Plan,Q4 2029,Nice
739777.0,2.0,1.0,410.0, UAE, Dubai, Liwan,Apartment,Sale,Unfurnished,Off-Plan,Q2 2028,Empire Lake Views
750000.0,2.0,1.0,420.0, UAE, Dubai, Majan,Apartment,Sale,Unfurnished,Off-Plan,Q2 2027,Samana Barari Views
950000.0,2.0,1.0,545.0, UAE, Dubai, Business Bay,Apartment,Sale,Furnished,Ready,Q2 2027,The Cosmopolitan (Damac Maison)
1800000.0,2.0,1.0,1290.0, UAE, Dubai, Business Bay,Apartment,Sale,Furnished,Ready,Q2 2027,The Cosmopolitan (Damac Maison)
910000.0,2.0,1.0,491.0, UAE, Dubai, Business Bay,Apartment,Sale,Furnished,Ready,Q2 2027,The Cosmopolitan (Damac Maison)
700000.0,2.0,1.0,483.0, UAE, Dubai, Jumeirah Village Circle (JVC),Apartment,Sale,Furnished,Ready,Q2 2027,The Cosmopolitan (Damac Maison)
1430000.0,2.0,2.0,871.0, UAE, Dubai, Town Square,Apartment,Sale,Unfurnished,Ready,Q2 2027,Ascot Residences
4099999.0,2.0,2.0,1312.0, UAE, Dubai, Dubai Creek Harbour,Apartment,Sale,Unfurnished,Ready,Q2 2027,The Grand
2000000.0,3.0,3.0,1208.0, UAE, Dubai, DAMAC Hills 2 (Akoya by DAMAC),Townhouse,Sale,Unfurnished,Ready,Q2 2027,Amargo
1470000.0,2.0,3.0,1368.0, UAE, Dubai, Dubai Sports City,Apartment,Sale,Unfurnished,Off-Plan,Q3 2026,Fairway Residences by Prescott
769006.0,1.0,2.0,1099.0, UAE, Dubai, International City,Apartment,Sale,Unfurnished,Ready,Q3 2026,Fairway Residences by Prescott
4200000.0,3.0,4.0,2145.0, UAE, Dubai, Dubai Marina,Apartment,Sale,Furnished,Ready,Q3 2026,23 Marina
1100000.0,1.0,2.0,737.0, UAE, Dubai, Jumeirah Village Circle (JVC),Apartment,Sale,Unfurnished,Ready,Q3 2026,23 Marina
1999000.0,3.0,4.0,1731.0, UAE, Dubai, Motor City,Apartment,Sale,Unfurnished,Off-Plan,Q4 2025,The Community Motor City
1250000.0,1.0,2.0,764.0, UAE, Dubai, Jumeirah Village Circle (JVC),Apartment,Sale,Furnished,Off-Plan,Q4 2025,JVC District 13
8700000.0,2.0,3.0,1731.0, UAE, Dubai, Palm Jumeirah,Apartment,Sale,Unfurnished,Off-Plan,Q4 2025,Serenia Living Tower 1
1550000.0,1.0,2.0,791.0, UAE, Dubai, Jumeirah Village Circle (JVC),Apartment,Sale,Unfurnished,Off-Plan,Q2 2025,Binghatti Phantom
770000.0,2.0,1.0,360.0, UAE, Dubai, Business Bay,Apartment,Sale,Furnished,Ready,Q2 2025,The Cosmopolitan (Damac Maison)
2785084.0,3.0,4.0,1698.0, UAE, Dubai, Jumeirah Village Circle (JVC),Apartment,Sale,Furnished,Off-Plan,Q2 2027,Electra
850000.0,2.0,1.0,428.0, UAE, Dubai, Business Bay,Apartment,Sale,Furnished,Ready,Q2 2027,The Cosmopolitan (Damac Maison)
2000000.0,1.0,1.0,789.0, UAE, Dubai, Dubai Creek Harbour,Apartment,Sale,Unfurnished,Ready,Q2 2027,The Cosmopolitan (Damac Maison)
3047000.0,2.0,2.0,1218.0, UAE, Dubai, Business Bay,Apartment,Sale,Furnished,Off-Plan,Q4 2029,Bayz 102 by Danube
1200000.0,2.0,1.0,883.0, UAE, Dubai, Town Square,Apartment,Sale,Unfurnished,Ready,Q4 2029,Bayz 102 by Danube
3199888.0,1.0,2.0,811.0, UAE, Dubai, Dubai Harbour,Apartment,Sale,Unfurnished,Off-Plan,Q4 2025,Beach Mansion Tower 2
1749999.0,2.0,1.0,377.0, UAE, Dubai, Business Bay,Apartment,Sale,Furnished,Off-Plan,Q2 2028,Bayz 101
1435000.0,1.0,2.0,684.0, UAE, Dubai, Dubailand,Apartment,Sale,Furnished,Off-Plan,Q2 2028,Bayz 101
1450000.0,2.0,1.0,448.0, UAE, Dubai, Business Bay,Apartment,Sale,Unfurnished,Off-Plan,Q1 2027,Canal Heights 2
8825000.0,5.0,6.0,5023.0, UAE, Dubai,The Acres,Villa,Sale,Unfurnished,Off-Plan,Q4 2027,Canal Heights 2
2300000.0,4.0,4.0,1550.0, UAE, Dubai, DAMAC Lagoons,Townhouse,Sale,Unfurnished,Off-Plan,Q3 2025,Nice
435000.0,2.0,1.0,307.0, UAE, Dubai, Dubai Land Residence Complex,Apartment,Sale,Unfurnished,Off-Plan,Q2 2026,Time 2
1220960.0,1.0,2.0,853.0, UAE, Dubai, Al Furjan,Apartment,Sale,Unfurnished,Off-Plan,Q4 2026,Pristine by Zoya
1787400.0,2.0,3.0,1253.0, UAE, Dubai, Dubai Sports City,Apartment,Sale,Unfurnished,Off-Plan,Q3 2026,Samana Golf Views
1250000.0,1.0,1.0,989.0, UAE, Dubai, Dubai Marina,Apartment,Sale,Furnished,Ready,Q2 2028,Marina 101
920000.0,2.0,1.0,513.0, UAE, Dubai, Business Bay,Apartment,Sale,Furnished,Ready,Q2 2028,The Cosmopolitan (Damac Maison)
8995000.0,3.0,4.0,2890.0, UAE, Dubai, Jumeirah Lake Towers (JLT),Apartment,Sale,Unfurnished,Ready,Q2 2028,The Residences JLT (Taj)
1524888.0,1.0,1.0,483.0, UAE, Dubai,Dubai Marina,Apartment,Sale,Furnished,Off-Plan,Q4 2027,Vanguard by Frank Muller
2786783.0,3.0,4.0,1698.0, UAE, Dubai, Jumeirah Village Circle (JVC),Apartment,Sale,Furnished,Off-Plan,Q2 2027,Electra
1900000.0,1.0,2.0,715.0, UAE, Dubai, Downtown Dubai,Apartment,Sale,Unfurnished,Ready,Q2 2027,Electra
550000.0,2.0,1.0,492.0, UAE, Dubai, Arjan,Apartment,Sale,Unfurnished,Ready,Q2 2027,Electra
770000.0,1.0,2.0,887.0, UAE, Dubai, Jumeirah Village Circle (JVC),Apartment,Sale,Unfurnished,Ready,Q2 2027,Electra
39500000.0,6.0,7.0,8751.0, UAE, Dubai, Mohammed Bin Rashid City,Villa,Sale,Unfurnished,Off-Plan,Q4 2025,The Waterside Villas at The Sanctuary
750000.0,2.0,1.0,381.0, UAE, Dubai, Meydan City,Apartment,Sale,Unfurnished,Ready,Q4 2025,The Waterside Villas at The Sanctuary
1435000.0,1.0,2.0,684.0, UAE, Dubai, Dubailand,Apartment,Sale,Furnished,Off-Plan,Q4 2025,The Waterside Villas at The Sanctuary
2044019.0,2.0,3.0,1163.0, UAE, Dubai, Business Bay,Apartment,Sale,Unfurnished,Off-Plan,Q2 2026,Century Tower
2748000.0,2.0,2.0,2796.0, UAE, Dubai, Jumeirah Village Circle (JVC),Apartment,Sale,Furnished,Ready,Q2 2026,Century Tower
700000.0,2.0,1.0,445.0, UAE, Dubai, Jumeirah Village Circle (JVC),Apartment,Sale,Unfurnished,Off-Plan,Q3 2026,Havelock Heights
766598.0,1.0,2.0,1099.0, UAE, Dubai, International City,Apartment,Sale,Unfurnished,Ready,Q3 2026,Havelock Heights
2750882.0,2.0,3.0,1715.0, UAE, Dubai, Jumeirah Village Circle (JVC),Apartment,Sale,Furnished,Off-Plan,Q2 2027,Electra
7999999.0,4.0,5.0,9369.0, UAE, Dubai, Jumeirah Park,Villa,Sale,Unfurnished,Ready,Q2 2027,District 9
940000.0,2.0,2.0,1271.0, UAE, Dubai, Dubai Land Residence Complex,Apartment,Sale,Unfurnished,Ready,Q2 2027,District 9
1430000.0,1.0,2.0,981.0, UAE, Dubai, Arjan,Apartment,Sale,Unfurnished,Off-Plan,Q1 2028,The Central Downtown Tower A
19000000.0,7.0,10.0,8133.0, UAE, Dubai,Jumeirah Park,Villa,Sale,Unfurnished,Ready,Q1 2028,The Central Downtown Tower A
1636048.0,2.0,2.0,1117.0, UAE, Dubai, Jumeirah Village Circle (JVC),Apartment,Sale,Furnished,Off-Plan,Q3 2026,The F1fth
32000000.0,6.0,8.0,10033.0, UAE, Dubai, Tilal Al Ghaf,Villa,Sale,Furnished,Off-Plan,Q4 2026,Serenity Mansions
1592588.0,2.0,2.0,1116.0, UAE, Dubai, Jumeirah Village Circle (JVC),Apartment,Sale,Furnished,Off-Plan,Q3 2026,The F1fth
1204150.0,1.0,1.0,847.0, UAE, Dubai, Jumeirah Village Circle (JVC),Apartment,Sale,Furnished,Off-Plan,Q3 2026,The F1fth
1185107.0,1.0,1.0,846.0, UAE, Dubai, Jumeirah Village Circle (JVC),Apartment,Sale,Furnished,Off-Plan,Q3 2026,The F1fth
1510252.0,2.0,2.0,1141.0, UAE, Dubai, Jumeirah Village Circle (JVC),Apartment,Sale,Furnished,Off-Plan,Q2 2026,Ozone1 Residence
1508399.0,2.0,2.0,1139.0, UAE, Dubai, Jumeirah Village Circle (JVC),Apartment,Sale,Furnished,Off-Plan,Q2 2026,Ozone1 Residence
530000.0,2.0,1.0,360.0, UAE, Dubai, Jebel Ali,Apartment,Sale,Unfurnished,Ready,Q2 2026,Ozone1 Residence
1810566.0,2.0,3.0,1097.0, UAE, Dubai, Jumeirah Village Circle (JVC),Apartment,Sale,Furnished,Off-Plan,Q2 2027,Electra
3850000.0,4.0,4.0,3565.0, UAE, Dubai, Dubai South,Villa,Sale,Unfurnished,Ready,Q2 2027,Electra
7200000.0,3.0,4.0,1833.0, UAE, Dubai, Downtown Dubai,Apartment,Sale,Furnished,Ready,Q2 2027,Boulevard Point
900000.0,2.0,1.0,508.0, UAE, Dubai, Business Bay,Apartment,Sale,Furnished,Ready,Q2 2027,The Cosmopolitan (Damac Maison)
760000.0,2.0,1.0,349.0, UAE, Dubai, Business Bay,Apartment,Sale,Furnished,Ready,Q2 2027,The Cosmopolitan (Damac Maison)
1617662.0,2.0,2.0,1203.0, UAE, Dubai, Jumeirah Village Circle (JVC),Apartment,Sale,Furnished,Off-Plan,Q2 2026,Ozone1 Residence
1884875.0,2.0,2.0,1534.0, UAE, Dubai, Jumeirah Village Circle (JVC),Apartment,Sale,Furnished,Off-Plan,Q2 2026,Ozone1 Residence
704065.0,2.0,1.0,378.0, UAE, Dubai, Jumeirah Village Circle (JVC),Apartment,Sale,Unfurnished,Off-Plan,Q1 2026,Vitality Residence
14500000.0,3.0,4.0,2922.0, UAE, Dubai, Jumeirah,Apartment,Sale,Unfurnished,Off-Plan,Q2 2025,Eden House - The Canal
1780000.0,1.0,1.0,644.0, UAE, Dubai, Dubai Creek Harbour,Apartment,Sale,Unfurnished,Ready,Q2 2025,Creek Palace
1100000.0,1.0,2.0,812.0, UAE, Dubai, Jumeirah Village Circle (JVC),Apartment,Sale,Furnished,Ready,Q2 2025,Creek Palace
1050000.0,1.0,2.0,658.0, UAE, Dubai, Arjan,Apartment,Sale,Unfurnished,Off-Plan,Q2 2025,Vincitore Volare
550000.0,2.0,1.0,360.0, UAE, Dubai, Jebel Ali,Apartment,Sale,Furnished,Ready,Q2 2025,Vincitore Volare
1175000.0,1.0,2.0,735.0, UAE, Dubai, Jumeirah Village Circle (JVC),Apartment,Sale,Unfurnished,Ready,Q2 2025,Vincitore Volare
2447038.0,2.0,3.0,1112.0, UAE, Dubai, Dubai Islands,Apartment,Sale,Furnished,Off-Plan,Q3 2026,Iluka by MS Homes
865000.0,2.0,1.0,350.0, UAE, Dubai, Al Jaddaf,Apartment,Sale,Unfurnished,Off-Plan,Q1 2026,Binghatti Ghost
1295000.0,1.0,1.0,577.0, UAE, Dubai, Meydan City,Apartment,Sale,Furnished,Ready,Q1 2026,Binghatti Ghost
650000.0,1.0,2.0,634.0, UAE, Dubai, Jumeirah Village Circle (JVC),Apartment,Sale,Furnished,Ready,Q1 2026,Binghatti Ghost
3650000.0,2.0,2.0,1111.0, UAE, Dubai,Dubai Creek Harbour,Apartment,Sale,Unfurnished,Off-Plan,Q1 2029,Address Residences
2300000.0,1.0,1.0,735.0, UAE, Dubai,Dubai Creek Harbour,Apartment,Sale,Unfurnished,Off-Plan,Q1 2029,Address Residences
4800000.0,3.0,4.0,2205.0, UAE, Dubai, Jumeirah Lake Towers (JLT),Apartment,Sale,Furnished,Ready,Q1 2029,Address Residences
700000.0,2.0,1.0,356.0, UAE, Dubai, Meydan City,Apartment,Sale,Unfurnished,Ready,Q1 2029,Address Residences
1100000.0,1.0,2.0,745.0, UAE, Dubai, Jumeirah Village Circle (JVC),Apartment,Sale,Unfurnished,Ready,Q1 2029,Address Residences
1650000.0,1.0,1.0,704.0, UAE, Dubai, Dubai Hills Estate,Apartment,Sale,Unfurnished,Off-Plan,Q4 2026,Address Residences
1400000.0,2.0,3.0,947.0, UAE, Dubai, Dubailand,Villa,Sale,Unfurnished,Off-Plan,Q4 2027,Reportage Village
10499000.0,3.0,3.0,3447.0, UAE, Dubai, The Meadows,Villa,Sale,Unfurnished,Ready,Q4 2027,The Meadows 3
944524.0,1.0,1.0,772.0, UAE, Dubai, Dubai Production City (IMPZ),Apartment,Sale,Unfurnished,Off-Plan,Q2 2027,ELM at Park Five
1380929.0,2.0,2.0,1231.0, UAE, Dubai, Dubai Production City (IMPZ),Apartment,Sale,Unfurnished,Off-Plan,Q2 2027,ELM at Park Five
3400000.0,2.0,3.0,1579.0, UAE, Dubai, Palm Jumeirah,Apartment,Sale,Furnished,Ready,Q2 2027,ELM at Park Five
1361615.0,2.0,2.0,1231.0, UAE, Dubai, Dubai Production City (IMPZ),Apartment,Sale,Unfurnished,Off-Plan,Q2 2027,ELM at Park Five
938688.0,1.0,1.0,779.0, UAE, Dubai, Dubai Production City (IMPZ),Apartment,Sale,Unfurnished,Off-Plan,Q2 2027,ELM at Park Five
627619.0,2.0,1.0,432.0, UAE, Dubai, Dubai Production City (IMPZ),Apartment,Sale,Unfurnished,Off-Plan,Q2 2027,ELM at Park Five
622592.0,2.0,1.0,433.0, UAE, Dubai, Dubai Production City (IMPZ),Apartment,Sale,Unfurnished,Off-Plan,Q2 2027,ELM at Park Five
440000.0,2.0,1.0,475.0, UAE, Dubai, Dubai Investment Park (DIP),Apartment,Sale,Unfurnished,Ready,Q2 2027,ELM at Park Five
8000000.0,2.0,3.0,1510.0, UAE, Dubai, Bluewaters Island,Apartment,Sale,Furnished,Ready,Q2 2027,ELM at Park Five
5000000.0,2.0,2.0,1401.0, UAE, Dubai, Al Wasl,Apartment,Sale,Unfurnished,Ready,Q2 2027,ELM at Park Five
3240000.0,5.0,6.0,3178.0, UAE, Dubai, Dubailand,Townhouse,Sale,Unfurnished,Off-Plan,Q4 2028,DAMAC Islands
1200000.0,2.0,3.0,1255.0, UAE, Dubai, Dubai Sports City,Apartment,Sale,Furnished,Ready,Q4 2028,DAMAC Islands
10800000.0,3.0,5.0,4304.0, UAE, Dubai, Business Bay,Apartment,Sale,Unfurnished,Ready,Q4 2028,J One
1121677.0,1.0,2.0,745.0, UAE, Dubai, Jumeirah Village Circle (JVC),Apartment,Sale,Unfurnished,Off-Plan,Q1 2025,Stonehenge Residences
1018366.0,1.0,1.0,1047.0, UAE, Dubai, Jebel Ali,Apartment,Sale,Furnished,Off-Plan,Q2 2027,Eleve by Deyaar
971942.0,1.0,1.0,886.0, UAE, Dubai, Jebel Ali,Apartment,Sale,Furnished,Off-Plan,Q2 2027,Eleve by Deyaar
2181669.0,3.0,3.0,1777.0, UAE, Dubai, Dubai Production City (IMPZ),Apartment,Sale,Unfurnished,Off-Plan,Q2 2027,Ember at Park Five
1010593.0,1.0,1.0,836.0, UAE, Dubai, Dubai Land Residence Complex,Apartment,Sale,Unfurnished,Off-Plan,Q1 2027,Milos by Karma
1296765.0,2.0,2.0,1214.0, UAE, Dubai, Dubai Production City (IMPZ),Apartment,Sale,Unfurnished,Off-Plan,Q2 2027,Ember at Park Five
2175731.0,3.0,3.0,1777.0, UAE, Dubai, Dubai Production City (IMPZ),Apartment,Sale,Unfurnished,Off-Plan,Q2 2027,Ember at Park Five
1271325.0,2.0,2.0,1149.0, UAE, Dubai, Dubai Production City (IMPZ),Apartment,Sale,Unfurnished,Off-Plan,Q2 2027,Ember at Park Five
919117.0,1.0,1.0,687.0, UAE, Dubai, Dubai Production City (IMPZ),Apartment,Sale,Unfurnished,Off-Plan,Q2 2027,Ember at Park Five
892809.0,1.0,1.0,687.0, UAE, Dubai, Dubai Production City (IMPZ),Apartment,Sale,Unfurnished,Off-Plan,Q2 2027,Ember at Park Five
4085950.0,1.0,2.0,1075.0, UAE, Dubai, Palm Jumeirah,Apartment,Sale,Furnished,Off-Plan,Q4 2026,Palm Beach Towers 3
2875000.0,4.0,4.0,1553.0, UAE, Dubai, Dubai Investment Park (DIP),Villa,Sale,Unfurnished,Off-Plan,Q4 2027,Palm Beach Towers 3
2650000.0,1.0,1.0,742.0, UAE, Dubai, Dubai Harbour,Apartment,Sale,Unfurnished,Ready,Q4 2027,Palm Beach Towers 3
4045000.0,1.0,2.0,1065.0, UAE, Dubai, Palm Jumeirah,Apartment,Sale,Furnished,Off-Plan,Q4 2026,Palm Beach Towers 3
5055000.0,2.0,3.0,1365.0, UAE, Dubai, Palm Jumeirah,Apartment,Sale,Furnished,Off-Plan,Q4 2026,Palm Beach Towers 3
5200000.0,2.0,4.0,1401.0, UAE, Dubai, Al Wasl,Apartment,Sale,Unfurnished,Ready,Q4 2026,Palm Beach Towers 3
1900000.0,2.0,1.0,615.0, UAE, Dubai, Palm Jumeirah,Apartment,Sale,Furnished,Ready,Q4 2026,FIVE Palm Jumeirah
2400000.0,4.0,3.0,2282.0, UAE, Dubai, DAMAC Lagoons,Townhouse,Sale,Unfurnished,Off-Plan,Q4 2025,Ibiza
1250000.0,1.0,1.0,490.0, UAE, Dubai, Sobha Hartland,Apartment,Sale,Furnished,Ready,Q4 2025,Ibiza
1550000.0,1.0,1.0,690.0, UAE, Dubai, Dubai Creek Harbour,Apartment,Sale,Unfurnished,Ready,Q4 2025,Orchid
1050000.0,2.0,1.0,572.0, UAE, Dubai, Business Bay,Apartment,Sale,Furnished,Ready,Q4 2025,DAMAC Maison Majestine
975000.0,2.0,2.0,958.0, UAE, Dubai, Dubai Sports City,Apartment,Sale,Unfurnished,Ready,Q4 2025,The Bridge
952202.0,1.0,1.0,775.0, UAE, Dubai, Al Furjan,Apartment,Sale,Furnished,Off-Plan,Q2 2025,Millennium Talia Residences
940000.0,1.0,2.0,573.0, UAE, Dubai, Jebel Ali,Apartment,Sale,Furnished,Off-Plan,Q4 2024,Equiti Gate
770000.0,2.0,1.0,460.0, UAE, Dubai, Arjan,Apartment,Sale,Unfurnished,Off-Plan,Q3 2026,Vincitore Dolce Vita
1750000.0,1.0,2.0,853.0, UAE, Dubai, The Views,Apartment,Sale,Unfurnished,Ready,Q3 2026,Vincitore Dolce Vita
3500000.0,3.0,3.0,1345.0, UAE, Dubai, Jumeirah Beach Residence (JBR),Apartment,Sale,Furnished,Ready,Q3 2026,Vincitore Dolce Vita
1079000.0,1.0,2.0,886.0, UAE, Dubai, Dubai Production City (IMPZ),Apartment,Sale,Unfurnished,Off-Plan,Q2 2028,Samana Resorts
938598.0,1.0,1.0,790.0, UAE, Dubai, Al Furjan,Apartment,Sale,Furnished,Off-Plan,Q2 2025,Millennium Talia Residences
2166959.0,3.0,3.0,1633.0, UAE, Dubai, Jebel Ali,Apartment,Sale,Furnished,Off-Plan,Q2 2027,Eleve by Deyaar
880000.0,2.0,1.0,461.0, UAE, Dubai, Majan,Apartment,Sale,Unfurnished,Off-Plan,Q2 2027,Samana Barari Views
2155959.0,3.0,3.0,1634.0, UAE, Dubai, Jebel Ali,Apartment,Sale,Furnished,Off-Plan,Q2 2027,Eleve by Deyaar
1416551.0,2.0,2.0,1091.0, UAE, Dubai, Jebel Ali,Apartment,Sale,Furnished,Off-Plan,Q2 2027,Eleve by Deyaar
1402523.0,2.0,2.0,1072.0, UAE, Dubai, Jebel Ali,Apartment,Sale,Furnished,Off-Plan,Q2 2027,Eleve by Deyaar
1050000.0,2.0,1.0,572.0, UAE, Dubai, Business Bay,Apartment,Sale,Furnished,Ready,Q2 2027,DAMAC Maison Majestine
975000.0,2.0,2.0,958.0, UAE, Dubai, Dubai Sports City,Apartment,Sale,Unfurnished,Ready,Q2 2027,The Bridge
2346212.0,1.0,1.0,1029.0, UAE, Dubai, Dubai Islands,Apartment,Sale,Furnished,Off-Plan,Q1 2027,Cotier House by Imtiaz
3075028.0,1.0,1.0,1321.0, UAE, Dubai, Dubai Islands,Apartment,Sale,Furnished,Off-Plan,Q1 2027,Cotier House by Imtiaz
2776277.0,1.0,1.0,1207.0, UAE, Dubai, Dubai Islands,Apartment,Sale,Furnished,Off-Plan,Q1 2027,Cotier House by Imtiaz
11500000.0,5.0,6.0,5542.0, UAE, Dubai, DAMAC Hills,Villa,Sale,Furnished,Ready,Q1 2027,Veneto
2200000.0,1.0,1.0,945.0, UAE, Dubai, Dubai Marina,Apartment,Sale,Unfurnished,Ready,Q1 2027,Veneto
2369426.0,1.0,2.0,839.0, UAE, Dubai, Dubai Islands,Apartment,Sale,Furnished,Off-Plan,Q4 2026,Beach Walk Grand by Imtiaz
1500000.0,1.0,2.0,839.0, UAE, Dubai, Dubailand,Apartment,Sale,Furnished,Off-Plan,Q2 2029,Beach Walk Grand by Imtiaz
4100000.0,3.0,4.0,1747.0, UAE, Dubai, Dubai Creek Harbour,Apartment,Sale,Unfurnished,Ready,Q2 2029,Beach Walk Grand by Imtiaz
4008348.0,3.0,3.0,1895.0, UAE, Dubai,Motor City,Apartment,Sale,Furnished,Off-Plan,Q4 2028,Sobha Solis Tower A
3979920.0,3.0,3.0,1895.0, UAE, Dubai,Motor City,Apartment,Sale,Furnished,Off-Plan,Q4 2028,Sobha Solis Tower A
2137389.0,2.0,2.0,1124.0, UAE, Dubai,Motor City,Apartment,Sale,Furnished,Off-Plan,Q4 2028,Sobha Solis Tower A
2137386.0,2.0,2.0,1124.0, UAE, Dubai,Motor City,Apartment,Sale,Furnished,Off-Plan,Q4 2028,Sobha Solis Tower A
2323016.0,1.0,2.0,969.0, UAE, Dubai, Dubai Islands,Apartment,Sale,Furnished,Off-Plan,Q1 2027,Cotier House by Imtiaz
3245715.0,2.0,2.0,1758.0, UAE, Dubai, Ras Al Khor,Apartment,Sale,Unfurnished,Off-Plan,Q4 2026,Sobha One Tower A
3569022.0,2.0,4.0,1660.0, UAE, Dubai, Ras Al Khor,Apartment,Sale,Unfurnished,Off-Plan,Q4 2026,Sobha One Tower C
4368494.0,2.0,3.0,2449.0, UAE, Dubai, Ras Al Khor,Apartment,Sale,Unfurnished,Off-Plan,Q4 2026,Sobha One Tower C
2400000.0,2.0,3.0,1257.0, UAE, Dubai, Dubailand,Apartment,Sale,Furnished,Off-Plan,Q2 2029,Sobha One Tower C
1500000.0,1.0,2.0,839.0, UAE, Dubai, Dubailand,Apartment,Sale,Furnished,Off-Plan,Q2 2029,Sobha One Tower C
800000.0,1.0,1.0,549.0, UAE, Dubai, Jumeirah Village Triangle (JVT),Apartment,Sale,Unfurnished,Off-Plan,Q1 2025,Cloud Tower A
2035575.0,1.0,2.0,950.0, UAE, Dubai, Dubai Hills Estate,Apartment,Sale,Unfurnished,Off-Plan,Q4 2025,399 Hills Park B
1039131.0,1.0,1.0,538.0, UAE, Dubai,Motor City,Apartment,Sale,Furnished,Off-Plan,Q4 2028,Sobha Solis Tower A
1249123.0,1.0,1.0,811.0, UAE, Dubai, Jumeirah Village Circle (JVC),Apartment,Sale,Unfurnished,Off-Plan,Q2 2027,Q Gardens Aliya
3650000.0,2.0,3.0,2442.0, UAE, Dubai, Dubai Islands,Apartment,Sale,Unfurnished,Off-Plan,Q4 2026,Seaside by Prestige One
1850000.0,4.0,5.0,2352.0, UAE, Dubai, DAMAC Hills 2 (Akoya by DAMAC),Townhouse,Sale,Unfurnished,Off-Plan,Q2 2026,Natura
5400000.0,2.0,2.0,1107.0, UAE, Dubai, Dubai Harbour,Apartment,Sale,Unfurnished,Off-Plan,Q1 2028,Seapoint Tower 2
1750000.0,1.0,2.0,853.0, UAE, Dubai, The Views,Apartment,Sale,Unfurnished,Ready,Q1 2028,Seapoint Tower 2
3500000.0,3.0,3.0,1345.0, UAE, Dubai, Jumeirah Beach Residence (JBR),Apartment,Sale,Furnished,Ready,Q1 2028,Seapoint Tower 2
3550000.0,1.0,2.0,1226.0, UAE, Dubai, Palm Jumeirah,Apartment,Sale,Furnished,Ready,Q2 2028,FIVE Palm Jumeirah
2000000.0,2.0,3.0,1309.0, UAE, Dubai, Business Bay,Apartment,Sale,Furnished,Ready,Q2 2028,Elite Business Bay Residence
1800000.0,1.0,2.0,1062.0, UAE, Dubai, Dubai Marina,Apartment,Sale,Furnished,Ready,Q2 2028,Princess Tower
1302868.0,1.0,1.0,726.0, UAE, Dubai, Jumeirah Village Circle (JVC),Apartment,Sale,Unfurnished,Off-Plan,Q1 2026,Q Gardens Lofts 2
15200000.0,5.0,6.0,5833.0, UAE, Dubai, Dubai Sports City,Villa,Sale,Unfurnished,Ready,Q1 2026,Q Gardens Lofts 2
3900000.0,3.0,3.0,2663.0, UAE, Dubai, Jumeirah Village Circle (JVC),Townhouse,Sale,Unfurnished,Ready,Q1 2026,JVC District 12
7500000.0,3.0,4.0,2160.0, UAE, Dubai, Palm Jumeirah,Apartment,Sale,Furnished,Ready,Q1 2026,JVC District 12
2200000.0,2.0,2.0,1008.0, UAE, Dubai, Business Bay,Apartment,Sale,Furnished,Ready,Q1 2026,Aykon City
1600000.0,2.0,2.0,1157.0, UAE, Dubai, Dubai South,Apartment,Sale,Furnished,Ready,Q1 2026,Aykon City
7700000.0,3.0,3.0,3677.0, UAE, Dubai, The Springs,Villa,Sale,Unfurnished,Ready,Q1 2026,The Springs 12
3400000.0,3.0,4.0,1943.0, UAE, Dubai, Dubai South,Villa,Sale,Unfurnished,Ready,Q1 2026,The Springs 12
820000.0,1.0,2.0,659.0, UAE, Dubai, Dubai Production City (IMPZ),Apartment,Sale,Furnished,Ready,Q1 2026,The Springs 12
2881000.0,5.0,6.0,2516.0, UAE, Dubai, DAMAC Hills 2 (Akoya by DAMAC),Villa,Sale,Unfurnished,Ready,Q1 2026,Juniper
9000000.0,3.0,4.0,3789.0, UAE, Dubai, Palm Jumeirah,Apartment,Sale,Unfurnished,Ready,Q1 2026,Juniper
1302869.0,1.0,1.0,726.0, UAE, Dubai, Jumeirah Village Circle (JVC),Apartment,Sale,Unfurnished,Off-Plan,Q1 2026,Q Gardens Lofts 2
7417000.0,6.0,9.0,4400.0, UAE, Dubai,DAMAC Hills,Villa,Sale,Unfurnished,Ready,Q1 2026,Q Gardens Lofts 2
1300000.0,2.0,1.0,558.0, UAE, Dubai, Business Bay,Apartment,Sale,Unfurnished,Off-Plan,Q1 2027,Canal Heights 2
2000000.0,1.0,2.0,832.0, UAE, Dubai, Business Bay,Apartment,Sale,Unfurnished,Off-Plan,Q1 2026,Peninsula Four (The Plaza)
4300000.0,2.0,2.0,1251.0, UAE, Dubai, Downtown Dubai,Apartment,Sale,Furnished,Ready,Q1 2026,Peninsula Four (The Plaza)
1124000.0,1.0,2.0,742.0, UAE, Dubai, Jumeirah Village Triangle (JVT),Apartment,Sale,Furnished,Off-Plan,Q1 2025,Cloud Tower A
3300000.0,2.0,2.0,1141.0, UAE, Dubai, Dubai Hills Estate,Apartment,Sale,Unfurnished,Off-Plan,Q3 2027,Parkside Views
3699000.0,3.0,4.0,2762.0, UAE, Dubai, Dubai Marina,Apartment,Sale,Furnished,Ready,Q3 2027,KG Tower
1900000.0,1.0,2.0,753.0, UAE, Dubai, Business Bay,Apartment,Sale,Unfurnished,Off-Plan,Q4 2027,Safa Two de Grisogono
2361061.0,1.0,2.0,970.0, UAE, Dubai, Dubai Islands,Apartment,Sale,Furnished,Off-Plan,Q1 2027,Cotier House by Imtiaz
3500000.0,4.0,3.0,1915.0, UAE, Dubai, DAMAC Hills,Villa,Sale,Unfurnished,Ready,Q1 2027,Cotier House by Imtiaz
1302863.0,1.0,1.0,726.0, UAE, Dubai, Jumeirah Village Circle (JVC),Apartment,Sale,Unfurnished,Off-Plan,Q1 2026,Q Gardens Lofts 2
1900000.0,1.0,2.0,736.0, UAE, Dubai, Bukadra,Apartment,Sale,Unfurnished,Off-Plan,Q2 2027,330 Riverside Crescent
2000000.0,1.0,2.0,767.0, UAE, Dubai, Mohammed Bin Rashid City,Apartment,Sale,Unfurnished,Ready,Q2 2027,330 Riverside Crescent
2400000.0,3.0,3.0,1583.0, UAE, Dubai, Dubai Marina,Apartment,Sale,Unfurnished,Ready,Q2 2027,Marina Pinnacle
5000000.0,3.0,4.0,2583.0, UAE, Dubai, Jumeirah Village Triangle (JVT),Villa,Sale,Unfurnished,Ready,Q2 2027,Marina Pinnacle
3250000.0,2.0,3.0,1657.0, UAE, Dubai, Jumeirah Lake Towers (JLT),Apartment,Sale,Furnished,Ready,Q2 2027,Marina Pinnacle
2100000.0,1.0,2.0,1016.0, UAE, Dubai, Dubai Hills Estate,Apartment,Sale,Unfurnished,Off-Plan,Q4 2025,399 Hills Park B
2649999.0,3.0,4.0,2082.0, UAE, Dubai, Town Square,Townhouse,Sale,Unfurnished,Ready,Q4 2025,Noor Townhouses
2200000.0,2.0,2.0,1066.0, UAE, Dubai, Dubai Hills Estate,Apartment,Sale,Unfurnished,Off-Plan,Q1 2027,Golf Grand
2000000.0,1.0,2.0,737.0, UAE, Dubai, Bukadra,Apartment,Sale,Unfurnished,Off-Plan,Q4 2027,310 Riverside Crescent
875000.0,2.0,1.0,450.0, UAE, Dubai, Arjan,Apartment,Sale,Unfurnished,Off-Plan,Q1 2026,Arbor View
1450000.0,2.0,2.0,995.0, UAE, Dubai, Dubai South,Apartment,Sale,Unfurnished,Ready,Q1 2026,Arbor View
950000.0,1.0,2.0,1299.0, UAE, Dubai, Jumeirah Village Circle (JVC),Apartment,Sale,Unfurnished,Ready,Q1 2026,Arbor View
794777.0,2.0,1.0,425.0, UAE, Dubai, Liwan,Apartment,Sale,Unfurnished,Off-Plan,Q2 2028,Empire Lake Views
1594736.0,2.0,3.0,993.0, UAE, Dubai, Majan,Apartment,Sale,Furnished,Off-Plan,Q1 2028,Samana Barari Lagoons
26000000.0,5.0,7.0,8028.0, UAE, Dubai, Sobha Hartland,Villa,Sale,Unfurnished,Ready,Q1 2028,Sobha Hartland Estates
4799999.0,2.0,3.0,2231.0, UAE, Dubai, Palm Jumeirah,Apartment,Sale,Furnished,Ready,Q1 2028,FIVE Palm Jumeirah
1750000.0,1.0,2.0,762.0, UAE, Dubai, Dubai Creek Harbour,Apartment,Sale,Unfurnished,Ready,Q1 2028,FIVE Palm Jumeirah
2801526.0,2.0,3.0,1436.0, UAE, Dubai, Dubai Islands,Apartment,Sale,Unfurnished,Off-Plan,Q4 2027,Wellington Ocean
1904807.0,1.0,2.0,866.0, UAE, Dubai, Dubai Islands,Apartment,Sale,Unfurnished,Off-Plan,Q4 2027,Wellington Ocean
680000.0,2.0,1.0,370.0, UAE, Dubai, Arjan,Apartment,Sale,Unfurnished,Off-Plan,Q4 2027,TORINO BY ORO24
700000.0,2.0,1.0,369.0, UAE, Dubai, Arjan,Apartment,Sale,Furnished,Off-Plan,Q4 2027,TORINO BY ORO24
850000.0,2.0,1.0,386.0, UAE, Dubai, Jumeirah Village Circle (JVC),Apartment,Sale,Furnished,Off-Plan,Q4 2027,Elitz 2 By Danube
3270000.0,2.0,3.0,1248.0, UAE, Dubai, Business Bay,Apartment,Sale,Unfurnished,Ready,Q4 2027,Elitz 2 By Danube
749000.0,2.0,1.0,378.0, UAE, Dubai, Dubai Silicon Oasis (DSO),Apartment,Sale,Unfurnished,Off-Plan,Q4 2027,Oasiz 1 by Danube
3000000.0,3.0,4.0,3229.0, UAE, Dubai, Jumeirah Lake Towers (JLT),Penthouse,Sale,Unfurnished,Off-Plan,Q4 2027,THE WIND TOWER II
3500000.0,2.0,3.0,1196.0, UAE, Dubai, Dubai Maritime City,Apartment,Sale,Unfurnished,Off-Plan,Q1 2027,Oceanz 3
790000.0,2.0,1.0,527.0, UAE, Dubai, Arjan,Apartment,Sale,Unfurnished,Ready,Q1 2027,Burj View Residence
900000.0,2.0,2.0,1178.0, UAE, Dubai, Dubai Sports City,Apartment,Sale,Unfurnished,Ready,Q1 2027,Zenith Towers
850000.0,2.0,1.0,425.0, UAE, Dubai, Business Bay,Apartment,Sale,Unfurnished,Ready,Q1 2027,DAMAC Maison Bay's Edge
1300000.0,2.0,1.0,448.0, UAE, Dubai, Business Bay,Apartment,Sale,Unfurnished,Ready,Q1 2027,DAMAC Maison Bay's Edge
750000.0,1.0,2.0,969.0, UAE, Dubai, Discovery Gardens,Apartment,Sale,Unfurnished,Ready,Q1 2027,DAMAC Maison Bay's Edge
4400000.0,2.0,2.0,1190.0, UAE, Dubai, Downtown Dubai,Apartment,Sale,Furnished,Ready,Q1 2027,DAMAC Maison Bay's Edge
3900000.0,3.0,4.0,1580.0, UAE, Dubai, Dubai Creek Harbour,Apartment,Sale,Unfurnished,Off-Plan,Q3 2026,Savanna Building 3
7990000.0,2.0,2.0,1537.0, UAE, Dubai, Dubai Creek Harbour,Apartment,Sale,Furnished,Ready,Q3 2026,Savanna Building 3
738000.0,2.0,1.0,378.0, UAE, Dubai, Dubai Silicon Oasis (DSO),Apartment,Sale,Unfurnished,Off-Plan,Q4 2027,Oasiz 1 by Danube
4000000.0,3.0,3.0,1502.0, UAE, Dubai, Dubai Hills Estate,Apartment,Sale,Unfurnished,Off-Plan,Q3 2027,Parkside Views
1650000.0,1.0,2.0,782.0, UAE, Dubai, Dubai Hills Estate,Apartment,Sale,Unfurnished,Off-Plan,Q3 2027,Greenside Residence Tower A
3720000.0,2.0,4.0,1362.0, UAE, Dubai, Dubai Hills Estate,Apartment,Sale,Unfurnished,Off-Plan,Q2 2025,Ellington House 2
2600000.0,2.0,4.0,1867.0, UAE, Dubai, Jumeirah Village Circle (JVC),Apartment,Sale,Unfurnished,Ready,Q2 2025,Ellington House 2
1150000.0,1.0,2.0,949.0, UAE, Dubai, Jumeirah Village Circle (JVC),Apartment,Sale,Unfurnished,Ready,Q2 2025,Ellington House 2
680000.0,1.0,2.0,958.0, UAE, Dubai, Discovery Gardens,Apartment,Sale,Unfurnished,Ready,Q2 2025,Ellington House 2
735000.0,1.0,2.0,968.0, UAE, Dubai, Discovery Gardens,Apartment,Sale,Unfurnished,Ready,Q2 2025,Ellington House 2
600000.0,1.0,1.0,513.0, UAE, Dubai, Dubai South,Apartment,Sale,Unfurnished,Ready,Q2 2025,Ellington House 2
1950000.0,1.0,1.0,990.0, UAE, Dubai, Mina Rashid,Apartment,Sale,Unfurnished,Off-Plan,Q3 2027,Clearpoint Building 2
1100000.0,1.0,1.0,487.0, UAE, Dubai, Meydan City,Apartment,Sale,Unfurnished,Ready,Q3 2027,Clearpoint Building 2
3500000.0,4.0,3.0,1915.0, UAE, Dubai, DAMAC Hills,Villa,Sale,Unfurnished,Ready,Q3 2027,Clearpoint Building 2
2890000.0,1.0,2.0,797.0, UAE, Dubai, Dubai Media City,Apartment,Sale,Unfurnished,Off-Plan,Q2 2028,Damac Casa
4110888.0,4.0,5.0,2767.0, UAE, Dubai, Dubai South,Townhouse,Sale,Unfurnished,Off-Plan,Q1 2029,Damac Casa
2500000.0,4.0,6.0,1521.0, UAE, Dubai,Jumeirah Lake Towers (JLT),Apartment,Sale,Furnished,Off-Plan,Q4 2025,Golf Views Seven City
4500000.0,4.0,4.0,2713.0, UAE, Dubai, Dubailand,Townhouse,Sale,Unfurnished,Ready,Q4 2025,Cherrywoods
3530888.0,3.0,2.0,1857.0, UAE, Dubai, Dubai South,Townhouse,Sale,Unfurnished,Off-Plan,Q1 2029,Cherrywoods
2950000.0,2.0,2.0,1077.0, UAE, Dubai, Dubai Creek Harbour,Apartment,Sale,Unfurnished,Ready,Q1 2029,Cherrywoods
3100000.0,2.0,2.0,1223.0, UAE, Dubai, Al Wasl,Apartment,Sale,Unfurnished,Off-Plan,Q4 2025,DAMAC CITY
6300000.0,2.0,2.0,1580.0, UAE, Dubai, Dubai Harbour,Apartment,Sale,Unfurnished,Ready,Q4 2025,DAMAC CITY
7900000.0,5.0,6.0,4932.0, UAE, Dubai, Athlon by Aldar,Villa,Sale,Unfurnished,Off-Plan,Q2 2028,Delphi
3750000.0,2.0,2.0,1367.0, UAE, Dubai, Dubai Marina,Apartment,Sale,Unfurnished,Off-Plan,Q3 2025,Cavalli Tower
2000000.0,1.0,2.0,767.0, UAE, Dubai, Mohammed Bin Rashid City,Apartment,Sale,Unfurnished,Ready,Q3 2025,Cavalli Tower
1220000.0,2.0,3.0,1196.0, UAE, Dubai, Dubai Silicon Oasis (DSO),Apartment,Sale,Unfurnished,Ready,Q3 2027,Coral Residence
3774000.0,3.0,4.0,1807.0, UAE, Dubai, Dubai Islands,Apartment,Sale,Unfurnished,Off-Plan,Q3 2026,Ocean Tower
3340500.0,2.0,3.0,1468.0, UAE, Dubai, Dubai Islands,Apartment,Sale,Unfurnished,Off-Plan,Q3 2026,Ocean Tower
2827888.0,2.0,3.0,1071.0, UAE, Dubai, Dubai Hills Estate,Apartment,Sale,Unfurnished,Off-Plan,Q1 2029,Parkwood Tower B
4657922.0,1.0,1.0,1064.0, UAE, Dubai, Palm Jumeirah,Apartment,Sale,Furnished,Off-Plan,Q4 2026,Palm Beach Towers 3
825000.0,1.0,2.0,753.0, UAE, Dubai, Jumeirah Village Triangle (JVT),Apartment,Sale,Furnished,Off-Plan,Q4 2027,Guzel Towers Block A
2000000.0,1.0,1.0,813.0, UAE, Dubai, Ras Al Khor,Apartment,Sale,Unfurnished,Off-Plan,Q4 2026,Sobha One Tower E
2400000.0,3.0,3.0,1583.0, UAE, Dubai, Dubai Marina,Apartment,Sale,Unfurnished,Ready,Q3 2027,Marina Pinnacle
13850000.0,5.0,5.0,4689.0, UAE, Dubai, Jumeirah Park,Villa,Sale,Unfurnished,Ready,Q3 2027,Legacy
8500000.0,2.0,3.0,1641.0, UAE, Dubai, Bluewaters Island,Apartment,Sale,Furnished,Ready,Q3 2027,Legacy
740000.0,2.0,1.0,455.0, UAE, Dubai, Jumeirah Village Circle (JVC),Apartment,Sale,Unfurnished,Ready,Q3 2027,Legacy
1960000.0,1.0,1.0,835.0, UAE, Dubai, Sobha Hartland,Apartment,Sale,Unfurnished,Ready,Q3 2027,Legacy
1900000.0,1.0,2.0,644.0, UAE, Dubai, Business Bay,Apartment,Sale,Unfurnished,Off-Plan,Q2 2025,Peninsula Three
5000000.0,3.0,4.0,2583.0, UAE, Dubai, Jumeirah Village Triangle (JVT),Villa,Sale,Unfurnished,Ready,Q2 2025,Peninsula Three
3250000.0,2.0,3.0,1657.0, UAE, Dubai, Jumeirah Lake Towers (JLT),Apartment,Sale,Furnished,Ready,Q2 2025,Peninsula Three
2200000.0,1.0,2.0,910.0, UAE, Dubai, Business Bay,Apartment,Sale,Furnished,Ready,Q2 2025,Nobles Tower
9500000.0,3.0,4.0,3070.0, UAE, Dubai, Dubai Hills Estate,Villa,Sale,Unfurnished,Ready,Q2 2025,Club Villas
2250000.0,2.0,3.0,1323.0, UAE, Dubai, Business Bay,Apartment,Sale,Furnished,Ready,Q2 2025,Binghatti Canal Building
1770888.0,1.0,1.0,727.0, UAE, Dubai, Dubai Hills Estate,Apartment,Sale,Unfurnished,Off-Plan,Q1 2029,Parkwood Tower B
1250000.0,1.0,1.0,764.0, UAE, Dubai, Arjan,Apartment,Sale,Unfurnished,Ready,Q2 2025,Joya Blanca Residences
1450000.0,2.0,2.0,1098.0, UAE, Dubai, Arjan,Apartment,Sale,Furnished,Ready,Q2 2025,Jewelz by Danube
4150000.0,4.0,6.0,1450.0, UAE, Dubai, Jumeirah Village Circle (JVC),Villa,Sale,Unfurnished,Ready,Q2 2025,Jewelz by Danube
2600000.0,4.0,4.0,1549.0, UAE, Dubai, DAMAC Lagoons,Townhouse,Sale,Unfurnished,Off-Plan,Q3 2025,Santorini
3000000.0,4.0,6.0,1707.0, UAE, Dubai, Jumeirah Village Circle (JVC),Villa,Sale,Unfurnished,Ready,Q3 2025,Santorini
1750000.0,2.0,2.0,810.0, UAE, Dubai, Business Bay,Apartment,Sale,Unfurnished,Ready,Q3 2025,Santorini
1300000.0,1.0,1.0,843.0, UAE, Dubai, Dubai Marina,Apartment,Sale,Unfurnished,Ready,Q3 2025,Mag 218 Tower
1750000.0,1.0,1.0,855.0, UAE, Dubai, Sobha Hartland,Apartment,Sale,Unfurnished,Ready,Q3 2025,Creek Vistas Grande
9750000.0,4.0,5.0,3317.0, UAE, Dubai, Mohammed Bin Rashid City,Townhouse,Sale,Unfurnished,Ready,Q3 2025,Creek Vistas Grande
730000.0,2.0,1.0,408.0, UAE, Dubai, Dubai Sports City,Apartment,Sale,Furnished,Off-Plan,Q3 2026,Samana Golf Views
2900000.0,2.0,2.0,1257.0, UAE, Dubai, Bukadra,Apartment,Sale,Unfurnished,Off-Plan,Q4 2027,Claydon House
2316260.0,2.0,1.0,382.0, UAE, Dubai, The World Islands,Apartment,Sale,Furnished,Off-Plan,Q4 2025,Marbella Resort Hotel Vignette Collection
1500000.0,2.0,2.0,1132.0, UAE, Dubai, Town Square,Apartment,Sale,Unfurnished,Off-Plan,Q4 2025,The Hamilton
3600000.0,5.0,5.0,2397.0, UAE, Dubai, DAMAC Lagoons,Townhouse,Sale,Unfurnished,Off-Plan,Q4 2025,Mykonos
1795000.0,2.0,3.0,1457.0, UAE, Dubai, Dubai Science Park,Apartment,Sale,Unfurnished,Ready,Q4 2025,Orchid Residence
1289000.0,3.0,3.0,1139.0, UAE, Dubai, Dubai Silicon Oasis (DSO),Apartment,Sale,Furnished,Ready,Q4 2025,Orchid Residence
1699999.0,2.0,3.0,829.0, UAE, Dubai, Business Bay,Apartment,Sale,Furnished,Ready,Q4 2025,Orchid Residence
4050000.0,4.0,6.0,3557.0, UAE, Dubai, Dubai South,Townhouse,Sale,Unfurnished,Off-Plan,Q1 2025,Orchid Residence
1780000.0,2.0,3.0,1460.0, UAE, Dubai, Dubai Science Park,Apartment,Sale,Unfurnished,Ready,Q1 2025,Orchid Residence
2700000.0,3.0,3.0,1973.0, UAE, Dubai, The Valley by Emaar,Villa,Sale,Unfurnished,Off-Plan,Q3 2027,Nima
1600000.0,1.0,2.0,742.0, UAE, Dubai, Bukadra,Apartment,Sale,Furnished,Off-Plan,Q1 2028,Parkway by Prestige One
2825000.0,2.0,2.0,1114.0, UAE, Dubai, Dubai Hills Estate,Apartment,Sale,Unfurnished,Off-Plan,Q2 2028,Palace Residences Building 1
2520000.0,2.0,2.0,1030.0, UAE, Dubai, Dubai Creek Harbour,Apartment,Sale,Unfurnished,Ready,Q2 2028,Lotus
699000.0,2.0,1.0,399.0, UAE, Dubai, Discovery Gardens,Apartment,Sale,Furnished,Off-Plan,Q2 2026,Serene Gardens 2
2735828.0,2.0,2.0,1195.0, UAE, Dubai, Sobha Hartland,Apartment,Sale,Unfurnished,Off-Plan,Q4 2025,The Highbury
1350000.0,1.0,2.0,797.0, UAE, Dubai, Dubailand,Apartment,Sale,Unfurnished,Off-Plan,Q2 2028,Sage
2096000.0,3.0,5.0,2073.0, UAE, Dubai, DAMAC Hills 2 (Akoya by DAMAC),Villa,Sale,Unfurnished,Ready,Q2 2028,Amazonia
3400000.0,2.0,4.0,1365.0, UAE, Dubai, Sobha Hartland,Apartment,Sale,Unfurnished,Off-Plan,Q2 2028,The Crest
2700880.0,2.0,3.0,1350.0, UAE, Dubai, Dubai Marina,Apartment,Sale,Furnished,Ready,Q2 2028,Orra Harbour Residences
10699999.0,3.0,4.0,1787.0, UAE, Dubai, Dubai Harbour,Apartment,Sale,Unfurnished,Off-Plan,Q1 2028,Seapoint Tower 1
2960000.0,2.0,2.0,1071.0, UAE, Dubai, Dubai Creek Harbour,Apartment,Sale,Unfurnished,Ready,Q1 2028,Seapoint Tower 1
13800000.0,4.0,6.0,5489.0, UAE, Dubai,Jumeirah Park,Villa,Sale,Unfurnished,Ready,Q1 2028,Seapoint Tower 1
4400000.0,2.0,2.0,1309.0, UAE, Dubai, Dubai Marina,Apartment,Sale,Unfurnished,Off-Plan,Q2 2025,LIV Marina
3400000.0,2.0,4.0,1365.0, UAE, Dubai, Sobha Hartland,Apartment,Sale,Unfurnished,Off-Plan,Q2 2025,The Crest
6200000.0,2.0,3.0,2038.0, UAE, Dubai, Downtown Dubai,Apartment,Sale,Unfurnished,Ready,Q2 2025,Burj Khalifa
2600000.0,2.0,2.0,1276.0, UAE, Dubai, Jumeirah Beach Residence (JBR),Apartment,Sale,Furnished,Ready,Q2 2025,Burj Khalifa
1300000.0,1.0,1.0,514.0, UAE, Dubai, Sobha Hartland,Apartment,Sale,Unfurnished,Off-Plan,Q4 2025,The Crest Tower C
900000.0,1.0,1.0,479.0, UAE, Dubai, Jumeirah Village Triangle (JVT),Apartment,Sale,Furnished,Off-Plan,Q1 2027,Treppan Tower
2290000.0,1.0,2.0,831.0, UAE, Dubai, Business Bay,Apartment,Sale,Furnished,Off-Plan,Q1 2026,Peninsula Four (The Plaza)
1200000.0,1.0,2.0,785.0, UAE, Dubai, Jumeirah Lake Towers (JLT),Apartment,Sale,Furnished,Ready,Q1 2026,Peninsula Four (The Plaza)
2469828.0,2.0,3.0,1141.0, UAE, Dubai, Sobha Hartland,Apartment,Sale,Unfurnished,Off-Plan,Q4 2025,The Highbury
1315000.0,2.0,3.0,987.0, UAE, Dubai, Dubai Investment Park (DIP),Apartment,Sale,Unfurnished,Off-Plan,Q2 2028,Marine 3
1100000.0,1.0,2.0,801.0, UAE, Dubai, Jumeirah Village Circle (JVC),Apartment,Sale,Unfurnished,Off-Plan,Q4 2025,Lucky Royale Residence
2900000.0,2.0,3.0,1391.0, UAE, Dubai, Sobha Hartland,Apartment,Sale,Unfurnished,Off-Plan,Q2 2026,Sobha Crest Grande
880000.0,1.0,2.0,678.0, UAE, Dubai, Dubai Investment Park (DIP),Apartment,Sale,Unfurnished,Off-Plan,Q2 2028,Marine 3
952900.0,1.0,2.0,828.0, UAE, Dubai, Dubai Land Residence Complex,Apartment,Sale,Unfurnished,Off-Plan,Q4 2028,AG AUM Residence
585000.0,2.0,1.0,365.0, UAE, Dubai, Dubai Studio City,Apartment,Sale,Unfurnished,Off-Plan,Q2 2025,Azizi Beach Oasis (Mirage 1)
1490000.0,2.0,3.0,1136.0, UAE, Dubai, Al Furjan,Apartment,Sale,Unfurnished,Off-Plan,Q2 2025,Equiti Home
3600000.0,3.0,4.0,1702.0, UAE, Dubai, Sobha Hartland,Apartment,Sale,Unfurnished,Off-Plan,Q2 2026,Sobha Crest Grande
18000000.0,4.0,5.0,4742.0, UAE, Dubai, The Meadows,Villa,Sale,Unfurnished,Ready,Q2 2026,The Meadows 7
1650000.0,1.0,1.0,727.0, UAE, Dubai, The Meadows,Villa,Sale,Unfurnished,Ready,Q2 2026,The Meadows 7
2250000.0,2.0,3.0,1053.0, UAE, Dubai, Sobha Hartland,Apartment,Sale,Unfurnished,Off-Plan,Q4 2025,The Crest Tower C
3450000.0,1.0,2.0,868.0, UAE, Dubai, Dubai Harbour,Apartment,Sale,Unfurnished,Off-Plan,Q1 2027,DAMAC BAY
1937000.0,1.0,2.0,866.0, UAE, Dubai, Dubai Islands,Apartment,Sale,Unfurnished,Off-Plan,Q2 2028,Bay Grove Residences C Building 10
2300000.0,1.0,1.0,970.0, UAE, Dubai, Dubai Marina,Apartment,Sale,Unfurnished,Off-Plan,Q4 2029,Marina Cove
3230000.0,3.0,3.0,2385.0, UAE, Dubai, Reem,Villa,Sale,Unfurnished,Ready,Q4 2029,Marina Cove
14000000.0,4.0,5.0,4182.0, UAE, Dubai, Mohammed Bin Rashid City,Apartment,Sale,Unfurnished,Ready,Q4 2029,Marina Cove
5600000.0,2.0,3.0,1483.0, UAE, Dubai, Bluewaters Island,Apartment,Sale,Unfurnished,Ready,Q4 2029,Marina Cove
14900000.0,10.0,10.0,8073.0, UAE, Dubai, Liwan 2,Residential Building,Sale,Unfurnished,Ready,Q4 2029,Al Salam Building
1200000.0,2.0,2.0,1370.0, UAE, Dubai, Jumeirah Village Triangle (JVT),Apartment,Sale,Unfurnished,Ready,Q4 2029,Al Salam Building
950000.0,2.0,1.0,420.0, UAE, Dubai, Business Bay,Apartment,Sale,Furnished,Ready,Q4 2029,Aykon City
1550000.0,2.0,3.0,1122.0, UAE, Dubai, Jumeirah Village Circle (JVC),Apartment,Sale,Unfurnished,Off-Plan,Q3 2026,Havelock Heights
4450000.0,3.0,4.0,1355.0, UAE, Dubai, Downtown Dubai,Apartment,Sale,Furnished,Ready,Q3 2026,Burj Crown
1980000.0,1.0,2.0,767.0, UAE, Dubai, Mohammed Bin Rashid City,Apartment,Sale,Unfurnished,Ready,Q3 2026,Burj Crown
1500000.0,1.0,1.0,495.0, UAE, Dubai, Sobha Hartland,Apartment,Sale,Unfurnished,Ready,Q3 2026,Burj Crown
3100000.0,1.0,2.0,935.0, UAE, Dubai, Business Bay,Apartment,Sale,Furnished,Off-Plan,Q4 2026,Al Habtoor Tower
4700000.0,2.0,3.0,1474.0, UAE, Dubai, Dubai Marina,Apartment,Sale,Unfurnished,Ready,Q4 2026,Al Habtoor Tower
729148.0,1.0,2.0,1039.0, UAE, Dubai, International City,Apartment,Sale,Unfurnished,Ready,Q4 2026,Al Habtoor Tower
1085000.0,1.0,1.0,808.0, UAE, Dubai, Majan,Apartment,Sale,Unfurnished,Ready,Q3 2026,Paradise View 1
5300000.0,3.0,3.0,3430.0, UAE, Dubai, Dubai Islands,Townhouse,Sale,Unfurnished,Off-Plan,Q2 2027,Bay Villas
1260000.0,2.0,3.0,1068.0, UAE, Dubai, Dubai Sports City,Apartment,Sale,Furnished,Ready,Q2 2027,Bay Villas
981498.0,2.0,1.0,424.0, UAE, Dubai, Jumeirah Village Circle (JVC),Apartment,Sale,Unfurnished,Off-Plan,Q4 2024,Dusk by Binghatti
1534044.0,2.0,2.0,1262.0, UAE, Dubai, Majan,Apartment,Sale,Unfurnished,Off-Plan,Q1 2027,Jade Tower
26200000.0,5.0,6.0,9918.0, UAE, Dubai, Tilal Al Ghaf,Villa,Sale,Unfurnished,Off-Plan,Q1 2025,Elysian Mansions
3250000.0,2.0,2.0,1095.0, UAE, Dubai, Dubai Creek Harbour,Apartment,Sale,Furnished,Ready,Q1 2025,Palace Residences
1900000.0,4.0,5.0,2780.0, UAE, Dubai, Dubai Investment Park (DIP),Villa,Sale,Unfurnished,Off-Plan,Q4 2025,Verdana
850000.0,2.0,1.0,414.0, UAE, Dubai, Jumeirah Village Circle (JVC),Apartment,Sale,Unfurnished,Ready,Q4 2025,Verdana
1050000.0,1.0,2.0,689.0, UAE, Dubai, Jumeirah Village Triangle (JVT),Apartment,Sale,Furnished,Ready,Q4 2025,Verdana
6862888.0,4.0,7.0,5581.0, UAE, Dubai, The Valley by Emaar,Villa,Sale,Unfurnished,Off-Plan,Q4 2028,Farm Grove
2450000.0,1.0,2.0,774.0, UAE, Dubai, Downtown Dubai,Apartment,Sale,Furnished,Ready,Q4 2028,Vida Residence Downtown
850000.0,1.0,2.0,539.0, UAE, Dubai, Barsha Heights (Tecom),Apartment,Sale,Furnished,Ready,Q4 2028,First Central Hotel Suites
2037888.0,1.0,2.0,758.0, UAE, Dubai,Dubai Marina,Apartment,Sale,Furnished,Off-Plan,Q4 2027,Vanguard by Frank Muller
510000.0,2.0,1.0,527.0, UAE, Dubai, Discovery Gardens,Apartment,Sale,Unfurnished,Ready,Q4 2027,Vanguard by Frank Muller
1780000.0,3.0,4.0,2013.0, UAE, Dubai, International City,Townhouse,Sale,Unfurnished,Ready,Q4 2027,Vanguard by Frank Muller
1150000.0,2.0,3.0,1114.0, UAE, Dubai, Jumeirah Village Circle (JVC),Apartment,Sale,Unfurnished,Ready,Q4 2027,Vanguard by Frank Muller
2190000.0,2.0,3.0,1068.0, UAE, Dubai, Business Bay,Apartment,Sale,Furnished,Ready,Q4 2027,DAMAC Maison Majestine
2600000.0,1.0,1.0,762.0, UAE, Dubai, Za'abeel,Apartment,Sale,Unfurnished,Off-Plan,Q3 2029,Address Residences Zabeel Tower 2
2308000.0,1.0,2.0,749.0, UAE, Dubai, Business Bay,Apartment,Sale,Furnished,Off-Plan,Q4 2029,Bayz 102 by Danube
1450000.0,2.0,1.0,405.0, UAE, Dubai, Business Bay,Apartment,Sale,Furnished,Off-Plan,Q4 2029,Bayz 102 by Danube
1573000.0,2.0,1.0,446.0, UAE, Dubai, Business Bay,Apartment,Sale,Furnished,Off-Plan,Q4 2029,Bayz 102 by Danube
4250000.0,2.0,2.0,1283.0, UAE, Dubai, Al Wasl,Apartment,Sale,Unfurnished,Off-Plan,Q4 2026,Central Park Plaza Tower B
1517000.0,2.0,1.0,405.0, UAE, Dubai, Business Bay,Apartment,Sale,Furnished,Off-Plan,Q4 2029,Bayz 102 by Danube
2306000.0,1.0,2.0,745.0, UAE, Dubai, Business Bay,Apartment,Sale,Furnished,Off-Plan,Q4 2029,Bayz 102 by Danube
3120000.0,2.0,3.0,1695.0, UAE, Dubai, The Springs,Villa,Sale,Unfurnished,Ready,Q4 2029,The Springs 4
30000000.0,9.0,11.0,15000.0, UAE, Dubai, Al Barsha,Villa,Sale,Unfurnished,Ready,Q4 2029,Al Barsha 2
4188800.0,1.0,2.0,1168.0, UAE, Dubai, Palm Jumeirah,Apartment,Sale,Furnished,Off-Plan,Q4 2026,Palm Beach Towers 3
1627760.0,1.0,2.0,725.0, UAE, Dubai, Ras Al Khor,Apartment,Sale,Unfurnished,Off-Plan,Q4 2026,Sobha One Tower A
1050000.0,1.0,2.0,722.0, UAE, Dubai, Dubai Marina,Apartment,Sale,Unfurnished,Ready,Q4 2026,Manchester Tower
1315000.0,2.0,2.0,754.0, UAE, Dubai, Dubai Silicon Oasis (DSO),Apartment,Sale,Furnished,Off-Plan,Q4 2027,Oasiz 2 by Danube
679000.0,2.0,1.0,473.0, UAE, Dubai, DAMAC Hills,Apartment,Sale,Furnished,Ready,Q4 2027,Oasiz 2 by Danube
3175000.0,3.0,3.0,1882.0, UAE, Dubai, Jumeirah Beach Residence (JBR),Apartment,Sale,Unfurnished,Ready,Q4 2027,Oasiz 2 by Danube
2550000.0,3.0,3.0,1610.0, UAE, Dubai, Arabian Ranches 3,Townhouse,Sale,Unfurnished,Off-Plan,Q4 2026,Anya
5350000.0,2.0,3.0,1716.0, UAE, Dubai, Downtown Dubai,Apartment,Sale,Unfurnished,Ready,Q4 2029,Burj Khalifa
7800000.0,6.0,7.0,4844.0, UAE, Dubai, DAMAC Lagoons,Villa,Sale,Unfurnished,Off-Plan,Q3 2025,Venice
2290000.0,1.0,2.0,750.0, UAE, Dubai, Business Bay,Apartment,Sale,Furnished,Off-Plan,Q4 2029,Bayz 102 by Danube
1860000.0,3.0,4.0,1575.0, UAE, Dubai, Jumeirah Village Circle (JVC),Apartment,Sale,Furnished,Off-Plan,Q3 2027,Legado by Prescott
3110888.0,2.0,2.0,1295.0, UAE, Dubai, Mina Rashid,Apartment,Sale,Unfurnished,Off-Plan,Q4 2028,Marina Place 2
3565500.0,2.0,3.0,1935.0, UAE, Dubai, Sobha Hartland,Apartment,Sale,Unfurnished,Off-Plan,Q2 2026,Sobha Crest Grande
6900000.0,1.0,2.0,856.0, UAE, Dubai, Za'abeel,Apartment,Sale,Furnished,Ready,Q2 2026,Sobha Crest Grande
680000.0,2.0,1.0,415.0, UAE, Dubai,Jumeirah Lake Towers (JLT),Apartment,Sale,Unfurnished,Off-Plan,Q4 2025,Golf Views Seven City
933529.0,2.0,1.0,440.0, UAE, Dubai, Jumeirah Village Circle (JVC),Apartment,Sale,Unfurnished,Off-Plan,Q1 2028,One Sky Park by IMAN
2500000.0,1.0,2.0,736.0, UAE, Dubai, Za'abeel,Apartment,Sale,Furnished,Off-Plan,Q3 2029,Address Residences Zabeel Tower 3
620000.0,2.0,1.0,423.0, UAE, Dubai, Arjan,Apartment,Sale,Furnished,Ready,Q4 2029,Jewelz by Danube
5300000.0,4.0,4.0,2634.0, UAE, Dubai, Dubailand,Villa,Sale,Unfurnished,Ready,Q4 2029,Cherrywoods
670000.0,2.0,1.0,335.0, UAE, Dubai, Jumeirah Village Circle (JVC),Apartment,Sale,Unfurnished,Off-Plan,Q3 2025,Dusit Princess Rijas
1500000.0,1.0,1.0,766.0, UAE, Dubai, City of Arabia,Apartment,Sale,Unfurnished,Off-Plan,Q1 2026,MAG 330
2050000.0,2.0,2.0,1425.0, UAE, Dubai, Living Legends,Townhouse,Sale,Unfurnished,Ready,Q1 2026,Maya Townhouses
2550000.0,1.0,2.0,1157.0, UAE, Dubai, Palm Jumeirah,Apartment,Sale,Furnished,Ready,Q1 2026,Maya Townhouses
2990000.0,2.0,2.0,1218.0, UAE, Dubai, Business Bay,Apartment,Sale,Furnished,Off-Plan,Q4 2029,Bayz 102 by Danube
3100000.0,3.0,3.0,1611.0, UAE, Dubai, Dubai Hills Estate,Apartment,Sale,Unfurnished,Ready,Q4 2029,Bayz 102 by Danube
1899999.0,2.0,1.0,747.0, UAE, Dubai, Dubai Hills Estate,Apartment,Sale,Furnished,Ready,Q4 2029,Golfville
1700000.0,1.0,1.0,573.0, UAE, Dubai, Business Bay,Apartment,Sale,Unfurnished,Off-Plan,Q4 2026,The EDGE Tower A
799000.0,2.0,1.0,415.0, UAE, Dubai,Jumeirah Lake Towers (JLT),Apartment,Sale,Unfurnished,Off-Plan,Q4 2025,Golf Views Seven City
5100000.0,4.0,5.0,4218.0, UAE, Dubai, Jumeirah Village Circle (JVC),Townhouse,Sale,Unfurnished,Ready,Q4 2025,Golf Views Seven City
1000000.0,1.0,2.0,647.0, UAE, Dubai, Jumeirah Village Circle (JVC),Apartment,Sale,Furnished,Ready,Q4 2025,Golf Views Seven City
2500000.0,2.0,3.0,1300.0, UAE, Dubai, Barsha Heights (Tecom),Apartment,Sale,Furnished,Ready,Q4 2025,Madison Residency
1786888.0,2.0,3.0,1527.0, UAE, Dubai, Dubai Sports City,Apartment,Sale,Unfurnished,Off-Plan,Q4 2027,The Community - Sports Arena
1150000.0,1.0,2.0,953.0, UAE, Dubai, Jumeirah Village Circle (JVC),Apartment,Sale,Unfurnished,Ready,Q4 2026,Palm Beach Towers 3
1650000.0,1.0,1.0,727.0, UAE, Dubai, Dubai Hills Estate,Apartment,Sale,Unfurnished,Off-Plan,Q1 2028,Club Drive Tower A
729148.0,1.0,2.0,1039.0, UAE, Dubai, International City,Apartment,Sale,Unfurnished,Ready,Q1 2027,DAMAC BAY
2450000.0,1.0,2.0,774.0, UAE, Dubai, Downtown Dubai,Apartment,Sale,Furnished,Ready,Q3 2026,Vida Residence Downtown
2600000.0,2.0,2.0,1276.0, UAE, Dubai, Jumeirah Beach Residence (JBR),Apartment,Sale,Furnished,Ready,Q3 2026,Vida Residence Downtown
3230000.0,3.0,3.0,2385.0, UAE, Dubai, Reem,Villa,Sale,Unfurnished,Ready,Q4 2024,Dusk by Binghatti
5600000.0,2.0,3.0,1483.0, UAE, Dubai, Bluewaters Island,Apartment,Sale,Unfurnished,Ready,Q4 2027,Vanguard by Frank Muller
5875000.0,1.0,2.0,1118.0, UAE, Dubai, Bluewaters Island,Apartment,Sale,Furnished,Ready,Q4 2027,The Community - Sports Arena
4793741.0,2.0,3.0,1385.0, UAE, Dubai,Al Wasl,Apartment,Sale,Unfurnished,Off-Plan,Q1 2027,Eden House The Park Building A
2399777.0,3.0,4.0,1750.0, UAE, Dubai, Al Furjan,Apartment,Sale,Unfurnished,Off-Plan,Q3 2026,Evora Residence
1864777.0,2.0,3.0,1323.0, UAE, Dubai, Al Furjan,Apartment,Sale,Unfurnished,Off-Plan,Q3 2026,Evora Residence
2450000.0,2.0,4.0,1362.0, UAE, Dubai, DIFC,Apartment,Sale,Unfurnished,Ready,Q3 2026,Evora Residence
1450000.0,2.0,3.0,996.0, UAE, Dubai, Jumeirah Village Circle (JVC),Apartment,Sale,Unfurnished,Ready,Q3 2026,Evora Residence
5100000.0,2.0,3.0,1743.0, UAE, Dubai, DIFC,Apartment,Sale,Furnished,Ready,Q3 2026,Index Tower
2000000.0,1.0,2.0,987.0, UAE, Dubai, Business Bay,Apartment,Sale,Unfurnished,Ready,Q3 2026,Ahad Residences
925000.0,2.0,1.0,885.0, UAE, Dubai, Business Bay,Apartment,Sale,Furnished,Ready,Q3 2026,Park Central
1900000.0,2.0,2.0,1419.0, UAE, Dubai, Business Bay,Apartment,Sale,Furnished,Ready,Q3 2026,The Cosmopolitan (Damac Maison)
877421.0,1.0,2.0,1032.0, UAE, Dubai, Al Quoz,Apartment,Sale,Unfurnished,Ready,Q3 2026,The Cosmopolitan (Damac Maison)
1570000.0,1.0,2.0,615.0, UAE, Dubai, Meydan City,Apartment,Sale,Unfurnished,Off-Plan,Q1 2025,Azizi Riviera 59 
1499000.0,1.0,1.0,914.0, UAE, Dubai, Dubailand,Apartment,Sale,Unfurnished,Off-Plan,Q2 2028,Pine
1260000.0,1.0,2.0,864.0, UAE, Dubai, Jumeirah Village Circle (JVC),Apartment,Sale,Unfurnished,Ready,Q2 2028,Pine
1572000.0,2.0,3.0,1606.0, UAE, Dubai, Dubai Production City (IMPZ),Apartment,Sale,Unfurnished,Off-Plan,Q2 2028,Samana Resorts
1099888.0,2.0,1.0,389.0, UAE, Dubai, Business Bay,Apartment,Sale,Unfurnished,Off-Plan,Q3 2024,Peninsula Two
3700000.0,4.0,5.0,2687.0, UAE, Dubai, Arabian Ranches 3,Villa,Sale,Unfurnished,Off-Plan,Q2 2026,Raya
6500000.0,2.0,3.0,1648.0, UAE, Dubai, Downtown Dubai,Apartment,Sale,Furnished,Ready,Q2 2026,Opera Grand
1300000.0,1.0,2.0,827.0, UAE, Dubai, Jumeirah Village Circle (JVC),Apartment,Sale,Unfurnished,Ready,Q2 2026,Opera Grand
1132777.0,1.0,1.0,731.0, UAE, Dubai, Arjan,Apartment,Sale,Unfurnished,Off-Plan,Q4 2027,Bond Enclave
2800000.0,2.0,3.0,1065.0, UAE, Dubai, Dubai Marina,Apartment,Sale,Unfurnished,Off-Plan,Q2 2027,Aeternitas Tower
1562000.0,2.0,3.0,1606.0, UAE, Dubai, Dubai Production City (IMPZ),Apartment,Sale,Unfurnished,Off-Plan,Q2 2028,Samana Resorts
7500000.0,6.0,7.0,8766.0, UAE, Dubai, DAMAC Lagoons,Villa,Sale,Furnished,Off-Plan,Q3 2025,Venice
4200000.0,5.0,5.0,2404.0, UAE, Dubai, DAMAC Lagoons,Villa,Sale,Unfurnished,Off-Plan,Q4 2025,Mykonos
1159000.0,1.0,2.0,984.0, UAE, Dubai, Dubai Production City (IMPZ),Apartment,Sale,Unfurnished,Off-Plan,Q2 2028,Samana Resorts
1550000.0,2.0,2.0,1612.0, UAE, Dubai, Dubai Sports City,Apartment,Sale,Unfurnished,Ready,Q2 2028,Samana Resorts
14500000.0,4.0,4.0,4170.0, UAE, Dubai, The Meadows,Villa,Sale,Unfurnished,Ready,Q2 2028,The Meadows 5
1459644.0,1.0,2.0,893.0, UAE, Dubai, Jumeirah Village Circle (JVC),Apartment,Sale,Furnished,Off-Plan,Q2 2027,Electra
1842888.0,2.0,3.0,1498.0, UAE, Dubai, Dubai Sports City,Apartment,Sale,Unfurnished,Off-Plan,Q4 2027,The Community - Sports Arena
2400000.0,1.0,1.0,1121.0, UAE, Dubai, Business Bay,Apartment,Sale,Furnished,Ready,Q4 2027,SLS Dubai Hotel & Residences
850000.0,1.0,1.0,490.0, UAE, Dubai, Jumeirah Village Circle (JVC),Apartment,Sale,Unfurnished,Off-Plan,Q4 2024,Binghatti Tulip
9950000.0,5.0,6.0,3920.0, UAE, Dubai, Dubai Marina,Penthouse,Sale,Furnished,Ready,Q4 2024,Botanica Tower
1750000.0,1.0,2.0,715.0, UAE, Dubai, Bukadra,Apartment,Sale,Unfurnished,Off-Plan,Q2 2027,330 Riverside Crescent
2050000.0,1.0,1.0,767.0, UAE, Dubai, Downtown Dubai,Apartment,Sale,Furnished,Ready,Q2 2027,330 Riverside Crescent
510000.0,2.0,1.0,527.0, UAE, Dubai, Discovery Gardens,Apartment,Sale,Unfurnished,Ready,Q1 2027,Jade Tower
1780000.0,3.0,4.0,2013.0, UAE, Dubai, International City,Townhouse,Sale,Unfurnished,Ready,Q1 2027,Jade Tower
1150000.0,2.0,3.0,1114.0, UAE, Dubai, Jumeirah Village Circle (JVC),Apartment,Sale,Unfurnished,Ready,Q1 2027,Jade Tower
2190000.0,2.0,3.0,1068.0, UAE, Dubai, Business Bay,Apartment,Sale,Furnished,Ready,Q1 2027,DAMAC Maison Majestine
3120000.0,2.0,3.0,1695.0, UAE, Dubai, The Springs,Villa,Sale,Unfurnished,Ready,Q1 2025,The Springs 4
30000000.0,9.0,11.0,15000.0, UAE, Dubai, Al Barsha,Villa,Sale,Unfurnished,Ready,Q1 2025,Al Barsha 2
5350000.0,2.0,3.0,1716.0, UAE, Dubai, Downtown Dubai,Apartment,Sale,Unfurnished,Ready,Q4 2026,Burj Khalifa
3250000.0,2.0,2.0,1095.0, UAE, Dubai, Dubai Creek Harbour,Apartment,Sale,Furnished,Ready,Q2 2026,Palace Residences
6900000.0,1.0,2.0,856.0, UAE, Dubai, Za'abeel,Apartment,Sale,Furnished,Ready,Q2 2026,Palace Residences
620000.0,2.0,1.0,423.0, UAE, Dubai, Arjan,Apartment,Sale,Furnished,Ready,Q3 2029,Jewelz by Danube
1150000.0,1.0,2.0,953.0, UAE, Dubai, Jumeirah Village Circle (JVC),Apartment,Sale,Unfurnished,Ready,Q4 2027,Vanguard by Frank Muller
5350000.0,2.0,3.0,1716.0, UAE, Dubai, Downtown Dubai,Apartment,Sale,Unfurnished,Ready,Q4 2027,Burj Khalifa
5300000.0,4.0,4.0,2634.0, UAE, Dubai, Dubailand,Villa,Sale,Unfurnished,Ready,Q3 2029,Cherrywoods
2400000.0,1.0,1.0,1121.0, UAE, Dubai, Business Bay,Apartment,Sale,Furnished,Ready,Q4 2029,SLS Dubai Hotel & Residences
710000.0,2.0,1.0,340.0, UAE, Dubai, Jumeirah Village Circle (JVC),Apartment,Sale,Unfurnished,Off-Plan,Q4 2024,Binghatti Azure
995000.0,1.0,1.0,685.0, UAE, Dubai, Business Bay,Apartment,Sale,Furnished,Ready,Q4 2024,Binghatti Azure
5700000.0,2.0,3.0,1317.0, UAE, Dubai, Dubai Harbour,Apartment,Sale,Unfurnished,Ready,Q4 2024,Binghatti Azure
630000.0,2.0,1.0,400.0, UAE, Dubai, Arjan,Apartment,Sale,Unfurnished,Ready,Q4 2024,Beverly Boulevard
975643.0,2.0,1.0,536.0, UAE, Dubai, Jumeirah Village Circle (JVC),Apartment,Sale,Furnished,Off-Plan,Q3 2025,Dusit Princess Rijas
1080000.0,1.0,1.0,490.0, UAE, Dubai, Sobha Hartland,Apartment,Sale,Unfurnished,Ready,Q3 2025,Dusit Princess Rijas
505000.0,2.0,1.0,338.0, UAE, Dubai, Dubai Sports City,Apartment,Sale,Unfurnished,Ready,Q3 2025,Hera Tower
18000000.0,5.0,6.0,8155.0, UAE, Dubai, Tilal Al Ghaf,Villa,Sale,Unfurnished,Off-Plan,Q3 2026,Alaya
10000000.0,5.0,6.0,4477.0, UAE, Dubai, Tilal Al Ghaf,Villa,Sale,Unfurnished,Ready,Q3 2026,Alaya
1150000.0,2.0,1.0,450.0, UAE, Dubai, Business Bay,Apartment,Sale,Unfurnished,Off-Plan,Q3 2025,Chic Tower
2800000.0,2.0,2.0,1308.0, UAE, Dubai, Business Bay,Apartment,Sale,Unfurnished,Off-Plan,Q1 2026,Royal Regency
11000000.0,4.0,5.0,5861.0, UAE, Dubai, Tilal Al Ghaf,Villa,Sale,Unfurnished,Off-Plan,Q3 2026,Alaya
47999999.0,6.0,6.0,13692.0, UAE, Dubai, Dubai Hills Estate,Villa,Sale,Unfurnished,Off-Plan,Q4 2024,Majestic Vistas
8749999.0,3.0,4.0,2018.0, UAE, Dubai, Downtown Dubai,Apartment,Sale,Furnished,Ready,Q4 2024,Majestic Vistas
11500000.0,4.0,5.0,5992.0, UAE, Dubai, Tilal Al Ghaf,Villa,Sale,Unfurnished,Off-Plan,Q3 2026,Alaya
820000.0,1.0,2.0,806.0, UAE, Dubai, Dubai Silicon Oasis (DSO),Apartment,Sale,Unfurnished,Ready,Q3 2026,Axis Silver 1
860000.0,2.0,1.0,527.0, UAE, Dubai, Dubai Land Residence Complex,Apartment,Sale,Furnished,Off-Plan,Q3 2027,Samana Park Meadows
2200000.0,1.0,2.0,889.0, UAE, Dubai, Sobha Hartland,Apartment,Sale,Furnished,Ready,Q3 2027,Samana Park Meadows
9950000.0,5.0,6.0,3920.0, UAE, Dubai, Dubai Marina,Penthouse,Sale,Furnished,Ready,Q3 2027,Botanica Tower
925000.0,2.0,1.0,885.0, UAE, Dubai, Business Bay,Apartment,Sale,Furnished,Ready,Q2 2027,Park Central
1900000.0,2.0,2.0,1419.0, UAE, Dubai, Business Bay,Apartment,Sale,Furnished,Ready,Q2 2027,The Cosmopolitan (Damac Maison)
877421.0,1.0,2.0,1032.0, UAE, Dubai, Al Quoz,Apartment,Sale,Unfurnished,Ready,Q2 2027,The Cosmopolitan (Damac Maison)
2050000.0,1.0,1.0,767.0, UAE, Dubai, Downtown Dubai,Apartment,Sale,Furnished,Ready,Q2 2026,Opera Grand
1600000.0,3.0,4.0,1979.0, UAE, Dubai, DAMAC Hills 2 (Akoya by DAMAC),Townhouse,Sale,Unfurnished,Ready,Q2 2027,Victoria
860000.0,1.0,1.0,627.0, UAE, Dubai, Dubai Sports City,Apartment,Sale,Furnished,Ready,Q2 2027,Hera Tower
1150000.0,1.0,1.0,785.0, UAE, Dubai, Business Bay,Apartment,Sale,Furnished,Ready,Q1 2027,The Cosmopolitan (Damac Maison)
620000.0,2.0,1.0,524.0, UAE, Dubai, Jumeirah Village Triangle (JVT),Apartment,Sale,Unfurnished,Ready,Q1 2027,The Cosmopolitan (Damac Maison)
4200000.0,1.0,2.0,839.0, UAE, Dubai, Downtown Dubai,Apartment,Sale,Furnished,Ready,Q1 2027,The Cosmopolitan (Damac Maison)
600000.0,1.0,1.0,478.0, UAE, Dubai, Dubai South,Apartment,Sale,Unfurnished,Ready,Q1 2027,The Cosmopolitan (Damac Maison)
901968.0,1.0,2.0,752.0, UAE, Dubai, Jumeirah Village Circle (JVC),Apartment,Sale,Unfurnished,Ready,Q1 2027,The Cosmopolitan (Damac Maison)
5100000.0,4.0,5.0,4218.0, UAE, Dubai, Jumeirah Village Circle (JVC),Townhouse,Sale,Unfurnished,Ready,Q3 2027,Legado by Prescott
1000000.0,1.0,2.0,647.0, UAE, Dubai, Jumeirah Village Circle (JVC),Apartment,Sale,Furnished,Ready,Q3 2027,Legado by Prescott
2500000.0,2.0,3.0,1300.0, UAE, Dubai, Barsha Heights (Tecom),Apartment,Sale,Furnished,Ready,Q3 2027,Madison Residency
9950000.0,5.0,6.0,3920.0, UAE, Dubai, Dubai Marina,Penthouse,Sale,Furnished,Ready,Q4 2028,Botanica Tower
1150000.0,1.0,1.0,785.0, UAE, Dubai, Business Bay,Apartment,Sale,Furnished,Ready,Q2 2027,The Cosmopolitan (Damac Maison)
620000.0,2.0,1.0,524.0, UAE, Dubai, Jumeirah Village Triangle (JVT),Apartment,Sale,Unfurnished,Ready,Q2 2027,The Cosmopolitan (Damac Maison)
4200000.0,1.0,2.0,839.0, UAE, Dubai, Downtown Dubai,Apartment,Sale,Furnished,Ready,Q2 2027,The Cosmopolitan (Damac Maison)
2450000.0,2.0,4.0,1362.0, UAE, Dubai, DIFC,Apartment,Sale,Unfurnished,Ready,Q2 2027,The Cosmopolitan (Damac Maison)
600000.0,1.0,1.0,478.0, UAE, Dubai, Dubai South,Apartment,Sale,Unfurnished,Ready,Q2 2027,The Cosmopolitan (Damac Maison)
901968.0,1.0,2.0,752.0, UAE, Dubai, Jumeirah Village Circle (JVC),Apartment,Sale,Unfurnished,Ready,Q2 2027,The Cosmopolitan (Damac Maison)
560000.0,2.0,1.0,338.0, UAE, Dubai, Dubai Sports City,Apartment,Sale,Furnished,Ready,Q2 2027,Hera Tower
2800000.0,2.0,3.0,1180.0, UAE, Dubai, Dubai Maritime City,Apartment,Sale,Unfurnished,Off-Plan,Q4 2026,Mar Casa
1298000.0,2.0,3.0,1178.0, UAE, Dubai, Dubai Sports City,Apartment,Sale,Furnished,Ready,Q4 2026,Hera Tower
1450000.0,2.0,3.0,996.0, UAE, Dubai, Jumeirah Village Circle (JVC),Apartment,Sale,Unfurnished,Ready,Q4 2026,Hera Tower
5100000.0,2.0,3.0,1743.0, UAE, Dubai, DIFC,Apartment,Sale,Furnished,Ready,Q4 2026,Index Tower
2000000.0,1.0,2.0,987.0, UAE, Dubai, Business Bay,Apartment,Sale,Unfurnished,Ready,Q4 2026,Ahad Residences
925000.0,2.0,1.0,885.0, UAE, Dubai, Business Bay,Apartment,Sale,Furnished,Ready,Q4 2026,Park Central
1900000.0,2.0,2.0,1419.0, UAE, Dubai, Business Bay,Apartment,Sale,Furnished,Ready,Q4 2026,The Cosmopolitan (Damac Maison)
877421.0,1.0,2.0,1032.0, UAE, Dubai, Al Quoz,Apartment,Sale,Unfurnished,Ready,Q4 2026,The Cosmopolitan (Damac Maison)
4200000.0,1.0,2.0,839.0, UAE, Dubai, Downtown Dubai,Apartment,Sale,Furnished,Ready,Q4 2026,The Cosmopolitan (Damac Maison)
600000.0,1.0,1.0,478.0, UAE, Dubai, Dubai South,Apartment,Sale,Unfurnished,Ready,Q4 2026,The Cosmopolitan (Damac Maison)
1800000.0,1.0,2.0,627.0, UAE, Dubai, Business Bay,Apartment,Sale,Furnished,Off-Plan,Q2 2024,Mama Shelter (Luxury Family Residences II)
4000000.0,3.0,4.0,2433.0, UAE, Dubai, Green Community,Apartment,Sale,Unfurnished,Ready,Q2 2024,Garden East Apartments
1109000.0,1.0,2.0,932.0, UAE, Dubai, Dubai Production City (IMPZ),Apartment,Sale,Unfurnished,Off-Plan,Q2 2028,Samana Resorts
650000.0,1.0,1.0,431.0, UAE, Dubai, DAMAC Hills,Apartment,Sale,Furnished,Ready,Q2 2028,Samana Resorts
3750000.0,3.0,5.0,2952.0, UAE, Dubai, Dubai South,Villa,Sale,Unfurnished,Off-Plan,Q4 2027,Samana Resorts
2000000.0,2.0,3.0,1626.0, UAE, Dubai, Business Bay,Apartment,Sale,Furnished,Ready,Q4 2027,The Cosmopolitan (Damac Maison)
900000.0,2.0,1.0,507.0, UAE, Dubai, Business Bay,Apartment,Sale,Furnished,Ready,Q4 2027,The Cosmopolitan (Damac Maison)
1150000.0,1.0,2.0,828.0, UAE, Dubai, Jumeirah Lake Towers (JLT),Apartment,Sale,Unfurnished,Ready,Q4 2027,The Cosmopolitan (Damac Maison)
718000.0,2.0,1.0,436.0, UAE, Dubai, Dubai Production City (IMPZ),Apartment,Sale,Unfurnished,Off-Plan,Q2 2028,Samana Resorts
850000.0,2.0,2.0,1094.0, UAE, Dubai, Dubai Land Residence Complex,Apartment,Sale,Unfurnished,Ready,Q2 2028,Samana Resorts
901968.0,1.0,2.0,752.0, UAE, Dubai, Jumeirah Village Circle (JVC),Apartment,Sale,Unfurnished,Ready,Q2 2028,Samana Resorts
3247000.0,2.0,2.0,1499.0, UAE, Dubai, Jumeirah Lake Towers (JLT),Apartment,Sale,Furnished,Off-Plan,Q4 2028,W Residences
1650000.0,1.0,2.0,801.0, UAE, Dubai, Dubai Marina,Apartment,Sale,Unfurnished,Ready,Q4 2028,Elite Residence
1800000.0,2.0,2.0,1106.0, UAE, Dubai, Jumeirah Village Circle (JVC),Apartment,Sale,Unfurnished,Ready,Q4 2028,Elite Residence
1020000.0,1.0,1.0,670.0, UAE, Dubai, Jumeirah Village Circle (JVC),Apartment,Sale,Unfurnished,Ready,Q4 2028,Elite Residence
1998000.0,3.0,4.0,1555.0, UAE, Dubai, Jumeirah Village Circle (JVC),Apartment,Sale,Furnished,Off-Plan,Q3 2027,Legado by Prescott
3100000.0,4.0,5.0,1574.0, UAE, Dubai, Dubai Investment Park (DIP),Townhouse,Sale,Unfurnished,Off-Plan,Q4 2027,Legado by Prescott
1514700.0,2.0,3.0,1028.0, UAE, Dubai, Jumeirah Village Triangle (JVT),Apartment,Sale,Furnished,Off-Plan,Q1 2027,Treppan Tower
1700000.0,2.0,3.0,1153.0, UAE, Dubai, Jumeirah Lake Towers (JLT),Apartment,Sale,Unfurnished,Ready,Q1 2027,Treppan Tower
1350000.0,1.0,2.0,684.0, UAE, Dubai, Jumeirah Lake Towers (JLT),Apartment,Sale,Unfurnished,Ready,Q1 2027,Treppan Tower
1180417.0,1.0,2.0,792.0, UAE, Dubai, Al Furjan,Apartment,Sale,Unfurnished,Off-Plan,Q4 2027,Reef 999
560000.0,2.0,1.0,338.0, UAE, Dubai, Dubai Sports City,Apartment,Sale,Furnished,Ready,Q4 2027,Hera Tower
2133800.0,1.0,2.0,756.0, UAE, Dubai, Al Sufouh,Apartment,Sale,Unfurnished,Off-Plan,Q1 2026,Biltmore Sufouh
3882000.0,5.0,6.0,3324.0, UAE, Dubai, Dubailand,Townhouse,Sale,Unfurnished,Off-Plan,Q1 2028,DAMAC Sun City
1116971.0,2.0,3.0,1116.0, UAE, Dubai, Dubai Investment Park (DIP),Apartment,Sale,Unfurnished,Off-Plan,Q1 2026,Olivia Residences
1515993.0,2.0,3.0,827.0, UAE, Dubai, Culture Village (Jaddaf Waterfront),Apartment,Sale,Unfurnished,Off-Plan,Q4 2026,La Boutique by LMD
1470000.0,2.0,2.0,1368.0, UAE, Dubai, Dubai Sports City,Apartment,Sale,Furnished,Off-Plan,Q3 2026,Fairway Residences by Prescott
982750.0,2.0,1.0,518.0, UAE, Dubai, Jumeirah Village Circle (JVC),Apartment,Sale,Furnished,Off-Plan,Q2 2027,Electra
2250000.0,1.0,1.0,970.0, UAE, Dubai, Dubai Marina,Apartment,Sale,Unfurnished,Off-Plan,Q4 2029,Marina Cove
900000.0,1.0,1.0,617.0, UAE, Dubai, Town Square,Apartment,Sale,Unfurnished,Off-Plan,Q3 2026,Symphony on the Park
1600000.0,1.0,1.0,980.0, UAE, Dubai, Jumeirah Village Circle (JVC),Apartment,Sale,Unfurnished,Ready,Q3 2026,Symphony on the Park
1300000.0,1.0,2.0,827.0, UAE, Dubai, Jumeirah Village Circle (JVC),Apartment,Sale,Unfurnished,Ready,Q3 2026,Park Central
877421.0,1.0,2.0,1032.0, UAE, Dubai, Al Quoz,Apartment,Sale,Unfurnished,Ready,Q2 2027,Electra
1350000.0,1.0,2.0,684.0, UAE, Dubai, Jumeirah Lake Towers (JLT),Apartment,Sale,Unfurnished,Ready,Q2 2028,Samana Resorts
8100000.0,5.0,6.0,6136.0, UAE, Dubai, Al Furjan,Villa,Sale,Unfurnished,Ready,Q3 2026,Murooj Al Furjan
1250000.0,2.0,3.0,888.0, UAE, Dubai, Jumeirah Lake Towers (JLT),Apartment,Sale,Unfurnished,Ready,Q3 2026,Murooj Al Furjan
849999.0,1.0,1.0,568.0, UAE, Dubai, Arjan,Apartment,Sale,Furnished,Off-Plan,Q2 2025,Skyz by Danube
1957000.0,1.0,2.0,867.0, UAE, Dubai, Dubai Islands,Apartment,Sale,Unfurnished,Off-Plan,Q2 2028,Bay Grove Residences C Building 11
3965000.0,5.0,6.0,3324.0, UAE, Dubai, Dubailand,Villa,Sale,Unfurnished,Off-Plan,Q1 2028,DAMAC Sun City
2300000.0,1.0,1.0,738.0, UAE, Dubai, Umm Suqeim,Apartment,Sale,Unfurnished,Off-Plan,Q4 2024,Al Jazi Building 4
3833000.0,5.0,6.0,3324.0, UAE, Dubai, Dubailand,Townhouse,Sale,Unfurnished,Off-Plan,Q1 2028,DAMAC Sun City
3800000.0,2.0,3.0,1336.0, UAE, Dubai, Downtown Dubai,Apartment,Sale,Unfurnished,Ready,Q1 2028,DAMAC Sun City
3812000.0,5.0,6.0,3324.0, UAE, Dubai, Dubailand,Townhouse,Sale,Unfurnished,Off-Plan,Q1 2028,DAMAC Sun City
750000.0,2.0,1.0,517.0, UAE, Dubai, Dubai Sports City,Apartment,Sale,Unfurnished,Off-Plan,Q4 2027,The Community - Sports Arena
830000.0,2.0,1.0,427.0, UAE, Dubai, Business Bay,Apartment,Sale,Furnished,Ready,Q4 2027,The Cosmopolitan (Damac Maison)
9000000.0,4.0,5.0,5619.0, UAE, Dubai, Jumeirah Park,Villa,Sale,Furnished,Ready,Q4 2027,Legacy
3823000.0,5.0,6.0,3324.0, UAE, Dubai, Dubailand,Townhouse,Sale,Unfurnished,Off-Plan,Q1 2028,DAMAC Sun City
1650000.0,1.0,2.0,801.0, UAE, Dubai, Dubai Marina,Apartment,Sale,Unfurnished,Ready,Q1 2028,Elite Residence
3550000.0,5.0,4.0,3183.0, UAE, Dubai, DAMAC Lagoons,Townhouse,Sale,Furnished,Off-Plan,Q4 2026,Morocco
1249999.0,2.0,1.0,414.0, UAE, Dubai, Dubai Hills Estate,Apartment,Sale,Furnished,Ready,Q4 2026,The Pinnacle
580000.0,2.0,1.0,354.0, UAE, Dubai, Dubai Studio City,Apartment,Sale,Unfurnished,Off-Plan,Q2 2025,Azizi Beach Oasis (Mirage 1)
6250000.0,3.0,4.0,3063.0, UAE, Dubai, Jumeirah Park,Villa,Sale,Unfurnished,Ready,Q2 2025,Regional
880000.0,2.0,1.0,482.0, UAE, Dubai, Business Bay,Apartment,Sale,Furnished,Ready,Q2 2025,The Cosmopolitan (Damac Maison)
1800000.0,2.0,2.0,1106.0, UAE, Dubai, Jumeirah Village Circle (JVC),Apartment,Sale,Unfurnished,Ready,Q2 2025,The Cosmopolitan (Damac Maison)
1020000.0,1.0,1.0,670.0, UAE, Dubai, Jumeirah Village Circle (JVC),Apartment,Sale,Unfurnished,Ready,Q2 2025,The Cosmopolitan (Damac Maison)
3800000.0,2.0,3.0,1336.0, UAE, Dubai, Downtown Dubai,Apartment,Sale,Unfurnished,Ready,Q4 2026,La Boutique by LMD
880000.0,2.0,1.0,482.0, UAE, Dubai, Business Bay,Apartment,Sale,Furnished,Ready,Q3 2026,The Cosmopolitan (Damac Maison)
900000.0,1.0,1.0,576.0, UAE, Dubai, Business Bay,Apartment,Sale,Unfurnished,Ready,Q3 2026,Mayfair Tower
1700000.0,2.0,1.0,745.0, UAE, Dubai, Dubai Hills Estate,Apartment,Sale,Unfurnished,Ready,Q3 2026,Mayfair Tower
2100000.0,1.0,1.0,691.0, UAE, Dubai, Downtown Dubai,Apartment,Sale,Furnished,Off-Plan,Q2 2026,Society House
1500000.0,1.0,1.0,655.0, UAE, Dubai, Business Bay,Apartment,Sale,Furnished,Ready,Q2 2026,Society House
2080000.0,2.0,3.0,1422.0, UAE, Dubai, Business Bay,Apartment,Sale,Furnished,Ready,Q2 2026,Society House
2150000.0,2.0,3.0,1440.0, UAE, Dubai, Business Bay,Apartment,Sale,Unfurnished,Ready,Q2 2026,Society House
11000000.0,4.0,5.0,3350.0, UAE, Dubai, Dubai Hills Estate,Villa,Sale,Unfurnished,Ready,Q2 2026,Club Villas
35000000.0,4.0,5.0,5300.0, UAE, Dubai, Downtown Dubai,Penthouse,Sale,Unfurnished,Ready,Q2 2026,IL Primo
2400000.0,4.0,4.0,1950.0, UAE, Dubai, Jumeirah Lake Towers (JLT),Apartment,Sale,Furnished,Ready,Q2 2026,IL Primo
8100000.0,5.0,6.0,6136.0, UAE, Dubai, Al Furjan,Villa,Sale,Unfurnished,Ready,Q2 2026,Murooj Al Furjan
1850000.0,1.0,2.0,1198.0, UAE, Dubai, Jumeirah Beach Residence (JBR),Apartment,Sale,Unfurnished,Ready,Q2 2026,Murooj Al Furjan
4500000.0,4.0,4.0,2744.0, UAE, Dubai, Dubai South,Townhouse,Sale,Unfurnished,Off-Plan,Q2 2026,Murooj Al Furjan
1250000.0,2.0,3.0,1377.0, UAE, Dubai, Dubai Silicon Oasis (DSO),Apartment,Sale,Unfurnished,Ready,Q2 2026,Spring Oasis
2065777.0,2.0,3.0,1420.0, UAE, Dubai, Al Furjan,Apartment,Sale,Furnished,Off-Plan,Q3 2026,Evora Residence
9800000.0,5.0,6.0,6210.0, UAE, Dubai, Green Community,Villa,Sale,Unfurnished,Ready,Q3 2026,Green Community West
1250000.0,2.0,3.0,888.0, UAE, Dubai, Jumeirah Lake Towers (JLT),Apartment,Sale,Unfurnished,Ready,Q3 2026,Green Community West
35000000.0,4.0,5.0,5300.0, UAE, Dubai, Downtown Dubai,Penthouse,Sale,Unfurnished,Ready,Q1 2028,IL Primo
2400000.0,4.0,4.0,1950.0, UAE, Dubai, Jumeirah Lake Towers (JLT),Apartment,Sale,Furnished,Ready,Q1 2028,IL Primo
1300000.0,2.0,1.0,850.0, UAE, Dubai, Business Bay,Apartment,Sale,Furnished,Ready,Q1 2028,IL Primo
4250000.0,1.0,2.0,1034.0, UAE, Dubai, DIFC,Apartment,Sale,Unfurnished,Off-Plan,Q3 2026,DIFC Living
1966777.0,2.0,3.0,1639.0, UAE, Dubai, Al Furjan,Apartment,Sale,Furnished,Off-Plan,Q3 2026,Evora Residence
7942044.0,4.0,4.0,3971.0, UAE, Dubai, Mohammed Bin Rashid City,Villa,Sale,Unfurnished,Off-Plan,Q4 2027,Evora Residence
2500000.0,2.0,2.0,1094.0, UAE, Dubai, Dubai Creek Harbour,Apartment,Sale,Unfurnished,Ready,Q4 2027,17 Icon Bay
1388000.0,2.0,1.0,457.0, UAE, Dubai, Business Bay,Apartment,Sale,Furnished,Off-Plan,Q4 2026,Canal Heights
5200000.0,3.0,3.0,1645.0, UAE, Dubai, Downtown Dubai,Apartment,Sale,Unfurnished,Ready,Q4 2026,Canal Heights
2700000.0,3.0,4.0,1393.0, UAE, Dubai, Arabian Ranches 3,Townhouse,Sale,Unfurnished,Ready,Q4 2026,Joy
1300000.0,1.0,2.0,776.0, UAE, Dubai, Jumeirah Village Circle (JVC),Apartment,Sale,Unfurnished,Ready,Q4 2026,Joy
8547000.0,1.0,1.0,780.0, UAE, Dubai, Sheikh Zayed Road,Apartment,Sale,Unfurnished,Off-Plan,Q3 2030,Burj Azizi
1850000.0,1.0,2.0,1198.0, UAE, Dubai, Jumeirah Beach Residence (JBR),Apartment,Sale,Unfurnished,Ready,Q3 2030,Burj Azizi
8677000.0,4.0,5.0,3317.0, UAE, Dubai, Dubai Marina,Apartment,Sale,Unfurnished,Off-Plan,Q2 2028,Six Senses Residences Dubai Marina
769999.0,2.0,1.0,103.0, UAE, Dubai, Dubai Marina,Apartment,Sale,Furnished,Off-Plan,Q2 2025,Ciel
1690000.0,2.0,3.0,1112.0, UAE, Dubai, Jumeirah Village Circle (JVC),Apartment,Sale,Unfurnished,Ready,Q2 2025,Ciel
1100000.0,1.0,2.0,811.0, UAE, Dubai, Jumeirah Village Circle (JVC),Apartment,Sale,Furnished,Ready,Q2 2025,Ciel
2900000.0,3.0,4.0,1791.0, UAE, Dubai, Jumeirah Golf Estates,Apartment,Sale,Unfurnished,Ready,Q2 2025,Ciel
994356.0,1.0,2.0,764.0, UAE, Dubai, Jumeirah Village Circle (JVC),Apartment,Sale,Unfurnished,Off-Plan,Q4 2025,Olivo Park Residences by Evera
2400000.0,3.0,3.0,1617.0, UAE, Dubai, Business Bay,Apartment,Sale,Furnished,Ready,Q4 2025,The Cosmopolitan (Damac Maison)
850000.0,2.0,1.0,428.0, UAE, Dubai, Business Bay,Apartment,Sale,Furnished,Ready,Q4 2025,The Cosmopolitan (Damac Maison)
2500000.0,3.0,4.0,1861.0, UAE, Dubai, Business Bay,Apartment,Sale,Furnished,Ready,Q4 2025,The Cosmopolitan (Damac Maison)
760000.0,2.0,1.0,360.0, UAE, Dubai, Business Bay,Apartment,Sale,Furnished,Ready,Q4 2025,The Cosmopolitan (Damac Maison)
4500000.0,4.0,4.0,2744.0, UAE, Dubai, Dubai South,Townhouse,Sale,Unfurnished,Off-Plan,Q2 2026,The Cosmopolitan (Damac Maison)
1411000.0,2.0,3.0,1031.0, UAE, Dubai, Dubai Investment Park (DIP),Apartment,Sale,Unfurnished,Off-Plan,Q2 2028,Marine 3
1043000.0,1.0,2.0,701.0, UAE, Dubai, Dubai Investment Park (DIP),Apartment,Sale,Unfurnished,Off-Plan,Q2 2028,Marine 3
2150000.0,2.0,3.0,1135.0, UAE, Dubai, Jumeirah Village Circle (JVC),Apartment,Sale,Unfurnished,Ready,Q2 2028,Marine 3
1250000.0,2.0,3.0,1377.0, UAE, Dubai, Dubai Silicon Oasis (DSO),Apartment,Sale,Unfurnished,Ready,Q2 2028,Spring Oasis
549000.0,2.0,1.0,450.0, UAE, Dubai, Dubai Land Residence Complex,Apartment,Sale,Furnished,Ready,Q3 2026,K1 Building
3350000.0,2.0,3.0,1799.0, UAE, Dubai, Palm Jumeirah,Apartment,Sale,Unfurnished,Ready,Q3 2026,K1 Building
699000.0,2.0,1.0,371.0, UAE, Dubai, Meydan City,Apartment,Sale,Unfurnished,Ready,Q3 2026,K1 Building
2150000.0,2.0,3.0,1135.0, UAE, Dubai, Jumeirah Village Circle (JVC),Apartment,Sale,Unfurnished,Ready,Q3 2026,K1 Building
1291000.0,2.0,2.0,981.0, UAE, Dubai, DAMAC Hills 2 (Akoya by DAMAC),Apartment,Sale,Unfurnished,Off-Plan,Q2 2027,ELO 3
1260000.0,2.0,2.0,970.0, UAE, Dubai, DAMAC Hills 2 (Akoya by DAMAC),Apartment,Sale,Unfurnished,Off-Plan,Q2 2027,ELO 3
635000.0,2.0,1.0,388.0, UAE, Dubai, Jumeirah Village Circle (JVC),Apartment,Sale,Unfurnished,Ready,Q2 2027,ELO 3
1980000.0,2.0,3.0,991.0, UAE, Dubai, Business Bay,Apartment,Sale,Unfurnished,Ready,Q2 2027,Merano Tower
2900000.0,1.0,2.0,736.0, UAE, Dubai, Dubai Creek Harbour,Apartment,Sale,Furnished,Ready,Q2 2027,Merano Tower
1151000.0,2.0,2.0,886.0, UAE, Dubai, DAMAC Hills 2 (Akoya by DAMAC),Apartment,Sale,Unfurnished,Off-Plan,Q4 2026,Evergreens
2850000.0,3.0,4.0,2324.0, UAE, Dubai, Serena,Villa,Sale,Unfurnished,Ready,Q4 2026,Bella Casa
1900000.0,3.0,4.0,2013.0, UAE, Dubai, International City,Townhouse,Sale,Unfurnished,Ready,Q4 2026,Bella Casa
22462000.0,6.0,7.0,11200.0, UAE, Dubai, DAMAC Hills,Villa,Sale,Furnished,Ready,Q4 2026,Picadilly Green
1969499.0,1.0,1.0,781.0, UAE, Dubai, Business Bay,Apartment,Sale,Unfurnished,Off-Plan,Q2 2026,One by Binghatti
2150000.0,2.0,3.0,1135.0, UAE, Dubai, Jumeirah Village Circle (JVC),Apartment,Sale,Unfurnished,Ready,Q2 2026,One by Binghatti
800000.0,1.0,1.0,542.0, UAE, Dubai, Jumeirah Lake Towers (JLT),Apartment,Sale,Unfurnished,Off-Plan,Q2 2026,Wind Tower I
2235000.0,3.0,4.0,2064.0, UAE, Dubai, Jumeirah Village Circle (JVC),Apartment,Sale,Furnished,Off-Plan,Q4 2026,SquareX Residence
6750000.0,4.0,4.0,5375.0, UAE, Dubai, Jumeirah Village Circle (JVC),Villa,Sale,Unfurnished,Ready,Q4 2026,JVC District 10
1188495.0,1.0,2.0,792.0, UAE, Dubai, Wasl Gate,Apartment,Sale,Unfurnished,Off-Plan,Q4 2026,Hillside Residences 1
1214325.0,1.0,1.0,809.0, UAE, Dubai, Wasl Gate,Apartment,Sale,Unfurnished,Off-Plan,Q4 2026,Hillside Residences 1
1835000.0,3.0,4.0,1882.0, UAE, Dubai, DAMAC Hills 2 (Akoya by DAMAC),Villa,Sale,Unfurnished,Ready,Q4 2026,Primrose
6608000.0,3.0,4.0,2573.0, UAE, Dubai, Dubai Marina,Apartment,Sale,Unfurnished,Ready,Q4 2026,DAMAC Heights
1858000.0,3.0,4.0,1882.0, UAE, Dubai, DAMAC Hills 2 (Akoya by DAMAC),Villa,Sale,Unfurnished,Ready,Q4 2026,Mulberry
1060000.0,1.0,2.0,721.0, UAE, Dubai, Jumeirah Village Circle (JVC),Apartment,Sale,Furnished,Ready,Q4 2026,Mulberry
4699415.0,2.0,3.0,1450.0, UAE, Dubai, Business Bay,Apartment,Sale,Furnished,Off-Plan,Q1 2029,Tiger Sky Tower
1600000.0,1.0,2.0,675.0, UAE, Dubai, Ras Al Khor,Apartment,Sale,Unfurnished,Off-Plan,Q4 2026,Sobha One Tower D
750000.0,2.0,1.0,300.0, UAE, Dubai, Meydan City,Apartment,Sale,Unfurnished,Ready,Q4 2026,Sobha One Tower D
1449000.0,1.0,2.0,795.0, UAE, Dubai, Mohammed Bin Rashid City,Apartment,Sale,Furnished,Ready,Q4 2026,Sobha One Tower D
2450000.0,2.0,3.0,930.0, UAE, Dubai, Bukadra,Apartment,Sale,Unfurnished,Off-Plan,Q4 2027,360 Riverside Crescent
3000000.0,2.0,3.0,1450.0, UAE, Dubai, Bukadra,Apartment,Sale,Unfurnished,Off-Plan,Q4 2027,360 Riverside Crescent
3050000.0,2.0,3.0,1460.0, UAE, Dubai, Bukadra,Apartment,Sale,Unfurnished,Off-Plan,Q4 2027,360 Riverside Crescent
2106000.0,1.0,2.0,1022.0, UAE, Dubai, Business Bay,Apartment,Sale,Unfurnished,Off-Plan,Q4 2026,Binghatti Skyrise Tower B
1293000.0,2.0,2.0,1084.0, UAE, Dubai, DAMAC Hills 2 (Akoya by DAMAC),Apartment,Sale,Unfurnished,Off-Plan,Q2 2027,ELO 3
1270000.0,1.0,2.0,780.0, UAE, Dubai, Arjan,Apartment,Sale,Furnished,Ready,Q2 2027,Beverly Boulevard
999999.0,1.0,1.0,542.0, UAE, Dubai, Motor City,Apartment,Sale,Furnished,Off-Plan,Q4 2028,Sobha Orbis Tower A
2750000.0,3.0,4.0,1984.0, UAE, Dubai, Arabian Ranches 3,Townhouse,Sale,Unfurnished,Off-Plan,Q3 2027,May
1290000.0,2.0,2.0,1082.0, UAE, Dubai, DAMAC Hills 2 (Akoya by DAMAC),Apartment,Sale,Unfurnished,Off-Plan,Q2 2027,ELO 3
2600000.0,2.0,4.0,1867.0, UAE, Dubai, Jumeirah Village Circle (JVC),Apartment,Sale,Unfurnished,Ready,Q2 2027,ELO 3
1150000.0,1.0,2.0,949.0, UAE, Dubai, Jumeirah Village Circle (JVC),Apartment,Sale,Unfurnished,Ready,Q2 2027,ELO 3
5700000.0,2.0,3.0,1317.0, UAE, Dubai, Dubai Harbour,Apartment,Sale,Unfurnished,Ready,Q3 2027,Samana Park Meadows
630000.0,2.0,1.0,400.0, UAE, Dubai, Arjan,Apartment,Sale,Unfurnished,Ready,Q3 2027,Beverly Boulevard
4449888.0,3.0,3.0,1871.0, UAE, Dubai, Dubai Marina,Apartment,Sale,Unfurnished,Ready,Q4 2024,Binghatti Azure
1349999.0,1.0,2.0,877.0, UAE, Dubai, Dubai Marina,Apartment,Sale,Unfurnished,Ready,Q4 2024,Ocean Heights
1300000.0,1.0,2.0,959.0, UAE, Dubai, Jumeirah Village Circle (JVC),Apartment,Sale,Unfurnished,Off-Plan,Q2 2027,One Park Central
8990000.0,2.0,3.0,1677.0, UAE, Dubai, Palm Jumeirah,Apartment,Sale,Furnished,Ready,Q2 2027,One Park Central
16500000.0,5.0,5.0,5150.0, UAE, Dubai, Arabian Ranches,Villa,Sale,Unfurnished,Ready,Q2 2027,Al Mahra
2750000.0,5.0,6.0,3355.0, UAE, Dubai, Jumeirah Village Circle (JVC),Townhouse,Sale,Unfurnished,Ready,Q2 2027,Al Mahra
4000000.0,4.0,6.0,3057.0, UAE, Dubai, Jumeirah Village Circle (JVC),Villa,Sale,Unfurnished,Ready,Q2 2027,Al Mahra
549000.0,2.0,1.0,357.0, UAE, Dubai, Dubai Studio City,Apartment,Sale,Unfurnished,Ready,Q2 2027,Samana Golf Avenue
2600000.0,2.0,3.0,1268.0, UAE, Dubai, Business Bay,Apartment,Sale,Furnished,Ready,Q2 2027,Samana Golf Avenue
1800000.0,1.0,2.0,967.0, UAE, Dubai, Business Bay,Apartment,Sale,Furnished,Ready,Q2 2027,Samana Golf Avenue
995000.0,1.0,1.0,685.0, UAE, Dubai, Business Bay,Apartment,Sale,Furnished,Ready,Q2 2027,Samana Golf Avenue
625000.0,2.0,1.0,404.0, UAE, Dubai, Meydan City,Apartment,Sale,Unfurnished,Ready,Q2 2027,Samana Golf Avenue
27400000.0,4.0,5.0,4228.0, UAE, Dubai, Palm Jumeirah,Apartment,Sale,Furnished,Ready,Q2 2027,Ellington Beach House
1237113.0,2.0,2.0,1238.0, UAE, Dubai, Dubai Land Residence Complex,Apartment,Sale,Unfurnished,Ready,Q2 2027,4Direction Residence 1
1600000.0,1.0,1.0,733.0, UAE, Dubai, Ras Al Khor,Apartment,Sale,Unfurnished,Off-Plan,Q4 2026,Sobha One Tower E
2270000.0,1.0,2.0,919.0, UAE, Dubai, Dubai Marina,Apartment,Sale,Furnished,Ready,Q4 2026,LIV Residence
2900000.0,1.0,2.0,736.0, UAE, Dubai, Dubai Creek Harbour,Apartment,Sale,Furnished,Ready,Q3 2026,Axis Silver 1
750000.0,2.0,1.0,300.0, UAE, Dubai, Meydan City,Apartment,Sale,Unfurnished,Ready,Q1 2029,Tiger Sky Tower
1449000.0,1.0,2.0,795.0, UAE, Dubai, Mohammed Bin Rashid City,Apartment,Sale,Furnished,Ready,Q1 2029,Tiger Sky Tower
2850000.0,3.0,4.0,2324.0, UAE, Dubai, Serena,Villa,Sale,Unfurnished,Ready,Q4 2027,Bella Casa
2950000.0,2.0,3.0,1430.0, UAE, Dubai, Bukadra,Apartment,Sale,Unfurnished,Off-Plan,Q4 2027,360 Riverside Crescent
7000000.0,4.0,6.0,4042.0, UAE, Dubai, Al Furjan,Villa,Sale,Unfurnished,Ready,Q4 2027,Murooj Al Furjan
2500000.0,2.0,3.0,950.0, UAE, Dubai, Bukadra,Apartment,Sale,Unfurnished,Off-Plan,Q4 2027,360 Riverside Crescent
2250000.0,2.0,3.0,1150.0, UAE, Dubai, Bukadra,Apartment,Sale,Unfurnished,Off-Plan,Q4 2027,360 Riverside Crescent
4000000.0,2.0,4.0,1379.0, UAE, Dubai, Al Wasl,Apartment,Sale,Unfurnished,Ready,Q4 2027,360 Riverside Crescent
1430000.0,3.0,3.0,1868.0, UAE, Dubai, Liwan,Apartment,Sale,Unfurnished,Ready,Q4 2027,360 Riverside Crescent
1800000.0,2.0,3.0,1010.0, UAE, Dubai, Dubai Science Park,Apartment,Sale,Furnished,Off-Plan,Q4 2027,Opalz By Danube
2600000.0,2.0,1.0,803.0, UAE, Dubai, Al Jaddaf,Apartment,Sale,Unfurnished,Off-Plan,Q3 2025,Kempinski Residences The Creek
1350000.0,1.0,2.0,570.0, UAE, Dubai, Business Bay,Apartment,Sale,Furnished,Off-Plan,Q4 2026,The EDGE Tower A
1900000.0,3.0,4.0,2013.0, UAE, Dubai, International City,Townhouse,Sale,Unfurnished,Ready,Q4 2026,The EDGE Tower A
5350000.0,3.0,4.0,1954.0, UAE, Dubai, Umm Suqeim,Apartment,Sale,Unfurnished,Off-Plan,Q1 2026,Lamaa Building 4
3896420.0,2.0,3.0,1358.0, UAE, Dubai, Business Bay,Apartment,Sale,Unfurnished,Off-Plan,Q2 2027,DG1 Living
1761600.0,1.0,2.0,625.0, UAE, Dubai, Business Bay,Apartment,Sale,Furnished,Off-Plan,Q4 2026,The EDGE Tower B
2300000.0,3.0,4.0,1751.0, UAE, Dubai, Dubai South,Villa,Sale,Unfurnished,Ready,Q4 2026,The EDGE Tower B
1650000.0,2.0,3.0,1140.0, UAE, Dubai, Jumeirah Village Circle (JVC),Apartment,Sale,Furnished,Off-Plan,Q4 2024,Binghatti Tulip
22462000.0,6.0,7.0,11200.0, UAE, Dubai, DAMAC Hills,Villa,Sale,Furnished,Ready,Q4 2024,Picadilly Green
1709000.0,1.0,1.0,722.0, UAE, Dubai, Sobha Hartland,Apartment,Sale,Unfurnished,Off-Plan,Q2 2026,Creek Vistas Heights Tower A
2800000.0,1.0,2.0,1145.0, UAE, Dubai, Palm Jumeirah,Apartment,Sale,Unfurnished,Ready,Q2 2026,Creek Vistas Heights Tower A
3200000.0,2.0,2.0,1466.0, UAE, Dubai, Jumeirah Beach Residence (JBR),Apartment,Sale,Unfurnished,Ready,Q2 2026,Creek Vistas Heights Tower A
1600000.0,2.0,2.0,1084.0, UAE, Dubai, Dubai Marina,Apartment,Sale,Furnished,Ready,Q2 2026,Creek Vistas Heights Tower A
2869886.0,2.0,3.0,1170.0, UAE, Dubai, Sobha Hartland,Apartment,Sale,Unfurnished,Off-Plan,Q2 2026,Creek Vistas Heights Tower A
1250000.0,1.0,1.0,674.0, UAE, Dubai, DAMAC Hills,Apartment,Sale,Unfurnished,Off-Plan,Q1 2027,Golf Greens Tower B
7800000.0,4.0,7.0,6664.0, UAE, Dubai, Al Furjan,Villa,Sale,Unfurnished,Ready,Q4 2027,Al Furjan West
1650000.0,1.0,1.0,928.0, UAE, Dubai, Arjan,Apartment,Sale,Furnished,Off-Plan,Q1 2026,Arbor View
570000.0,2.0,1.0,389.0, UAE, Dubai, Arjan,Apartment,Sale,Furnished,Ready,Q1 2026,Miraclz Tower by Danube
1400000.0,2.0,3.0,1969.0, UAE, Dubai, Jumeirah Village Circle (JVC),Apartment,Sale,Unfurnished,Ready,Q1 2026,Miraclz Tower by Danube
3500000.0,2.0,2.0,1307.0, UAE, Dubai, Dubai Marina,Apartment,Sale,Furnished,Off-Plan,Q3 2025,Cavalli Tower
3600000.0,1.0,2.0,873.0, UAE, Dubai, Palm Jumeirah,Apartment,Sale,Furnished,Ready,Q3 2025,Cavalli Tower
12500000.0,4.0,6.0,5574.0, UAE, Dubai, Dubai Marina,Villa,Sale,Unfurnished,Ready,Q3 2025,Cavalli Tower
10900000.0,4.0,5.0,3045.0, UAE, Dubai, Dubai Creek Harbour,Apartment,Sale,Unfurnished,Ready,Q3 2025,Cavalli Tower
2200000.0,1.0,1.0,803.0, UAE, Dubai, Dubai Marina,Apartment,Sale,Furnished,Ready,Q3 2025,JW Marriott Hotel Marina
992571.0,1.0,2.0,734.0, UAE, Dubai, Jumeirah Village Circle (JVC),Apartment,Sale,Unfurnished,Off-Plan,Q3 2026,Sereno Residences
657200.0,2.0,1.0,382.0, UAE, Dubai, Jumeirah Village Circle (JVC),Apartment,Sale,Unfurnished,Off-Plan,Q3 2026,Sereno Residences
1111734.0,1.0,2.0,881.0, UAE, Dubai, Jumeirah Village Circle (JVC),Apartment,Sale,Unfurnished,Off-Plan,Q3 2026,Sereno Residences
4000000.0,2.0,2.0,1112.0, UAE, Dubai, Dubai Harbour,Apartment,Sale,Furnished,Ready,Q3 2026,Sereno Residences
800000.0,2.0,1.0,432.0, UAE, Dubai, Jumeirah Village Triangle (JVT),Apartment,Sale,Furnished,Off-Plan,Q3 2026,Fashionz by Danube
1995000.0,1.0,2.0,824.0, UAE, Dubai, Business Bay,Apartment,Sale,Unfurnished,Off-Plan,Q2 2027,DG1 Living
4000000.0,2.0,4.0,1379.0, UAE, Dubai, Al Wasl,Apartment,Sale,Unfurnished,Ready,Q2 2027,DG1 Living
1430000.0,3.0,3.0,1868.0, UAE, Dubai, Liwan,Apartment,Sale,Unfurnished,Ready,Q2 2027,DG1 Living
1800000.0,2.0,3.0,1010.0, UAE, Dubai, Dubai Science Park,Apartment,Sale,Furnished,Off-Plan,Q2 2027,Opalz By Danube
699000.0,2.0,1.0,371.0, UAE, Dubai, Meydan City,Apartment,Sale,Unfurnished,Ready,Q1 2026,Lamaa Building 4
1300000.0,2.0,1.0,850.0, UAE, Dubai, Business Bay,Apartment,Sale,Furnished,Ready,Q1 2026,Lamaa Building 4
760000.0,2.0,1.0,360.0, UAE, Dubai, Business Bay,Apartment,Sale,Furnished,Ready,Q3 2026,The Cosmopolitan (Damac Maison)
7942044.0,4.0,4.0,3971.0, UAE, Dubai, Mohammed Bin Rashid City,Villa,Sale,Unfurnished,Off-Plan,Q4 2027,ELO 3
1900000.0,3.0,4.0,2013.0, UAE, Dubai, International City,Townhouse,Sale,Unfurnished,Ready,Q3 2027,May
22462000.0,6.0,7.0,11200.0, UAE, Dubai, DAMAC Hills,Villa,Sale,Furnished,Ready,Q3 2027,Picadilly Green
1858000.0,3.0,4.0,1882.0, UAE, Dubai, DAMAC Hills 2 (Akoya by DAMAC),Villa,Sale,Unfurnished,Ready,Q2 2027,Mulberry
1060000.0,1.0,2.0,721.0, UAE, Dubai, Jumeirah Village Circle (JVC),Apartment,Sale,Furnished,Ready,Q2 2027,Mulberry
2700000.0,3.0,4.0,1393.0, UAE, Dubai, Arabian Ranches 3,Townhouse,Sale,Unfurnished,Ready,Q2 2028,Joy
1300000.0,1.0,2.0,776.0, UAE, Dubai, Jumeirah Village Circle (JVC),Apartment,Sale,Unfurnished,Ready,Q2 2027,ELO 3
1298000.0,2.0,3.0,1178.0, UAE, Dubai, Dubai Sports City,Apartment,Sale,Furnished,Ready,Q2 2027,Hera Tower
860000.0,1.0,1.0,627.0, UAE, Dubai, Dubai Sports City,Apartment,Sale,Furnished,Ready,Q4 2027,Hera Tower
1150000.0,1.0,1.0,785.0, UAE, Dubai, Business Bay,Apartment,Sale,Furnished,Ready,Q3 2027,The Cosmopolitan (Damac Maison)
3100000.0,4.0,5.0,1574.0, UAE, Dubai, Dubai Investment Park (DIP),Townhouse,Sale,Unfurnished,Off-Plan,Q4 2027,The Cosmopolitan (Damac Maison)
620000.0,2.0,1.0,524.0, UAE, Dubai, Jumeirah Village Triangle (JVT),Apartment,Sale,Unfurnished,Ready,Q4 2027,Reef 999
4200000.0,1.0,2.0,839.0, UAE, Dubai, Downtown Dubai,Apartment,Sale,Furnished,Ready,Q4 2027,Reef 999
600000.0,1.0,1.0,478.0, UAE, Dubai, Dubai South,Apartment,Sale,Unfurnished,Ready,Q4 2027,Reef 999
901968.0,1.0,2.0,752.0, UAE, Dubai, Jumeirah Village Circle (JVC),Apartment,Sale,Unfurnished,Ready,Q4 2027,Reef 999
901968.0,1.0,2.0,752.0, UAE, Dubai, Jumeirah Village Circle (JVC),Apartment,Sale,Unfurnished,Ready,Q4 2026,Mar Casa
560000.0,2.0,1.0,338.0, UAE, Dubai, Dubai Sports City,Apartment,Sale,Furnished,Ready,Q4 2026,Hera Tower
1800000.0,2.0,2.0,1106.0, UAE, Dubai, Jumeirah Village Circle (JVC),Apartment,Sale,Unfurnished,Ready,Q4 2026,Mar Casa
1020000.0,1.0,1.0,670.0, UAE, Dubai, Jumeirah Village Circle (JVC),Apartment,Sale,Unfurnished,Ready,Q4 2026,Mar Casa
1298000.0,2.0,3.0,1178.0, UAE, Dubai, Dubai Sports City,Apartment,Sale,Furnished,Ready,Q1 2028,Hera Tower
1700000.0,2.0,3.0,1153.0, UAE, Dubai, Jumeirah Lake Towers (JLT),Apartment,Sale,Unfurnished,Ready,Q2 2024,Garden East Apartments
1350000.0,1.0,2.0,684.0, UAE, Dubai, Jumeirah Lake Towers (JLT),Apartment,Sale,Unfurnished,Ready,Q2 2024,Garden East Apartments
900000.0,1.0,1.0,576.0, UAE, Dubai, Business Bay,Apartment,Sale,Unfurnished,Ready,Q2 2025,Mayfair Tower
1700000.0,2.0,1.0,745.0, UAE, Dubai, Dubai Hills Estate,Apartment,Sale,Unfurnished,Ready,Q2 2025,Mayfair Tower
2080000.0,2.0,3.0,1422.0, UAE, Dubai, Business Bay,Apartment,Sale,Furnished,Ready,Q1 2026,Biltmore Sufouh
2150000.0,2.0,3.0,1440.0, UAE, Dubai, Business Bay,Apartment,Sale,Unfurnished,Ready,Q1 2026,Biltmore Sufouh
11000000.0,4.0,5.0,3350.0, UAE, Dubai, Dubai Hills Estate,Villa,Sale,Unfurnished,Ready,Q1 2026,Club Villas
35000000.0,4.0,5.0,5300.0, UAE, Dubai, Downtown Dubai,Penthouse,Sale,Unfurnished,Ready,Q1 2026,IL Primo
2400000.0,4.0,4.0,1950.0, UAE, Dubai, Jumeirah Lake Towers (JLT),Apartment,Sale,Furnished,Ready,Q1 2026,IL Primo
9000000.0,4.0,5.0,5619.0, UAE, Dubai, Jumeirah Park,Villa,Sale,Furnished,Ready,Q3 2026,Legacy
1500000.0,1.0,1.0,655.0, UAE, Dubai, Business Bay,Apartment,Sale,Furnished,Ready,Q1 2028,DAMAC Sun City
2080000.0,2.0,3.0,1422.0, UAE, Dubai, Business Bay,Apartment,Sale,Furnished,Ready,Q1 2028,DAMAC Sun City
2150000.0,2.0,3.0,1440.0, UAE, Dubai, Business Bay,Apartment,Sale,Unfurnished,Ready,Q1 2028,DAMAC Sun City
11000000.0,4.0,5.0,3350.0, UAE, Dubai, Dubai Hills Estate,Villa,Sale,Unfurnished,Ready,Q1 2028,Club Villas
1850000.0,1.0,2.0,1198.0, UAE, Dubai, Jumeirah Beach Residence (JBR),Apartment,Sale,Unfurnished,Ready,Q1 2028,IL Primo
4500000.0,4.0,4.0,2744.0, UAE, Dubai, Dubai South,Townhouse,Sale,Unfurnished,Off-Plan,Q2 2026,IL Primo
699000.0,2.0,1.0,371.0, UAE, Dubai, Meydan City,Apartment,Sale,Unfurnished,Ready,Q2 2026,IL Primo
1300000.0,2.0,1.0,850.0, UAE, Dubai, Business Bay,Apartment,Sale,Furnished,Ready,Q2 2026,IL Primo
2400000.0,4.0,4.0,1950.0, UAE, Dubai, Jumeirah Lake Towers (JLT),Apartment,Sale,Furnished,Ready,Q4 2026,Joy
1850000.0,1.0,2.0,1198.0, UAE, Dubai, Jumeirah Beach Residence (JBR),Apartment,Sale,Unfurnished,Ready,Q4 2025,The Cosmopolitan (Damac Maison)
4500000.0,4.0,4.0,2744.0, UAE, Dubai, Dubai South,Townhouse,Sale,Unfurnished,Off-Plan,Q2 2026,Marine 3
2300000.0,3.0,4.0,1945.0, UAE, Dubai, Dubai South,Villa,Sale,Unfurnished,Ready,Q3 2026,K1 Building
400000.0,2.0,1.0,369.0, UAE, Dubai, Dubai Production City (IMPZ),Apartment,Sale,Unfurnished,Ready,Q3 2026,K1 Building
12622500.0,4.0,5.0,2661.0, UAE, Dubai, Umm Suqeim,Apartment,Sale,Unfurnished,Ready,Q3 2026,K1 Building
7000000.0,4.0,6.0,4030.0, UAE, Dubai, Expo City,Villa,Sale,Unfurnished,Off-Plan,Q1 2026,K1 Building
2200000.0,1.0,2.0,638.0, UAE, Dubai, Business Bay,Apartment,Sale,Furnished,Off-Plan,Q2 2028,Bayz 101
2900000.0,3.0,4.0,1873.0, UAE, Dubai, The Valley by Emaar,Townhouse,Sale,Unfurnished,Ready,Q2 2028,Nara
750000.0,1.0,2.0,727.0, UAE, Dubai, Arjan,Apartment,Sale,Unfurnished,Ready,Q2 2028,Samana Greens
1690000.0,2.0,3.0,1112.0, UAE, Dubai, Jumeirah Village Circle (JVC),Apartment,Sale,Unfurnished,Ready,Q4 2027,Evora Residence
1100000.0,1.0,2.0,811.0, UAE, Dubai, Jumeirah Village Circle (JVC),Apartment,Sale,Furnished,Ready,Q4 2027,Evora Residence
2900000.0,3.0,4.0,1791.0, UAE, Dubai, Jumeirah Golf Estates,Apartment,Sale,Unfurnished,Ready,Q4 2027,Evora Residence
2500000.0,2.0,2.0,1094.0, UAE, Dubai, Dubai Creek Harbour,Apartment,Sale,Unfurnished,Ready,Q2 2028,17 Icon Bay
2150000.0,2.0,3.0,1135.0, UAE, Dubai, Jumeirah Village Circle (JVC),Apartment,Sale,Unfurnished,Ready,Q2 2028,17 Icon Bay
5200000.0,3.0,3.0,1645.0, UAE, Dubai, Downtown Dubai,Apartment,Sale,Unfurnished,Ready,Q2 2027,Merano Tower
2700000.0,3.0,4.0,1393.0, UAE, Dubai, Arabian Ranches 3,Townhouse,Sale,Unfurnished,Ready,Q2 2027,Joy
1300000.0,1.0,2.0,776.0, UAE, Dubai, Jumeirah Village Circle (JVC),Apartment,Sale,Unfurnished,Ready,Q2 2027,Joy
2150000.0,2.0,3.0,1135.0, UAE, Dubai, Jumeirah Village Circle (JVC),Apartment,Sale,Unfurnished,Ready,Q2 2025,Ciel
22462000.0,6.0,7.0,11200.0, UAE, Dubai, DAMAC Hills,Villa,Sale,Furnished,Ready,Q2 2027,Picadilly Green
1060000.0,1.0,2.0,721.0, UAE, Dubai, Jumeirah Village Circle (JVC),Apartment,Sale,Furnished,Ready,Q2 2026,One by Binghatti
800000.0,1.0,1.0,542.0, UAE, Dubai, Jumeirah Lake Towers (JLT),Apartment,Sale,Unfurnished,Off-Plan,Q4 2027,Wind Tower I
6750000.0,4.0,4.0,5375.0, UAE, Dubai, Jumeirah Village Circle (JVC),Villa,Sale,Unfurnished,Ready,Q2 2026,JVC District 10
1188495.0,1.0,2.0,792.0, UAE, Dubai, Wasl Gate,Apartment,Sale,Unfurnished,Off-Plan,Q2 2026,Hillside Residences 1
1214325.0,1.0,1.0,809.0, UAE, Dubai, Wasl Gate,Apartment,Sale,Unfurnished,Off-Plan,Q2 2026,Hillside Residences 1
1835000.0,3.0,4.0,1882.0, UAE, Dubai, DAMAC Hills 2 (Akoya by DAMAC),Villa,Sale,Unfurnished,Ready,Q2 2026,Primrose
6608000.0,3.0,4.0,2573.0, UAE, Dubai, Dubai Marina,Apartment,Sale,Unfurnished,Ready,Q2 2026,DAMAC Heights
1858000.0,3.0,4.0,1882.0, UAE, Dubai, DAMAC Hills 2 (Akoya by DAMAC),Villa,Sale,Unfurnished,Ready,Q2 2026,Mulberry
1060000.0,1.0,2.0,721.0, UAE, Dubai, Jumeirah Village Circle (JVC),Apartment,Sale,Furnished,Ready,Q2 2026,Mulberry
750000.0,2.0,1.0,300.0, UAE, Dubai, Meydan City,Apartment,Sale,Unfurnished,Ready,Q4 2026,The EDGE Tower B
7800000.0,4.0,7.0,6664.0, UAE, Dubai, Al Furjan,Villa,Sale,Unfurnished,Ready,Q1 2027,Al Furjan West
1449000.0,1.0,2.0,795.0, UAE, Dubai, Mohammed Bin Rashid City,Apartment,Sale,Furnished,Ready,Q1 2026,Miraclz Tower by Danube
2150000.0,2.0,3.0,1135.0, UAE, Dubai, Jumeirah Village Circle (JVC),Apartment,Sale,Unfurnished,Ready,Q4 2026,Picadilly Green
2150000.0,2.0,3.0,1135.0, UAE, Dubai, Jumeirah Village Circle (JVC),Apartment,Sale,Unfurnished,Ready,Q4 2026,Mulberry
4000000.0,2.0,4.0,1379.0, UAE, Dubai, Al Wasl,Apartment,Sale,Unfurnished,Ready,Q4 2026,SquareX Residence
1430000.0,3.0,3.0,1868.0, UAE, Dubai, Liwan,Apartment,Sale,Unfurnished,Ready,Q4 2026,SquareX Residence
1800000.0,2.0,3.0,1010.0, UAE, Dubai, Dubai Science Park,Apartment,Sale,Furnished,Off-Plan,Q4 2026,Opalz By Danube
6750000.0,4.0,4.0,5375.0, UAE, Dubai, Jumeirah Village Circle (JVC),Villa,Sale,Unfurnished,Ready,Q4 2024,JVC District 10
2300000.0,3.0,4.0,1751.0, UAE, Dubai, Dubai South,Villa,Sale,Unfurnished,Ready,Q1 2029,Tiger Sky Tower
750000.0,2.0,1.0,300.0, UAE, Dubai, Meydan City,Apartment,Sale,Unfurnished,Ready,Q1 2026,Arbor View
1449000.0,1.0,2.0,795.0, UAE, Dubai, Mohammed Bin Rashid City,Apartment,Sale,Furnished,Ready,Q3 2025,Cavalli Tower
2900000.0,1.0,2.0,736.0, UAE, Dubai, Dubai Creek Harbour,Apartment,Sale,Furnished,Ready,Q4 2027,Murooj Al Furjan
635000.0,2.0,1.0,388.0, UAE, Dubai, Jumeirah Village Circle (JVC),Apartment,Sale,Unfurnished,Ready,Q4 2027,360 Riverside Crescent
1020000.0,1.0,1.0,670.0, UAE, Dubai, Jumeirah Village Circle (JVC),Apartment,Sale,Unfurnished,Ready,Q4 2024,Al Jazi Building 4
6250000.0,3.0,4.0,3063.0, UAE, Dubai, Jumeirah Park,Villa,Sale,Unfurnished,Ready,Q3 2027,Regional
880000.0,2.0,1.0,482.0, UAE, Dubai, Business Bay,Apartment,Sale,Furnished,Ready,Q3 2027,The Cosmopolitan (Damac Maison)
900000.0,1.0,1.0,576.0, UAE, Dubai, Business Bay,Apartment,Sale,Unfurnished,Ready,Q3 2027,Mayfair Tower
1700000.0,2.0,1.0,745.0, UAE, Dubai, Dubai Hills Estate,Apartment,Sale,Unfurnished,Ready,Q3 2027,Mayfair Tower
3100000.0,4.0,5.0,1574.0, UAE, Dubai, Dubai Investment Park (DIP),Townhouse,Sale,Unfurnished,Off-Plan,Q4 2027,Society House
2800000.0,2.0,2.0,1076.0, UAE, Dubai, Dubai Hills Estate,Apartment,Sale,Unfurnished,Off-Plan,Q3 2027,Greenside Residence Tower A
1650000.0,1.0,1.0,650.0, UAE, Dubai, Dubai Hills Estate,Apartment,Sale,Unfurnished,Ready,Q3 2027,Greenside Residence Tower A
7450000.0,4.0,5.0,2577.0, UAE, Dubai, Al Barari,Townhouse,Sale,Furnished,Off-Plan,Q2 2024,Ixora
52000000.0,6.0,9.0,13834.0, UAE, Dubai, Dubai Hills Estate,Villa,Sale,Unfurnished,Off-Plan,Q4 2024,Majestic Vistas
21500000.0,5.0,7.0,8626.0, UAE, Dubai, Mohammed Bin Rashid City,Villa,Sale,Unfurnished,Ready,Q4 2024,District One
1420000.0,1.0,1.0,475.0, UAE, Dubai, Dubai Hills Estate,Apartment,Sale,Unfurnished,Ready,Q4 2024,District One
3000000.0,2.0,2.0,1108.0, UAE, Dubai, Dubai Hills Estate,Apartment,Sale,Unfurnished,Off-Plan,Q2 2028,Palace Residences Building 3
3000000.0,2.0,2.0,2035.0, UAE, Dubai, Jumeirah Village Circle (JVC),Apartment,Sale,Unfurnished,Ready,Q2 2028,Palace Residences Building 3
3300000.0,2.0,2.0,2589.0, UAE, Dubai, Jumeirah Village Circle (JVC),Apartment,Sale,Unfurnished,Ready,Q2 2028,Palace Residences Building 3
724000.0,1.0,2.0,905.0, UAE, Dubai, Dubai Sports City,Apartment,Sale,Unfurnished,Ready,Q2 2028,Palace Residences Building 3
1020000.0,2.0,3.0,755.0, UAE, Dubai, Dubailand,Apartment,Sale,Unfurnished,Ready,Q2 2028,Palace Residences Building 3
15990000.0,5.0,6.0,8616.0, UAE, Dubai, Jumeirah Park,Villa,Sale,Unfurnished,Ready,Q2 2028,Legacy
1000000.0,1.0,2.0,688.0, UAE, Dubai, Jumeirah Village Circle (JVC),Apartment,Sale,Unfurnished,Ready,Q2 2028,Legacy
9800000.0,4.0,5.0,4335.0, UAE, Dubai, Jumeirah Park,Villa,Sale,Unfurnished,Ready,Q2 2028,Legacy
7200000.0,2.0,3.0,1463.0, UAE, Dubai, Dubai Harbour,Apartment,Sale,Unfurnished,Off-Plan,Q1 2028,Seapoint Tower 2
2950000.0,2.0,2.0,1140.0, UAE, Dubai, Dubai Creek Harbour,Apartment,Sale,Unfurnished,Ready,Q1 2028,Seapoint Tower 2
2999000.0,3.0,4.0,3297.0, UAE, Dubai, Jumeirah Lake Towers (JLT),Apartment,Sale,Unfurnished,Off-Plan,Q1 2028,THE WIND TOWER II
1994000.0,4.0,4.0,2352.0, UAE, Dubai, DAMAC Hills 2 (Akoya by DAMAC),Townhouse,Sale,Unfurnished,Off-Plan,Q3 2027,Violet 4
395000.0,2.0,1.0,365.0, UAE, Dubai, Dubai Production City (IMPZ),Apartment,Sale,Unfurnished,Ready,Q3 2027,Violet 4
520000.0,2.0,1.0,511.0, UAE, Dubai, Jumeirah Village Circle (JVC),Apartment,Sale,Unfurnished,Ready,Q3 2027,Violet 4
650000.0,2.0,1.0,456.0, UAE, Dubai, DAMAC Hills,Apartment,Sale,Unfurnished,Ready,Q3 2027,Violet 4
2700000.0,2.0,2.0,993.0, UAE, Dubai, Dubai Hills Estate,Apartment,Sale,Unfurnished,Off-Plan,Q4 2025,Park Field Building 1
10700000.0,2.0,3.0,1449.0, UAE, Dubai, Bluewaters Island,Apartment,Sale,Furnished,Ready,Q4 2025,Park Field Building 1
850000.0,2.0,1.0,638.0, UAE, Dubai, Business Bay,Apartment,Sale,Unfurnished,Ready,Q4 2025,Park Field Building 1
13800000.0,3.0,5.0,2097.0, UAE, Dubai, Bluewaters Island,Apartment,Sale,Furnished,Ready,Q4 2025,Park Field Building 1
6000000.0,3.0,4.0,2239.0, UAE, Dubai, Culture Village (Jaddaf Waterfront),Apartment,Sale,Furnished,Ready,Q4 2025,Palazzo Versace
3000000.0,3.0,4.0,2601.0, UAE, Dubai, Dubai Science Park,Apartment,Sale,Unfurnished,Ready,Q4 2025,Orchid Residence
1898048.0,2.0,3.0,1317.0, UAE, Dubai, Arjan,Apartment,Sale,Furnished,Off-Plan,Q1 2025,48 Parkside
2500000.0,3.0,3.0,1529.0, UAE, Dubai, Town Square,Apartment,Sale,Furnished,Off-Plan,Q4 2025,The Hamilton
2690000.0,2.0,2.0,1221.0, UAE, Dubai, Business Bay,Apartment,Sale,Unfurnished,Ready,Q4 2025,DAMAC Paramount Tower (Midtown) Hotel And Residences
2380000.0,1.0,1.0,712.0, UAE, Dubai, Downtown Dubai,Apartment,Sale,Furnished,Ready,Q4 2025,DAMAC Paramount Tower (Midtown) Hotel And Residences
2400000.0,2.0,1.0,557.0, UAE, Dubai, Downtown Dubai,Apartment,Sale,Furnished,Ready,Q4 2025,Kempinski The Boulevard
3000000.0,2.0,2.0,1003.0, UAE, Dubai, Downtown Dubai,Apartment,Sale,Furnished,Ready,Q4 2025,Kempinski The Boulevard
700000.0,2.0,1.0,294.0, UAE, Dubai, Meydan City,Apartment,Sale,Furnished,Ready,Q4 2025,Kempinski The Boulevard
5200000.0,3.0,3.0,2455.0, UAE, Dubai, Jumeirah Beach Residence (JBR),Apartment,Sale,Furnished,Ready,Q4 2025,Kempinski The Boulevard
2050000.0,1.0,1.0,767.0, UAE, Dubai, Downtown Dubai,Apartment,Sale,Furnished,Ready,Q4 2027,The Community - Sports Arena
5875000.0,1.0,2.0,1118.0, UAE, Dubai, Bluewaters Island,Apartment,Sale,Furnished,Ready,Q3 2026,The Cosmopolitan (Damac Maison)
6900000.0,1.0,2.0,856.0, UAE, Dubai, Za'abeel,Apartment,Sale,Furnished,Ready,Q2 2027,330 Riverside Crescent
620000.0,2.0,1.0,423.0, UAE, Dubai, Arjan,Apartment,Sale,Furnished,Ready,Q3 2026,Jewelz by Danube
5300000.0,4.0,4.0,2634.0, UAE, Dubai, Dubailand,Villa,Sale,Unfurnished,Ready,Q3 2026,Cherrywoods
5300000.0,4.0,4.0,2634.0, UAE, Dubai, Dubailand,Villa,Sale,Unfurnished,Ready,Q1 2026,Cherrywoods
5100000.0,4.0,5.0,4218.0, UAE, Dubai, Jumeirah Village Circle (JVC),Townhouse,Sale,Unfurnished,Ready,Q3 2025,Dusit Princess Rijas
1000000.0,1.0,2.0,647.0, UAE, Dubai, Jumeirah Village Circle (JVC),Apartment,Sale,Furnished,Ready,Q3 2025,Dusit Princess Rijas
2500000.0,2.0,3.0,1300.0, UAE, Dubai, Barsha Heights (Tecom),Apartment,Sale,Furnished,Ready,Q3 2025,Madison Residency
9950000.0,5.0,6.0,3920.0, UAE, Dubai, Dubai Marina,Penthouse,Sale,Furnished,Ready,Q1 2026,Botanica Tower
2050000.0,2.0,2.0,1425.0, UAE, Dubai, Living Legends,Townhouse,Sale,Unfurnished,Ready,Q3 2026,Maya Townhouses
2550000.0,1.0,2.0,1157.0, UAE, Dubai, Palm Jumeirah,Apartment,Sale,Furnished,Ready,Q2 2028,Samana Resorts
877421.0,1.0,2.0,1032.0, UAE, Dubai, Al Quoz,Apartment,Sale,Unfurnished,Ready,Q4 2027,The Community - Sports Arena
5875000.0,1.0,2.0,1118.0, UAE, Dubai, Bluewaters Island,Apartment,Sale,Furnished,Ready,Q2 2027,Aeternitas Tower
1400000.0,1.0,2.0,887.0, UAE, Dubai, Jumeirah Village Triangle (JVT),Apartment,Sale,Unfurnished,Off-Plan,Q1 2027,Sonate Residences
600000.0,2.0,1.0,368.0, UAE, Dubai, Arjan,Apartment,Sale,Unfurnished,Off-Plan,Q2 2025,Skyz by Danube
23500000.0,5.0,6.0,8438.0, UAE, Dubai, Mohammed Bin Rashid City,Villa,Sale,Unfurnished,Off-Plan,Q4 2027,District One West
3050000.0,2.0,2.0,1094.0, UAE, Dubai, Umm Suqeim,Apartment,Sale,Unfurnished,Off-Plan,Q4 2024,Al Jazi Building 3
1100000.0,2.0,1.0,420.0, UAE, Dubai, Jumeirah Lake Towers (JLT),Apartment,Sale,Furnished,Off-Plan,Q2 2026,Viewz 1 By Danube 
1225000.0,1.0,2.0,728.0, UAE, Dubai, Business Bay,Apartment,Sale,Furnished,Off-Plan,Q4 2024,Regalia by Deyaar
1199000.0,1.0,1.0,827.0, UAE, Dubai, Al Furjan,Apartment,Sale,Furnished,Ready,Q4 2024,Gemz by Danube
660000.0,1.0,2.0,887.0, UAE, Dubai, International City,Apartment,Sale,Unfurnished,Ready,Q4 2024,Gemz by Danube
1997200.0,2.0,2.0,1152.0, UAE, Dubai, Dubai Silicon Oasis (DSO),Apartment,Sale,Unfurnished,Off-Plan,Q3 2025,Altia One
869980.0,1.0,1.0,846.0, UAE, Dubai, Dubai Land Residence Complex,Apartment,Sale,Unfurnished,Ready,Q3 2025,4Direction Residence 1
1822000.0,2.0,3.0,1148.0, UAE, Dubai, DAMAC Lagoons,Apartment,Sale,Unfurnished,Off-Plan,Q2 2027,Lagoon Views 11
3400000.0,3.0,4.0,1914.0, UAE, Dubai, Mudon,Villa,Sale,Unfurnished,Off-Plan,Q1 2026,Lagoon Views 11
1040000.0,1.0,2.0,739.0, UAE, Dubai, Jumeirah Village Circle (JVC),Apartment,Sale,Furnished,Ready,Q1 2026,Lagoon Views 11
3200000.0,2.0,3.0,1155.0, UAE, Dubai, Downtown Dubai,Apartment,Sale,Furnished,Ready,Q1 2026,Lagoon Views 11
500000.0,2.0,1.0,463.0, UAE, Dubai, Dubai Silicon Oasis (DSO),Apartment,Sale,Unfurnished,Ready,Q1 2026,Spring Oasis
8290000.0,2.0,2.0,1839.0, UAE, Dubai, Jumeirah Beach Residence (JBR),Apartment,Sale,Furnished,Ready,Q1 2026,FIVE Luxe
1284181.0,1.0,1.0,789.0, UAE, Dubai, Jumeirah Village Circle (JVC),Apartment,Sale,Unfurnished,Off-Plan,Q2 2028,ONE PARK SQUARE BY IMAN
650000.0,1.0,2.0,714.0, UAE, Dubai, Dubai Production City (IMPZ),Apartment,Sale,Unfurnished,Ready,Q2 2028,ONE PARK SQUARE BY IMAN
430000.0,1.0,2.0,666.0, UAE, Dubai, International City,Apartment,Sale,Unfurnished,Ready,Q2 2028,ONE PARK SQUARE BY IMAN
790000.0,2.0,1.0,359.0, UAE, Dubai, Dubai Marina,Apartment,Sale,Furnished,Ready,Q2 2028,Escan Marina Tower
3600000.0,3.0,3.0,1998.0, UAE, Dubai, Dubai Marina,Apartment,Sale,Unfurnished,Ready,Q2 2028,Princess Tower
2150000.0,2.0,2.0,1444.0, UAE, Dubai, Dubai Marina,Apartment,Sale,Furnished,Ready,Q2 2028,Dorra Bay
5350000.0,3.0,5.0,2979.0, UAE, Dubai, Dubai Marina,Apartment,Sale,Furnished,Ready,Q2 2028,23 Marina
1173000.0,1.0,1.0,795.0, UAE, Dubai, Jumeirah Village Circle (JVC),Apartment,Sale,Unfurnished,Off-Plan,Q3 2025,Binghatti Phoenix
1450000.0,1.0,1.0,782.0, UAE, Dubai, Jumeirah Lake Towers (JLT),Apartment,Sale,Furnished,Ready,Q3 2025,Binghatti Phoenix
1928250.0,2.0,2.0,1388.0, UAE, Dubai, Jumeirah Village Circle (JVC),Apartment,Sale,Unfurnished,Off-Plan,Q1 2028,One Sky Park by IMAN
2300000.0,1.0,2.0,880.0, UAE, Dubai, Sobha Hartland,Apartment,Sale,Unfurnished,Off-Plan,Q4 2025,The Highbury
3400000.0,5.0,5.0,2364.0, UAE, Dubai, DAMAC Lagoons,Townhouse,Sale,Unfurnished,Off-Plan,Q3 2025,Malta
11500000.0,2.0,3.0,2100.0, UAE, Dubai, Palm Jumeirah,Apartment,Sale,Unfurnished,Ready,Q3 2025,Ellington Beach House
5025000.0,4.0,5.0,2745.0, UAE, Dubai, Mohammed Bin Rashid City,Townhouse,Sale,Unfurnished,Off-Plan,Q3 2026,Ellington Beach House
8500000.0,5.0,6.0,6200.0, UAE, Dubai, Green Community,Villa,Sale,Unfurnished,Ready,Q3 2026,Green Community West
1150000.0,1.0,1.0,667.0, UAE, Dubai, Business Bay,Apartment,Sale,Unfurnished,Ready,Q3 2026,Merano Tower
700000.0,2.0,1.0,415.0, UAE, Dubai, Jumeirah Village Circle (JVC),Apartment,Sale,Unfurnished,Off-Plan,Q3 2025,Rise Residences
17000000.0,4.0,5.0,3464.0, UAE, Dubai, Palm Jumeirah,Apartment,Sale,Unfurnished,Off-Plan,Q4 2026,Palm Beach Tower 1
6200000.0,2.0,3.0,1468.0, UAE, Dubai, Palm Jumeirah,Apartment,Sale,Unfurnished,Off-Plan,Q4 2026,Palm Beach Tower 1
1350000.0,2.0,1.0,533.0, UAE, Dubai, Downtown Dubai,Apartment,Sale,Furnished,Ready,Q4 2026,Elite 1 Downtown Residence
5600000.0,3.0,4.0,2881.0, UAE, Dubai, Dubai Hills Estate,Townhouse,Sale,Furnished,Ready,Q4 2026,Elite 1 Downtown Residence
800000.0,1.0,2.0,893.0, UAE, Dubai, Dubai Sports City,Apartment,Sale,Unfurnished,Ready,Q4 2026,Stadium Point
5400000.0,3.0,5.0,2608.0, UAE, Dubai, Dubai Islands,Townhouse,Sale,Unfurnished,Off-Plan,Q2 2027,Bay Villas
6000000.0,3.0,3.0,3777.0, UAE, Dubai, The Springs,Villa,Sale,Unfurnished,Ready,Q2 2027,The Springs 12
4000000.0,2.0,3.0,2229.0, UAE, Dubai, The Springs,Villa,Sale,Furnished,Ready,Q2 2027,The Springs 10
3300000.0,2.0,3.0,1861.0, UAE, Dubai, The Springs,Villa,Sale,Unfurnished,Ready,Q2 2027,The Springs 3
5700000.0,3.0,3.0,2745.0, UAE, Dubai, The Springs,Villa,Sale,Unfurnished,Ready,Q2 2027,The Springs 1
1000000.0,1.0,1.0,624.0, UAE, Dubai, Dubai Marina,Apartment,Sale,Furnished,Ready,Q2 2027,The Springs 1
2700000.0,3.0,4.0,1840.0, UAE, Dubai, Jumeirah Village Circle (JVC),Apartment,Sale,Unfurnished,Off-Plan,Q4 2024,Binghatti Tulip
4350000.0,4.0,5.0,2016.0, UAE, Dubai, Mohammed Bin Rashid City,Villa,Sale,Unfurnished,Ready,Q4 2024,Binghatti Tulip
4350000.0,4.0,5.0,2017.0, UAE, Dubai, Mohammed Bin Rashid City,Villa,Sale,Unfurnished,Ready,Q4 2024,Binghatti Tulip
2310749.0,2.0,3.0,1719.0, UAE, Dubai, Jumeirah Village Circle (JVC),Apartment,Sale,Unfurnished,Off-Plan,Q1 2026,Binghatti Grove
2300000.0,2.0,2.0,1072.0, UAE, Dubai, Dubai Hills Estate,Apartment,Sale,Unfurnished,Off-Plan,Q2 2026,Hills Park
2350000.0,2.0,2.0,930.0, UAE, Dubai, Business Bay,Apartment,Sale,Unfurnished,Off-Plan,Q2 2025,Peninsula Three
3200000.0,2.0,3.0,1274.0, UAE, Dubai, DIFC,Apartment,Sale,Furnished,Ready,Q2 2025,Sky Gardens DIFC
3600000.0,4.0,4.0,2771.0, UAE, Dubai, The Valley by Emaar,Villa,Sale,Unfurnished,Ready,Q2 2025,Nara
3900000.0,2.0,2.0,1103.0, UAE, Dubai, Dubai Creek Harbour,Apartment,Sale,Unfurnished,Ready,Q2 2025,Nara
1100000.0,2.0,1.0,527.0, UAE, Dubai, Al Jaddaf,Apartment,Sale,Unfurnished,Off-Plan,Q1 2026,Binghatti Ghost
1000000.0,1.0,1.0,812.0, UAE, Dubai, Al Furjan,Apartment,Sale,Unfurnished,Ready,Q1 2026,Al Fouad Building
700000.0,2.0,1.0,499.0, UAE, Dubai,DAMAC Hills,Apartment,Sale,Unfurnished,Ready,Q1 2026,Al Fouad Building
730000.0,2.0,1.0,403.0, UAE, Dubai,Jumeirah Lake Towers (JLT),Apartment,Sale,Unfurnished,Off-Plan,Q4 2025,Golf Views Seven City
2050000.0,3.0,4.0,2163.0, UAE, Dubai, DAMAC Hills 2 (Akoya by DAMAC),Villa,Sale,Unfurnished,Ready,Q4 2025,Odora
4250000.0,4.0,5.0,3110.0, UAE, Dubai, Dubailand,Townhouse,Sale,Unfurnished,Off-Plan,Q3 2027,Odora
3500000.0,6.0,7.0,3557.0, UAE, Dubai, DAMAC Hills 2 (Akoya by DAMAC),Villa,Sale,Unfurnished,Ready,Q3 2027,Janusia
600000.0,1.0,1.0,570.0, UAE, Dubai, Liwan,Apartment,Sale,Unfurnished,Ready,Q3 2027,Janusia
3100000.0,3.0,4.0,2167.0, UAE, Dubai, Jumeirah Lake Towers (JLT),Apartment,Sale,Unfurnished,Ready,Q3 2027,Janusia
1360000.0,2.0,1.0,428.0, UAE, Dubai, Dubai Maritime City,Apartment,Sale,Unfurnished,Off-Plan,Q1 2027,Oceanz 3
405000.0,1.0,2.0,740.0, UAE, Dubai, International City,Apartment,Sale,Unfurnished,Ready,Q1 2027,Oceanz 3
1250000.0,2.0,3.0,1243.0, UAE, Dubai, Dubai South,Apartment,Sale,Unfurnished,Ready,Q1 2027,Oceanz 3
1999999.0,2.0,3.0,1866.0, UAE, Dubai, Dubai South,Townhouse,Sale,Unfurnished,Ready,Q1 2027,Oceanz 3
1850000.0,2.0,1.0,727.0, UAE, Dubai, Dubai Hills Estate,Apartment,Sale,Furnished,Ready,Q1 2027,Oceanz 3
2400000.0,2.0,2.0,1063.0, UAE, Dubai, Dubai Hills Estate,Apartment,Sale,Furnished,Off-Plan,Q3 2027,Parkside Views
1740000.0,1.0,2.0,788.0, UAE, Dubai, Mohammed Bin Rashid City,Apartment,Sale,Unfurnished,Ready,Q3 2027,Parkside Views
1950000.0,1.0,2.0,766.0, UAE, Dubai, Mohammed Bin Rashid City,Apartment,Sale,Unfurnished,Ready,Q3 2027,Parkside Views
3500000.0,4.0,5.0,3416.0, UAE, Dubai, Dubai South,Villa,Sale,Unfurnished,Ready,Q3 2027,Parkside Views
6000000.0,3.0,3.0,2788.0, UAE, Dubai, Arabian Ranches,Villa,Sale,Unfurnished,Ready,Q3 2027,Parkside Views
3575000.0,6.0,7.0,3467.0, UAE, Dubai, DAMAC Hills 2 (Akoya by DAMAC),Villa,Sale,Unfurnished,Ready,Q3 2027,Sanctnary
2522000.0,2.0,1.0,591.0, UAE, Dubai, The World Islands,Apartment,Sale,Furnished,Off-Plan,Q3 2027,THE HEART OF EUROPE 2
4200000.0,3.0,4.0,2870.0, UAE, Dubai, Dubai Marina,Apartment,Sale,Furnished,Ready,Q3 2027,Trident Bayside
2200000.0,2.0,3.0,1348.0, UAE, Dubai, Dubai Marina,Apartment,Sale,Unfurnished,Ready,Q3 2027,Skyview Tower
2500000.0,2.0,3.0,1312.0, UAE, Dubai, Culture Village (Jaddaf Waterfront),Apartment,Sale,Furnished,Off-Plan,Q3 2026,Art Bay West
720000.0,1.0,2.0,916.0, UAE, Dubai, Dubai Silicon Oasis (DSO),Apartment,Sale,Furnished,Ready,Q3 2026,Art Bay West
980000.0,1.0,1.0,691.0, UAE, Dubai, Jumeirah Village Circle (JVC),Apartment,Sale,Unfurnished,Ready,Q3 2026,Art Bay West
1650000.0,1.0,1.0,754.0, UAE, Dubai, The Views,Apartment,Sale,Unfurnished,Off-Plan,Q4 2026,Golf Heights
1378000.0,1.0,2.0,848.0, UAE, Dubai, Dubai Silicon Oasis (DSO),Apartment,Sale,Unfurnished,Off-Plan,Q3 2025,Altia One
635000.0,2.0,1.0,536.0, UAE, Dubai, Dubai South,Apartment,Sale,Furnished,Ready,Q3 2025,Altia One
5100000.0,3.0,3.0,2436.0, UAE, Dubai, Arabian Ranches,Villa,Sale,Unfurnished,Ready,Q3 2025,Altia One
5600000.0,4.0,5.0,4043.0, UAE, Dubai, Dubai South,Townhouse,Sale,Unfurnished,Off-Plan,Q4 2028,Altia One
1250000.0,1.0,2.0,643.0, UAE, Dubai, DAMAC Hills,Apartment,Sale,Furnished,Ready,Q4 2028,Altia One
1189413.0,2.0,3.0,1353.0, UAE, Dubai, Discovery Gardens,Apartment,Sale,Unfurnished,Ready,Q4 2028,Altia One
1281715.0,2.0,3.0,1444.0, UAE, Dubai, Discovery Gardens,Apartment,Sale,Unfurnished,Ready,Q4 2028,Altia One
1180259.0,2.0,3.0,1351.0, UAE, Dubai, Discovery Gardens,Apartment,Sale,Unfurnished,Ready,Q4 2028,Altia One
3457692.0,2.0,2.0,1480.0, UAE, Dubai, Business Bay,Apartment,Sale,Furnished,Off-Plan,Q1 2029,Tiger Sky Tower
1050000.0,2.0,1.0,427.0, UAE, Dubai, Business Bay,Apartment,Sale,Furnished,Ready,Q1 2029,Tiger Sky Tower
8677000.0,4.0,6.0,3317.0, UAE, Dubai, Dubai Marina,Apartment,Sale,Unfurnished,Off-Plan,Q2 2028,Six Senses Residences Dubai Marina
2300000.0,2.0,3.0,1053.0, UAE, Dubai, Sobha Hartland,Apartment,Sale,Unfurnished,Off-Plan,Q4 2025,Sobha Hartland - The Crest
14750000.0,5.0,5.0,4401.0, UAE, Dubai, Arabian Ranches,Villa,Sale,Unfurnished,Ready,Q4 2025,Sobha Hartland - The Crest
1070000.0,1.0,2.0,785.0, UAE, Dubai, Jumeirah Village Circle (JVC),Apartment,Sale,Furnished,Off-Plan,Q1 2025,RA1N Residence
815000.0,1.0,1.0,769.0, UAE, Dubai, Liwan,Apartment,Sale,Unfurnished,Ready,Q1 2025,RA1N Residence
970000.0,2.0,1.0,454.0, UAE, Dubai, Palm Jumeirah,Apartment,Sale,Furnished,Ready,Q1 2025,Dukes The Palm
1650000.0,2.0,2.0,1124.0, UAE, Dubai, Business Bay,Apartment,Sale,Furnished,Ready,Q1 2025,Bayz by Danube
560000.0,2.0,1.0,423.0, UAE, Dubai, Arjan,Apartment,Sale,Furnished,Ready,Q1 2025,Jewelz by Danube
14500000.0,5.0,5.0,4050.0, UAE, Dubai, Arabian Ranches,Villa,Sale,Unfurnished,Ready,Q1 2025,Jewelz by Danube
10499000.0,4.0,4.0,3952.0, UAE, Dubai, Arabian Ranches,Villa,Sale,Unfurnished,Ready,Q1 2025,Al Mahra
825000.0,2.0,2.0,990.0, UAE, Dubai, Dubai Silicon Oasis (DSO),Apartment,Sale,Unfurnished,Ready,Q1 2025,Al Mahra
1590000.0,2.0,3.0,1236.0, UAE, Dubai, Arjan,Apartment,Sale,Furnished,Off-Plan,Q3 2025,Divine Living
5200000.0,3.0,4.0,1869.0, UAE, Dubai, Dubai Creek Harbour,Apartment,Sale,Unfurnished,Off-Plan,Q4 2026,The Cove II Building 7
1250000.0,2.0,3.0,940.0, UAE, Dubai, Jumeirah Village Circle (JVC),Apartment,Sale,Furnished,Ready,Q4 2026,The Cove II Building 7
678000.0,1.0,2.0,629.0, UAE, Dubai, International City,Apartment,Sale,Unfurnished,Ready,Q4 2026,The Cove II Building 7
1289000.0,1.0,2.0,758.0, UAE, Dubai, Al Satwa,Apartment,Sale,Furnished,Off-Plan,Q4 2026,171 Garden Heights
950000.0,1.0,2.0,909.0, UAE, Dubai, Dubai Sports City,Apartment,Sale,Unfurnished,Ready,Q4 2026,The Medalist
4900000.0,2.0,3.0,1623.0, UAE, Dubai, Business Bay,Apartment,Sale,Unfurnished,Ready,Q4 2026,The Medalist
1500000.0,2.0,3.0,1103.0, UAE, Dubai, Jumeirah Lake Towers (JLT),Apartment,Sale,Unfurnished,Ready,Q4 2026,The Medalist
819437.0,1.0,1.0,643.0, UAE, Dubai, DAMAC Hills,Apartment,Sale,Unfurnished,Off-Plan,Q4 2024,Golf Gate 2
3500000.0,4.0,4.0,2408.0, UAE, Dubai, Dubai Marina,Apartment,Sale,Unfurnished,Ready,Q4 2024,Horizon Tower
3700000.0,3.0,3.0,1748.0, UAE, Dubai, Dubai Creek Harbour,Apartment,Sale,Unfurnished,Ready,Q4 2024,Horizon Tower
2300000.0,2.0,3.0,1534.0, UAE, Dubai, Meydan City,Apartment,Sale,Unfurnished,Ready,Q4 2024,Horizon Tower
920000.0,1.0,1.0,636.0, UAE, Dubai, Dubai Marina,Apartment,Sale,Furnished,Ready,Q4 2024,Horizon Tower
1000000.0,1.0,1.0,624.0, UAE, Dubai, Dubai Marina,Apartment,Sale,Furnished,Ready,Q4 2024,Horizon Tower
1260000.0,1.0,1.0,650.0, UAE, Dubai, Dubai Marina,Apartment,Sale,Furnished,Ready,Q4 2024,Skyview Tower
2580000.0,1.0,2.0,1274.0, UAE, Dubai, DIFC,Apartment,Sale,Unfurnished,Ready,Q4 2024,Skyview Tower
1070000.0,1.0,1.0,768.0, UAE, Dubai, Dubai Marina,Apartment,Sale,Furnished,Ready,Q4 2024,Skyview Tower
1550000.0,2.0,2.0,1114.0, UAE, Dubai, Arjan,Apartment,Sale,Furnished,Ready,Q4 2024,Jewelz by Danube
1630000.0,2.0,3.0,1361.0, UAE, Dubai, Liwan,Apartment,Sale,Unfurnished,Ready,Q4 2024,Jewelz by Danube
800000.0,1.0,2.0,587.0, UAE, Dubai, Arjan,Apartment,Sale,Unfurnished,Ready,Q4 2024,Samana Hills
2480000.0,1.0,2.0,1170.0, UAE, Dubai, Business Bay,Apartment,Sale,Furnished,Ready,Q3 2026,SLS Dubai Hotel & Residences
598000.0,2.0,1.0,405.0, UAE, Dubai, Arjan,Apartment,Sale,Furnished,Ready,Q3 2026,Miraclz Tower by Danube
1916150.0,1.0,2.0,912.0, UAE, Dubai, Sobha Hartland,Apartment,Sale,Unfurnished,Ready,Q3 2026,Waves Grande
1350000.0,1.0,2.0,971.0, UAE, Dubai, Dubai Marina,Apartment,Sale,Furnished,Ready,Q3 2026,Marina Pearl
1400000.0,1.0,2.0,918.0, UAE, Dubai, Dubai Marina,Apartment,Sale,Unfurnished,Ready,Q3 2026,Ocean Heights
1700000.0,2.0,3.0,1153.0, UAE, Dubai, Dubailand,Townhouse,Sale,Unfurnished,Ready,Q3 2026,Ocean Heights
650000.0,1.0,2.0,650.0, UAE, Dubai, Dubai Silicon Oasis (DSO),Apartment,Sale,Furnished,Ready,Q3 2026,Al Falak Residence
3500000.0,4.0,6.0,1899.0, UAE, Dubai, Jumeirah Village Circle (JVC),Villa,Sale,Unfurnished,Ready,Q4 2027,Odessa
4200000.0,2.0,2.0,1875.0, UAE, Dubai, Business Bay,Apartment,Sale,Unfurnished,Off-Plan,Q4 2024,Peninsula One
710000.0,2.0,1.0,323.0, UAE, Dubai, Meydan City,Apartment,Sale,Unfurnished,Ready,Q4 2024,Peninsula One
780000.0,1.0,2.0,858.0, UAE, Dubai, Dubai Silicon Oasis (DSO),Apartment,Sale,Unfurnished,Ready,Q4 2024,Platinum Residence 1
680000.0,2.0,1.0,316.0, UAE, Dubai, Al Jaddaf,Apartment,Sale,Furnished,Ready,Q4 2024,Platinum Residence 1
450000.0,2.0,1.0,476.0, UAE, Dubai, Dubai Sports City,Apartment,Sale,Furnished,Ready,Q4 2024,Platinum Residence 1
1200000.0,1.0,2.0,576.0, UAE, Dubai, Jumeirah Village Circle (JVC),Apartment,Sale,Unfurnished,Ready,Q4 2024,Platinum Residence 1
770000.0,1.0,2.0,756.0, UAE, Dubai, Dubai Sports City,Apartment,Sale,Unfurnished,Ready,Q4 2024,Platinum Residence 1
4850000.0,2.0,2.0,1405.0, UAE, Dubai, Al Wasl,Apartment,Sale,Unfurnished,Off-Plan,Q4 2024,Viridian
999990.0,1.0,1.0,753.0, UAE, Dubai, Jumeirah Village Circle (JVC),Apartment,Sale,Unfurnished,Ready,Q4 2024,Viridian
750000.0,1.0,2.0,979.0, UAE, Dubai, Discovery Gardens,Apartment,Sale,Unfurnished,Ready,Q4 2024,Viridian
1340000.0,1.0,1.0,769.0, UAE, Dubai, DAMAC Lagoons,Apartment,Sale,Unfurnished,Off-Plan,Q4 2024,DAMAC LAGOONS - LAGOON VIEWS 5
1500000.0,1.0,1.0,947.0, UAE, Dubai, Arjan,Apartment,Sale,Unfurnished,Off-Plan,Q1 2026,Arbor View
3600000.0,4.0,3.0,2583.0, UAE, Dubai, Mudon,Townhouse,Sale,Furnished,Off-Plan,Q3 2026,Arbor View
3400000.0,3.0,4.0,2293.0, UAE, Dubai, Athlon by Aldar,Townhouse,Sale,Unfurnished,Off-Plan,Q2 2028,Delphi
1827151.0,2.0,2.0,940.0, UAE, Dubai, Al Satwa,Apartment,Sale,Unfurnished,Off-Plan,Q3 2026,Brand Centro
1500956.0,1.0,2.0,688.0, UAE, Dubai, Al Satwa,Apartment,Sale,Unfurnished,Off-Plan,Q3 2026,Brand Centro
1450000.0,3.0,3.0,1495.0, UAE, Dubai, Remraam,Apartment,Sale,Unfurnished,Ready,Q3 2026,Brand Centro
1659468.0,1.0,2.0,758.0, UAE, Dubai, Al Satwa,Apartment,Sale,Unfurnished,Off-Plan,Q3 2026,Brand Centro
1874408.0,2.0,2.0,940.0, UAE, Dubai, Al Satwa,Apartment,Sale,Unfurnished,Off-Plan,Q3 2026,Brand Centro
2700000.0,2.0,3.0,1129.0, UAE, Dubai, Dubai Creek Harbour,Apartment,Sale,Unfurnished,Ready,Q3 2026,Creek Crescent
1199999.0,1.0,2.0,811.0, UAE, Dubai, Business Bay,Apartment,Sale,Furnished,Ready,Q3 2026,Elite Business Bay Residence
1800000.0,2.0,3.0,2498.0, UAE, Dubai, Dubai Production City (IMPZ),Apartment,Sale,Unfurnished,Ready,Q2 2025,Ikarus Building
840888.0,1.0,2.0,700.0, UAE, Dubai, Dubai Production City (IMPZ),Apartment,Sale,Unfurnished,Ready,Q2 2025,Ikarus Building
1280000.0,2.0,3.0,1498.0, UAE, Dubai, Remraam,Apartment,Sale,Unfurnished,Ready,Q2 2025,Ikarus Building
725000.0,1.0,2.0,746.0, UAE, Dubai, Jumeirah Village Circle (JVC),Apartment,Sale,Unfurnished,Ready,Q2 2025,Ikarus Building
5500000.0,4.0,5.0,5050.0, UAE, Dubai, Nad Al Sheba,Villa,Sale,Furnished,Ready,Q4 2024,Binghatti Azure
1550000.0,2.0,2.0,1158.0, UAE, Dubai, DAMAC Hills,Apartment,Sale,Unfurnished,Ready,Q4 2024,Binghatti Azure
860000.0,1.0,2.0,738.0, UAE, Dubai, Jumeirah Village Circle (JVC),Apartment,Sale,Unfurnished,Ready,Q4 2024,Binghatti Azure
1300000.0,2.0,3.0,1420.0, UAE, Dubai, Discovery Gardens,Apartment,Sale,Unfurnished,Ready,Q4 2024,Binghatti Azure
1275000.0,2.0,3.0,1420.0, UAE, Dubai, Discovery Gardens,Apartment,Sale,Unfurnished,Ready,Q4 2024,Binghatti Azure
1249999.0,2.0,3.0,1342.0, UAE, Dubai, Discovery Gardens,Apartment,Sale,Unfurnished,Ready,Q4 2024,Binghatti Azure
595000.0,2.0,1.0,444.0, UAE, Dubai, Jumeirah Village Circle (JVC),Apartment,Sale,Furnished,Ready,Q4 2024,Binghatti Azure
2100000.0,2.0,3.0,1660.0, UAE, Dubai, Jumeirah Village Triangle (JVT),Apartment,Sale,Unfurnished,Ready,Q4 2024,Binghatti Azure
2000000.0,3.0,3.0,1019.0, UAE, Dubai, Dubai Waterfront,Townhouse,Sale,Unfurnished,Ready,Q4 2024,Badrah
980000.0,1.0,1.0,643.0, UAE, Dubai, DAMAC Hills,Apartment,Sale,Unfurnished,Off-Plan,Q4 2024,Golf Gate 2
519500.0,2.0,1.0,328.0, UAE, Dubai, DAMAC Hills,Apartment,Sale,Furnished,Ready,Q4 2024,Golf Gate 2
975000.0,1.0,2.0,606.0, UAE, Dubai, Arjan,Apartment,Sale,Unfurnished,Off-Plan,Q4 2026,One Beverly
1125000.0,1.0,2.0,855.0, UAE, Dubai, Al Furjan,Apartment,Sale,Furnished,Off-Plan,Q3 2027,Celeste Heights by Zimaya Properties
3650000.0,5.0,6.0,3975.0, UAE, Dubai, DAMAC Hills 2 (Akoya by DAMAC),Villa,Sale,Unfurnished,Off-Plan,Q1 2027,Park Greens
1380000.0,1.0,2.0,879.0, UAE, Dubai, City of Arabia,Apartment,Sale,Furnished,Off-Plan,Q1 2026,MAG 330
1058760.0,2.0,1.0,366.0, UAE, Dubai, Al Jaddaf,Apartment,Sale,Unfurnished,Off-Plan,Q3 2025,Creek Views 3
1850000.0,2.0,2.0,1824.0, UAE, Dubai, Dubailand,Apartment,Sale,Unfurnished,Ready,Q3 2025,Al Waha
980000.0,1.0,2.0,750.0, UAE, Dubai, Dubai Investment Park (DIP),Apartment,Sale,Unfurnished,Off-Plan,Q4 2027,Damac Riverside
5751184.0,3.0,3.0,2024.0, UAE, Dubai, Dubai Islands,Apartment,Sale,Furnished,Off-Plan,Q1 2027,Cotier House by Imtiaz
1397000.0,2.0,3.0,1077.0, UAE, Dubai, Dubai Investment Park (DIP),Apartment,Sale,Furnished,Off-Plan,Q2 2028,Marine 4
600000.0,2.0,1.0,425.0, UAE, Dubai, Jumeirah Village Circle (JVC),Apartment,Sale,Unfurnished,Off-Plan,Q4 2025,Lucky Royale Residence
1500000.0,2.0,2.0,1242.0, UAE, Dubai, Arjan,Apartment,Sale,Unfurnished,Off-Plan,Q1 2028,The Central Downtown Tower A
1500000.0,2.0,3.0,1121.0, UAE, Dubai, Jumeirah Village Circle (JVC),Apartment,Sale,Unfurnished,Off-Plan,Q3 2026,Havelock Heights
1383749.0,1.0,2.0,908.0, UAE, Dubai, Jumeirah Village Circle (JVC),Apartment,Sale,Unfurnished,Off-Plan,Q1 2026,Binghatti Grove
2031888.0,1.0,1.0,774.0, UAE, Dubai, Mina Rashid,Apartment,Sale,Unfurnished,Off-Plan,Q4 2028,Porto View
3090000.0,5.0,5.0,3178.0, UAE, Dubai, Dubailand,Townhouse,Sale,Unfurnished,Off-Plan,Q4 2028,DAMAC Islands
880000.0,1.0,2.0,710.0, UAE, Dubai, Dubai Investment Park (DIP),Apartment,Sale,Unfurnished,Off-Plan,Q4 2027,Damac Riverside
2377000.0,4.0,4.0,2208.0, UAE, Dubai, Dubailand,Townhouse,Sale,Unfurnished,Off-Plan,Q4 2028,Damac Riverside
985000.0,1.0,2.0,541.0, UAE, Dubai, Motor City,Apartment,Sale,Unfurnished,Off-Plan,Q4 2028,Damac Riverside
2890888.0,2.0,2.0,1075.0, UAE, Dubai, Dubai Hills Estate,Apartment,Sale,Unfurnished,Off-Plan,Q1 2029,Parkwood Tower B
6200000.0,4.0,6.0,3410.0, UAE, Dubai, Tilal Al Ghaf,Villa,Sale,Unfurnished,Off-Plan,Q3 2024,Aura
2700000.0,2.0,2.0,1067.0, UAE, Dubai, Dubai Marina,Apartment,Sale,Furnished,Ready,Q3 2024,Aura
1000000.0,1.0,1.0,647.0, UAE, Dubai, DAMAC Hills,Apartment,Sale,Unfurnished,Ready,Q4 2024,DAMAC HILLS - GOLF GATE
789000.0,2.0,1.0,386.0, UAE, Dubai, Dubai Silicon Oasis (DSO),Apartment,Sale,Furnished,Off-Plan,Q3 2028,Timez By Danube
974990.0,2.0,1.0,439.0, UAE, Dubai, Culture Village (Jaddaf Waterfront),Apartment,Sale,Unfurnished,Off-Plan,Q4 2026,Val By Kasco
2400000.0,3.0,4.0,1618.0, UAE, Dubai, Dubai South,Villa,Sale,Furnished,Ready,Q4 2026,Val By Kasco
949000.0,1.0,2.0,850.0, UAE, Dubai, Dubai Sports City,Apartment,Sale,Furnished,Ready,Q4 2026,Val By Kasco
747000.0,2.0,1.0,378.0, UAE, Dubai, Dubai Silicon Oasis (DSO),Apartment,Sale,Furnished,Off-Plan,Q4 2027,Oasiz 1 by Danube
650000.0,2.0,1.0,338.0, UAE, Dubai, Dubai South,Apartment,Sale,Unfurnished,Off-Plan,Q1 2026,AZIZI VENICE 7
974574.0,1.0,1.0,541.0, UAE, Dubai, Motor City,Apartment,Sale,Unfurnished,Off-Plan,Q4 2028,AZIZI VENICE 7
729999.0,2.0,1.0,455.0, UAE, Dubai, Dubai Science Park,Apartment,Sale,Furnished,Off-Plan,Q4 2028,Opalz By Danube
922968.0,1.0,1.0,723.0, UAE, Dubai, Jumeirah Village Circle (JVC),Apartment,Sale,Unfurnished,Off-Plan,Q3 2026,Vue by Crystal Bay
579000.0,2.0,1.0,440.0, UAE, Dubai, Jumeirah Village Circle (JVC),Apartment,Sale,Furnished,Ready,Q3 2026,Vue by Crystal Bay
500000.0,2.0,1.0,492.0, UAE, Dubai, Jumeirah Village Circle (JVC),Apartment,Sale,Furnished,Ready,Q3 2026,Vue by Crystal Bay
1468144.0,1.0,2.0,699.0, UAE, Dubai,Business Bay,Apartment,Sale,Unfurnished,Off-Plan,Q3 2026,Vue by Crystal Bay
1813000.0,2.0,3.0,1235.0, UAE, Dubai, Arjan,Apartment,Sale,Unfurnished,Off-Plan,Q2 2026,Marquis Insignia
2450000.0,3.0,4.0,2064.0, UAE, Dubai, Jumeirah Village Circle (JVC),Apartment,Sale,Unfurnished,Off-Plan,Q4 2026,SquareX Residence
2070173.0,3.0,4.0,1519.0, UAE, Dubai, Arjan,Apartment,Sale,Unfurnished,Off-Plan,Q1 2025,48 Parkside
1620000.0,2.0,3.0,1176.0, UAE, Dubai, Jumeirah Village Circle (JVC),Apartment,Sale,Unfurnished,Off-Plan,Q3 2026,Vue by Crystal Bay
2050000.0,1.0,1.0,829.0, UAE, Dubai, Business Bay,Apartment,Sale,Unfurnished,Off-Plan,Q4 2027,Safa Two de Grisogono
900000.0,1.0,2.0,758.0, UAE, Dubai, Dubai Sports City,Apartment,Sale,Unfurnished,Ready,Q4 2027,Hera Tower
1050000.0,1.0,2.0,765.0, UAE, Dubai, Arjan,Apartment,Sale,Unfurnished,Off-Plan,Q1 2025,Joya Dorado
1899999.0,2.0,3.0,1478.0, UAE, Dubai, DAMAC Hills,Apartment,Sale,Unfurnished,Ready,Q1 2025,Joya Dorado
1100000.0,1.0,2.0,992.0, UAE, Dubai, Dubai Land Residence Complex,Apartment,Sale,Unfurnished,Off-Plan,Q3 2026,Cove Edition Residence 1 by Imtiaz
2000000.0,1.0,2.0,893.0, UAE, Dubai, Business Bay,Apartment,Sale,Unfurnished,Off-Plan,Q1 2027,Canal Heights 2
1550000.0,2.0,2.0,1169.0, UAE, Dubai, Arjan,Apartment,Sale,Unfurnished,Off-Plan,Q1 2025,Floarea Residence
1590000.0,2.0,3.0,1228.0, UAE, Dubai, Arjan,Apartment,Sale,Unfurnished,Off-Plan,Q1 2025,Elevate by Prescott
1440000.0,1.0,2.0,928.0, UAE, Dubai, Arjan,Apartment,Sale,Unfurnished,Off-Plan,Q1 2026,Arbor View
1150000.0,1.0,2.0,913.0, UAE, Dubai, Jumeirah Village Circle (JVC),Apartment,Sale,Unfurnished,Off-Plan,Q2 2026,Binghatti Apex
1520000.0,2.0,3.0,1197.0, UAE, Dubai, Jumeirah Village Circle (JVC),Apartment,Sale,Unfurnished,Off-Plan,Q3 2025,Binghatti Phoenix
945000.0,1.0,2.0,641.0, UAE, Dubai, Jumeirah Village Circle (JVC),Apartment,Sale,Unfurnished,Ready,Q3 2025,Binghatti Phoenix
1650000.0,2.0,3.0,1181.0, UAE, Dubai, Jumeirah Village Circle (JVC),Apartment,Sale,Unfurnished,Ready,Q3 2025,Binghatti Phoenix
1780000.0,2.0,3.0,1248.0, UAE, Dubai, Arjan,Apartment,Sale,Unfurnished,Off-Plan,Q4 2024,Marquis Galleria
1000000.0,1.0,2.0,805.0, UAE, Dubai, DAMAC Hills,Apartment,Sale,Unfurnished,Ready,Q4 2024,Marquis Galleria
1350000.0,2.0,2.0,988.0, UAE, Dubai, Al Furjan,Apartment,Sale,Furnished,Ready,Q4 2024,Marquis Galleria
2450000.0,2.0,2.0,1323.0, UAE, Dubai, Dubai Marina,Apartment,Sale,Unfurnished,Ready,Q4 2024,Marquis Galleria
689888.0,2.0,1.0,474.0, UAE, Dubai, Jumeirah Village Circle (JVC),Apartment,Sale,Unfurnished,Off-Plan,Q2 2026,Waref Residences by Sido
990888.0,1.0,2.0,819.0, UAE, Dubai, Jumeirah Village Circle (JVC),Apartment,Sale,Unfurnished,Off-Plan,Q2 2026,Waref Residences by Sido
2778201.0,2.0,3.0,1099.0, UAE, Dubai, Ras Al Khor,Apartment,Sale,Unfurnished,Off-Plan,Q4 2026,Sobha One Tower A
2700000.0,3.0,3.0,1485.0, UAE, Dubai, DAMAC Hills,Townhouse,Sale,Unfurnished,Off-Plan,Q1 2025,Greenwoods
795000.0,1.0,2.0,801.0, UAE, Dubai, Dubai Sports City,Apartment,Sale,Furnished,Ready,Q1 2025,Spirit Tower
600000.0,2.0,1.0,415.0, UAE, Dubai, Dubai Marina,Apartment,Sale,Furnished,Ready,Q1 2025,Millennium Place
2062632.0,1.0,2.0,688.0, UAE, Dubai, Downtown Dubai,Apartment,Sale,Unfurnished,Off-Plan,Q1 2028,Volta
4750000.0,2.0,3.0,1329.0, UAE, Dubai, Downtown Dubai,Apartment,Sale,Furnished,Ready,Q1 2028,Volta
1250000.0,2.0,1.0,544.0, UAE, Dubai, Downtown Dubai,Apartment,Sale,Furnished,Ready,Q1 2028,Volta
